Year,Incident Name,Country/Region,Sector,Attack Type,Attacker / Group,Verified Impact Summary,Source / Verification URL,Verification Status,URL1,URL2,URL3,URL4
2010,"""Here You Have"" zero-day worm at Salt River Project",USA (Arizona),Energy & Power Grid,Malware (zero-day mass-mailing worm),Unknown (FBI investigated),Worm bypassed all signature-based AV and infected ~500 PCs at a major public power utility. No physical service disruption.,Computerworld New Zealand,✅ Confirmed infection; no grid outage,https://en.wikipedia.org/wiki/Here_you_have,https://www.scworld.com/perspective/apts-in-critical-infrastructure-organizations,https://www.csoonline.com/news/page/307/,
2010,Smart Grid Worm,USA,Energy & Power Grid,Vulnerability Demonstration,IOActive (Researchers),Demonstrated that Smart Meters could be infected via mesh networks to remotely shut down power.,CNET,✅ Verified Proof of Concept,https://www.pcworld.com/article/528040/article-6429.html,,,
2010,Stuxnet / Siemens ICS Targeting,Iran,Energy & Power Grid,"Malware (zero-day, removable media, ICS sabotage)",Stuxnet worm / state-sponsored attribution not officially confirmed in the cited advisory,"Targeted Siemens WinCC / STEP 7 industrial control environments and Siemens PLCs (S7-300/400). Manipulated ICS logic and is widely associated with physical damage to centrifuges at the Natanz nuclear facility. The incident exposed an engineering-trust-chain weakness, with propagation through removable media and project-file paths into the control environment. It is a design-level / architectural CPS security failure rather than simple misuse.",ICS-CERT ICSA-10-272-01 / Official source: ICS-CERT | New York Times / Symantec | Wikipedia — StuxnetIEEE SpectrumCSO Online | New York Times,✅ Confirmed,https://isis-online.org/uploads/isis-reports/documents/stuxnet_FEP_22Dec2010.pdf,https://www.fbiic.gov/public/2010/sep/ICSA__Primary_Stuxnet_Indicators.pdf,https://www.nytimes.com/2012/06/01/world/middleeast/obama-ordered-wave-of-cyberattacks-against-iran.html,
2010,Suspected brute-force attack on Lower Colorado River Authority (LCRA),USA (Texas),Energy & Power Grid,Brute-force login attempts,Unknown (IP attributed to China),"A single IP attempted 4,800 logins. ERCOT classified it as a suspected sabotage event, FBI notified. No grid impact.",SecLists (funsec),⚠️ Confirmed attempts; investigation inconclusive,https://www.cyber.go.jp/pdf/policy/inquiry/ken_honbun.pdf,,,
2010,U.S. electric grid infiltrated by foreign spies,USA,Energy & Power Grid,Espionage / network intrusion,Foreign intelligence (widely suspected Russia or China),"Government audits confirmed malicious software had been planted in grid systems, giving potential ability to disrupt service.",Victoria Advocate / AP,✅ Confirmed by government; exact extent not publicly detailed,https://www.sfgate.com/business/article/Ex-official-Spies-have-hacked-electric-grid-3165230.php,,,
2011,Chinese Gas Pipeline Intrusion Campaign,"United States, oil and natural gas pipeline sector",Energy & Power Grid,Spear-phishing and network intrusion campaign,Chinese state-sponsored actors according to CISA/FBI,"Campaign began in December 2011 and targeted U.S. oil and natural gas pipeline organizations. It focused on intrusion, access, and reconnaissance rather than publicly confirmed physical disruption.",CISA Alert AA21-201A | CS Monitor / ICS-CERT,✅ CONFIRMED intrusion campaign; no publicly confirmed physical disruption,https://www.cisa.gov/news-events/cybersecurity-advisories/aa21-201a,,,
2011,Duqu,Global,Energy & Power Grid,Cyber-Espionage / Recon,Linked to Stuxnet creators,Designed to gather intelligence on industrial control systems (ICS) to prepare for future attacks.,Symantec Response,✅ Confirmed malware discovery,https://www.crysys.hu/publications/files/BencsathPBF12eurosec.pdf,,,
2011,Energy Sector DDoS & Extortion Campaigns,Global,Energy & Power Grid,DDoS / network extortion,Various (criminal groups),"McAfee/CSIS report: 80% of critical infrastructure operators experienced large-scale DDoS, 25% were extorted. Energy suppliers specifically ""pummelled.""",ITNews,⚠️ Pending review — Survey-based; no specific physical impact detailed,https://www.itpro.com/632956/infosec-2011-energy-firms-pummelled-by-ddos-attacks,https://www.helpnetsecurity.com/2011/04/20/dramatic-increase-in-cyberattacks-on-critical-infrastructure/,,
2011,NextEra Energy Wind Turbine Hack (alleged),USA (New Mexico),Energy & Power Grid,Unauthorized access (insider/revenge),"""Bgr R"" (disgruntled former employee)",Ex-employee posted screenshots claiming access to a 136-turbine wind farm's SCADA. NextEra stated no successful attack occurred.,ITNews,⚠️ Unverified; company denies successful breach,https://www.itnews.com.au/news/scada-hacker-puts-the-wind-up-former-bosses-254948,,,
2011,Night Dragon Campaign (disclosed/continued activity),"Global, oil, gas, energy, and petrochemical companies",Energy & Power Grid,"Cyber-espionage; SQL injection, spear-phishing, VPN compromise, RAT malware, credential theft",Unidentified; researchers assessed activity as China-based,"Publicly disclosed in 2011 after activity that began earlier. The campaign targeted oil, energy, and petrochemical firms for proprietary operational and business information. No physical process disruption was publicly verified.",McAfee / MITRE ATT&CK | CISA / ICS-CERT AdvisoryMITRE ATT&CK C0002 | McAfee / Reuters | McAfee Whitepaper | BBC News | Confirmed cyber-espionage campaign; CPS relevance: indirect/ICS-adjacent; no confirmed physical impact; attribution not officially confirmed,✅ CONFIRMED cyber-espionage campaign; indirect CPS relevance; no confirmed physical impact,https://attack.mitre.org/campaigns/C0002/,https://www.wired.com/2011/10/son-of-stuxnet-in-the-wild/,,
2011,Nitro Attacks,Global,Energy & Power Grid,Targeted Espionage,Likely China-linked,Targeted 48 companies in chemical/energy sectors to steal proprietary manufacturing processes.,Symantec Report,✅ Confirmed by threat intel,https://www.huffpost.com/entry/nitro-attacks-china-hacker-chemical-firms-symantec_n_1067978,,,
2011,Oak Ridge Lab Breach,USA,Energy & Power Grid,APT / Data Breach,Undisclosed Nation-State,Massive data breach at a key US nuclear research facility via highly targeted emails.,Threatpost / DOJ,✅ Confirmed by Dept. of Energy,https://www.darkreading.com/cyberattacks-data-breaches/attack-on-pacific-northwest-national-lab-started-at-public-web-servers,,,
2011,PNNL Lab Breach,USA,Energy & Power Grid,APT / Data Breach,Undisclosed Nation-State,US Dept. of Energy lab forced to shut down internal networks due to spear-phishing attack.,Dark Reading,✅ Confirmed by Dept. of Energy,https://www.darkreading.com/cyberattacks-data-breaches/attack-on-pacific-northwest-national-lab-started-at-public-web-servers,,,
2012,50Hertz DDoS,Germany,Energy & Power Grid,Distributed Denial-of-Service,Unknown,"DDoS attack targeted German grid operator 50Hertz, rendering internet communications temporarily unusable. Power supply not affected.",SANS NewsBites,✅ Confirmed DDoS; no supply impact,https://www.renewableenergyworld.com/hydro-power/dams-civil-structures/europes-power-grid-hit-with-denial-of-service-cyber-attack/,,,
2012,Flame (Skywiper),Middle East,Energy & Power Grid,Sophisticated Espionage,Nation-state,"Massive data vacuum designed to map energy infrastructure, record audio, and sniff traffic.",Wired | ABC News,✅ Confirmed Malware Discovery,https://www.wired.com/2012/05/flame/,,,
2012,ICS-CERT USB Malware – Engineering Workstations,USA,Energy & Power Grid,Malware via USB (sophisticated),Unknown (employee's USB drive),Sophisticated malware discovered on two engineering workstations in a power generation facility after an employee's USB triggered AV alerts. No physical impact.,CSO Online,✅ Confirmed by ICS-CERT; no operational impact,https://www.powermag.com/dhs-usb-drives-spread-malware-in-control-system-environment-at-two-power-plants/,,,
2012,ICS-CERT USB Malware – Turbine Control System,USA,Energy & Power Grid,Malware via USB (crimeware),Unknown (third-party technician's infected drive),"Malware infected ~10 computers on a turbine control system at a power plant, causing a 3-week delay in restart after a scheduled outage.",BBC News / ICS-CERT,✅ Confirmed by ICS-CERT; operational downtime documented,https://arstechnica.com/information-technology/2013/01/two-us-power-plants-infected-with-malware-spread-via-usb-drive/,,,
2012,Iranian Oil Ministry / Kharg Island Wiper Attack,Iran,Energy & Power Grid,Destructive malware / suspected wiper attack against oil-sector systems,Unknown,Iran's Oil Ministry and National Iranian Oil Company systems were attacked. Iran disconnected the Kharg Island oil export terminal from the internet as a precaution. Reports indicated the terminal remained operational.,Reuters,✅ CONFIRMED oil-sector cyberattack; possible ICS/control-system relevance; no confirmed physical damage,https://www.reuters.com/article/world/suspected-cyber-attack-hits-iran-oil-industry-idUSBRE83M0YX/,,,
2012,RasGas Virus Attack,Qatar,Energy & Power Grid,Destructive malware / virus on office network,Not officially confirmed,"RasGas said its office computers were affected by an unknown virus. Public reporting confirmed disruption to office systems, but did not clearly verify direct OT or production impact.",Reuters | Wired | BBC News,⚠️ Not officially confirmed,https://www.reuters.com/article/technology/cyber-attacks-on-gulf-infrastructure-seen-rising-idUSBRE8B9119/,https://www.wired.com/2012/08/hack-attack-strikes-rasgas/,,
2012,Saudi Aramco / Shamoon,Saudi Arabia,Energy & Power Grid,Destructive wiper malware,"Shamoon operators; later public attribution often points to Iran-linked actors, but not officially confirmed by Aramco in the cited reporting","Saudi Aramco said the August 2012 cyberattack damaged about 30,000 computers and was aimed at stopping oil and gas production. The company also said production systems were not affected.",Reuters / Saudi Aramco Reporting (Reuters) | CFR Cyber Operations | MITRE ATT&CK — ShamoonINL / OSTI — ICS Incident History | Reuters | New York Times Bits Blog,⚠️ Not officially confirmed,https://www.reuters.com/article/business/energy/saudi-arabia-says-cyber-attack-aimed-to-disrupt-oil-gas-flow-idUSL5E8N91UE/,https://www.cfr.org/cyber-operations/compromise-of-saudi-aramco-and-rasgas,,
2012,Telvent OASyS SCADA Vendor Breach,Canada / Global energy customers,Energy & Power Grid,Supply-chain/vendor compromise; SCADA project-file theft,"Unknown; public suspicion pointed to China-based actors, not officially confirmed","Telvent, supplier of OASyS SCADA software used in smart-grid, oil, gas, and water environments, reported malware installation and theft of SCADA project files. Remote customer-support links were disconnected as a precaution.",KrebsOnSecurity | KrebsonSecurity | Computerworld,✅ CONFIRMED SCADA vendor breach; high but indirect CPS/supply-chain relevance; no confirmed physical impact,https://krebsonsecurity.com/2012/09/chinese-hackers-blamed-for-intrusion-at-energy-industry-giant-telvent/,,,
2013,Bowman Avenue Dam,USA,Energy & Power Grid,Remote SCADA Access,Iranian Hackers,Unauthorized access to the SCADA system of a small New York dam; floodgates were offline.,US Dept of Justice,✅ Officially Confirmed (Indicted),https://arstechnica.com/information-technology/2016/03/dam-you-justice-dept-to-indict-iranians-for-probing-flood-control-network/,https://www.justice.gov/archives/opa/pr/seven-iranians-working-islamic-revolutionary-guard-corps-affiliated-entities-charged,,
2013,Brute-force attacks on gas compressor stations,USA (Midwest and Plains),Energy & Power Grid,Brute-force login attempts,Unknown (cybercriminals),ICS-CERT reported a wave of brute-force attempts against natural gas compressor station operators in Feb-March 2013. No breaches successful.,We Live Security / ESET,✅ Confirmed attempts; no actual compromise,https://www.welivesecurity.com/2013/07/02/gas-companies-in-u-s-face-wave-of-brute-force-cyber-attacks/,,,
2013,DarkSeoul,South Korea,Energy & Power Grid,Destructive Wiper / DDoS,"""Whois"" Team (N. Korea)","Wiped hard drives of banks/media, impacting infrastructure supporting energy logistics.",New York Times,✅ Officially Confirmed,https://arstechnica.com/tech-policy/2013/03/networks-of-south-korean-banks-broadcasters-hit-in-cyber-attack/,https://thediplomat.com/2013/03/south-korea-hit-by-cyber-attack-north-korea-to-blame/,,
2013,Havex,"EU, US",Energy & Power Grid,Spearphishing,Dragonfly/Energetic Bear group,"Havex, an ICS-focused Remote Access Trojan used by the Dragonfly/Energetic Bear group, exemplified a shift to broad espionage in industrial networks. It infiltrated targets via trojanized software updates and phishing emails, then scanned ICS protocols (OPC) to gather system data. Havex was less about immediate destruction and more about widespread access and data collection, indicating adversaries expanding their foothold in critical systems with moderate sophistication. This 2013 campaign showed how attackers began leveraging supply chain attacks and vendor software compromises to reach industrial control environments at scale.",MITRE ATT&CK / Symantec | Symantec/Broadcom | MITRE ATT&CK — Dragonfly (G0035)Symantec Threat Report | Symantec Report,✅ CONFIRMED ICS-focused espionage; high CPS relevance; no confirmed physical damage,https://www.mdpi.com/2076-3417/15/17/9233,https://www.mdpi.com/2076-3417/15/17/9233#:~:text=Represented%20a%20successful%2C%20publicly%20documented,https://attack.mitre.org/software/S0093/,https://www.security.com/threat-intelligence/dragonfly-energy-companies-sabotage
2013,Iranian-attributed attacks on US energy firms,USA,Energy & Power Grid,Cyber-espionage / potential sabotage,Believed to be Iranian state actors,Hackers accessed control-system software that could allow manipulation of oil and gas pipelines. Campaign assessed as sabotage-oriented.,The Hacker News,✅ Confirmed intrusions; exact operational impact not publicly detailed,https://www.salon.com/2013/05/24/iran_hackers_aiming_at_u_s_energy_firms/,,,
2013,Metcalf Transmission Substation Attack,"USA, California",Energy & Power Grid,Physical sabotage against electric transmission infrastructure,Unknown attackers; FBI did not classify it as terrorism,"Attackers cut fiber-optic communication lines and fired rifle shots at PG&E's Metcalf substation, damaging transformers and causing major repair costs. No customers lost power, but the event exposed physical grid vulnerability.",Utility Dive / WSJ summary | NPR / WSJ,✅ CONFIRMED physical grid attack; direct CPS relevance; no cyber component confirmed,https://www.utilitydive.com/news/fbi-attack-on-pge-substation-was-not-terrorism/308328/,,,
2013,Spear-phishing campaign against energy firms,USA,Energy & Power Grid,Spear-phishing (targeted emails),Unknown,Attackers crafted emails using publicly available info and targeted 11 energy companies in Oct 2013. No known intrusions succeeded.,SecurityWeek,✅ Confirmed campaign; no known infections,https://www.welivesecurity.com/2013/09/30/one-click-then-boom-spear-phishing-could-black-out-energy-companies-expert-warns/,,,
2014,BlackEnergy 3 Recon,Ukraine,Energy & Power Grid,ICS-Targeted Malware,Sandworm Team,Deployed across Ukrainian energy utilities as a sleeper agent to harvest credentials.,CISA / NJCCIC,✅ Confirmed Malware Discovery,https://www.cisa.gov/news-events/ics-alerts/ics-alert-14-281-01,,,
2014,BlackEnergy ICS / HMI Campaign,USA and other ICS environments,Energy & Power Grid,Malware targeting internet-connected industrial control system HMIs,Sandworm/Russian-linked actors commonly associated with later BlackEnergy activity; attribution varies by compromise,"ICS-CERT reported a sophisticated BlackEnergy malware campaign compromising ICS environments and targeting HMI software such as GE Cimplicity, Advantech/Broadwin WebAccess, and Siemens WinCC. No confirmed 2014 physical disruption was reported.",CISA ICS-ALERT-14-281-01E | DHS via SEJ; Infosecurity Magazine,✅ CONFIRMED ICS malware campaign; high CPS relevance; no confirmed 2014 physical impact,https://www.cisa.gov/news-events/ics-alerts/ics-alert-14-281-01e,,,
2014,Dragonfly,"EU, US",Energy & Power Grid,Spearphishing/malware,Russia's FSB,"The Dragonfly group (also known as Energetic Bear) conducted a campaign in 2014 targeting Western and European energy companies via infected ICS software and phishing. Using Havex/Oldrea malware, they gained initial access through vendor websites and emails, then maintained presence with stolen credentials and backdoors. This attack furthered the trend of supply-chain and watering-hole tactics in ICS intrusions. While not causing physical damage, Dragonfly's operations were highly automated in discovery and data theft and showed improved operational security, indicating a maturing threat. This attack highlighted the fact that well-resourced adversaries (later identified with Russia's FSB) were systematically mapping and penetrating critical energy infrastructure, foreshadowing more destructive attacks to come.",MDPI,⚠️ Pending review,https://www.mdpi.com/2076-3417/15/17/9233,https://www.mdpi.com/2076-3417/15/17/9233#:~:text=Represented%20a%20successful%2C%20publicly%20documented,,
2014,Korea Hydro & Nuclear Power Hack,South Korea,Energy & Power Grid,"Cyber intrusion, data leak, and extortion threat against nuclear-power operator",Later attributed by South Korean prosecutors to North Korea-linked Kimsuky; initial attribution uncertain,KHNP was hacked and sensitive documents were leaked. Officials said nuclear plant control systems were not compromised and reactor safety was not affected. The incident triggered national infrastructure security inspections and cyberattack drills.,38 North | Reuters | BBC News; Reuters,✅ CONFIRMED nuclear-sector cyber incident; indirect CPS relevance; no confirmed control-system compromise,https://www.38north.org/2024/03/revisiting-the-2014-korea-hydro-and-nuclear-power-hack-lessons-learned-for-south-korean-cybersecurity/,,,
2014,Operation Cleaver,worldwide,Energy & Power Grid,Adversary-in-the-Middle (ARP Cache Poisoning),attributed to Iranian actors,"Operation Cleaver was a large-scale covert campaign (attributed to Iranian actors) targeting critical infrastructure worldwide. Active around 2014, the attackers focused on stealthy network intrusion and data exfiltration rather than immediate damage. They developed custom malware and tools for functions such as ARP cache poisoning, credential theft, and backdoors, displaying an evolving sophistication in persistent espionage. Cleaver's global targeting of energy, transportation, and other sectors underscored an expansion of nation-state interest in ICS/SCADA environments, with emphasis on long-term access and potential pre-positioning for future disruption.",CFR Cyber Operations | Reuters / Cylance,✅ CONFIRMED reported campaign; weaker CPS/energy relevance; no confirmed physical impact,https://www.mdpi.com/2076-3417/15/17/9233,https://www.mdpi.com/2076-3417/15/17/9233#:~:text=Represented%20a%20successful%2C%20publicly%20documented,https://www.cfr.org/cyber-operations/operation-cleaver,
2014,Sandworm OLE Exploit,Ukraine / Global,Energy & Power Grid,Zero-Day Exploitation,Sandworm Team,Exploited Windows OLE vulnerability to target Ukrainian government and energy stakeholders.,Mandiant,✅ Officially Confirmed,https://www.wired.com/2014/10/russian-sandworm-hack-isight/,,,
2014,US Public Utility Brute-Force Compromise,USA,Energy & Power Grid,Brute-force attack / unauthorized access,Unknown,ICS-CERT reported a public utility's control system compromised after attackers exploited weak password security. No physical damage.,InfoWorld,✅ Confirmed intrusion; no physical impact,https://www.welivesecurity.com/2013/07/02/gas-companies-in-u-s-face-wave-of-brute-force-cyber-attacks/,,,
2015,Dragonfly 2.0 / Resurgent Energy-Sector Campaign,"Europe and North America including U.S., Turkey, Switzerland",Energy & Power Grid,"Energy-sector cyber-espionage and pre-positioning; spear-phishing, watering holes, credential theft",Dragonfly / Energetic Bear / Russian-linked APT activity,A renewed Dragonfly campaign targeted Western energy companies and appeared interested in understanding facility operations and gaining access to operational systems. No confirmed 2015 physical outage or equipment damage was reported.,Symantec/Broadcom | DHS / Symantec | Symantec / CrowdStrike | Symantec / Post-Gazette | US-CERT Alert TA18-074A (via SecLists); TechCrunch,✅ CONFIRMED energy-sector intrusion campaign; high CPS relevance as pre-positioning; no confirmed physical impact,https://www.security.com/threat-intelligence/dragonfly-energy-sector-cyber-attacks,,,
2015,Irongate Discovery,Global,Energy & Power Grid,ICS Sabotage (MitM),Unknown,"Stuxnet-like malware targeting Siemens simulations; recorded and replayed ""normal"" process data.",FireEye,✅ Verified Malware Analysis,https://cloud.google.com/blog/topics/threat-intelligence/irongate-ics-malware,https://www.helpnetsecurity.com/2016/06/03/ics-focused-irongate-malware/,,
2015,KillDisk Malware Against Ukrainian Media & Energy,Ukraine,Energy & Power Grid,Malware (KillDisk) – data destruction / system sabotage,Sandworm (same actor as the BlackEnergy outage),A destructive KillDisk variant deployed against Ukrainian news media destroyed large numbers of files. The malware also contained ICS-specific code to terminate and overwrite critical processes—a precursor to the December grid attack.,ESET,✅ Confirmed data destruction; ICS-sabotage capability observed,https://www.wired.com/2016/01/everything-we-know-about-ukraines-power-plant-hack/,https://www.eset.com/afr/about/newsroom/press-releases-afr/research/eset-finds-connection-between-cyber-espionage-and-electricity-outage-in-ukraine00/,,
2015,Trojan.Laziok Reconnaissance Campaign,"Middle East, US, UK, India",Energy & Power Grid,Malware (Trojan.Laziok) – reconnaissance and data theft,Unknown (suspected nation-state),"Multi-stage malware campaign targeting energy companies—petroleum, gas, helium. Trojan was delivered via spam with malicious Excel attachments exploiting a known Office vulnerability.",ExtremeTech,✅ Confirmed data theft; staging for further malware deployment,https://www.pcworld.com/article/426703/new-malware-program-used-in-attacks-against-energy-sector-companies.html,https://arstechnica.com/information-technology/2015/03/energy-companies-around-the-world-infected-by-newly-discovered-malware/,,
2015,Ukraine Power Grid Outage,Ukraine,Energy & Power Grid,"Phishing, BlackEnergy malware, SCADA compromise",BlackEnergy-linked operators,"Attackers compromised regional electric distribution operators and gained access to SCADA environments and substation breakers. The incident caused a power outage affecting approximately 225,000 customers. The attack is a strong example of multi-stage CPS compromise enabled by poor IT/OT segmentation and weak separation between enterprise and operational networks.","CISA / US-CERT: Cyber-Attack Against Ukrainian Critical Infrastructure / Official source: CISA, US-CERT | CISA IR-ALERT-H-16-056-01 | CISA Alert IR-ALERT-H-16-056-01Wikipedia — 2015 Ukraine hack | CISA / ICS-CERT | CISA Alert IR-ALERT-H-16-056-01; BBC News",✅ Confirmed,https://nsarchive.gwu.edu/sites/default/files/documents/3891751/SANS-and-Electricity-Information-Sharing-and.pdf,https://www.cisa.gov/news-events/ics-alerts/ir-alert-h-16-056-01,,
2016,Gundremmingen Nuclear Plant Malware Infection,Germany (Bavaria),Energy & Power Grid,"Malware via USB drives (Conficker, Ramnit)",Unknown (no evidence of targeted attack),Conficker and Ramnit found on a computer with data-visualisation software and 18 removable drives. Plant was air-gapped; no operational impact. IAEA Director cited the incident as evidence of growing cyber threats to nuclear facilities.,The Telegraph; SecurityWeek,✅ Confirmed infection; no operational impact,https://www.bbc.com/news/technology-36158606,"https://www.bbc.com/news/technology-36158606#:~:text=Computer%20viruses%20have%20infected%20PCs%20used%20at,a%20system%20used%20to%20model%20the%20movement",,
2016,Israel Electricity Authority Ransomware Incident,Israel,Energy & Power Grid,Phishing/ransomware against electricity regulator computers,Unknown,"Initial media reports described a major power-grid attack, but later clarification indicated the incident affected the Electricity Authority/regulator, not the electrical grid itself.",CFR Cyber Week Review | Tech Monitor | SecurityWeek; Sky News,⚠️ REMOVED / DISPUTED as confirmed CPS grid attack; energy-sector IT/regulator incident only,https://www.cfr.org/blog/cyber-week-review-january-29-2016,,,
2016,Mirai Grid Impact,USA,Energy & Power Grid,IoT DDoS,Paras Jha et al.,"Massive DDoS attack took down DNS services, impacting cloud-based monitoring for smart grids.",CISA Alert,✅ Officially Confirmed,https://www.cisa.gov/news-events/alerts/2016/10/14/heightened-ddos-threat-posed-mirai-and-other-botnets,"https://www.cisa.gov/news-events/alerts/2016/10/14/heightened-ddos-threat-posed-mirai-and-other-botnets#:~:text=An%20IoT%20botnet%20powered%20by%20Mirai%20malware,scans%20the%20Internet%20for%20vulnerable%20IoT%20devices",,
2016,Operation Electric Powder,Israel,Energy & Power Grid,Social Engineering,Likely Nation-State,Targeted Israel Electric Company employees using fake Facebook profiles and malicious apps.,ClearSky Security,✅ Verified by Researchers,https://www.clearskysec.com/iec/,"https://www.clearskysec.com/iec/#:~:text=Various%20artifacts%20indicate%20that%20the%20main%20target,campaign%20is%20IEC%20%E2%80%93%20Israel%20Electric%20Company",,
2016,SFG (Furtim),Europe,Energy & Power Grid,Targeted ICS Dropper,Eastern Europe (State),"Evasive malware dropper found in a European energy firm, designed to map industrial networks.",SentinelOne | Global Security Mag,✅ Verified Malware Discovery,https://www.securityweek.com/furtims-parent-state-sponsored-malware-targets-energy-sector/,"https://www.securityweek.com/furtims-parent-state-sponsored-malware-targets-energy-sector/#:~:text=Endpoint%20security%20firm%20SentinelOne%20has%20found%20and,of%20the%20Furtim%20malware%20discovered%20in%20May",https://www.sentinelone.com/blog/sfg-furtims-parent/,"https://www.sentinelone.com/blog/sfg-furtims-parent/#:~:text=The%20Labs%20team%20at%20SentinelOne%20recently%20discovered,specifically%20targeting%20at%20least%20one%20energy%20company"
2016,Shamoon 2 / Disttrack Wiper Return,Saudi Arabia,Energy & Power Grid,Destructive wiper malware against Saudi organizations; network propagation using stolen credentials,Unknown; often discussed as Iran-linked but not officially confirmed,"Shamoon/Disttrack reappeared in November 2016 and targeted at least one Saudi organization. The malware was destructive, wiping files and rendering systems unusable. Direct energy/OT impact was not clearly proven in public reporting.",Palo Alto Unit 42 | Reuters,✅ CONFIRMED destructive malware campaign; indirect CPS relevance unless victim/OT impact is confirmed,https://unit42.paloaltonetworks.com/unit42-shamoon-2-return-disttrack-wiper/,,,
2016,Suspected Cyber-caused Iranian Oil-Industry Fires,Iran,Energy & Power Grid,Suspected cyber-attack on ICS (method unproven),Under investigation (nation-state suspected),"String of fires and explosions at the Bouali petrochemical plant, Marun pipeline, and other facilities. Iran's Supreme National Cyberspace Council investigated possible cyber-sabotage. No conclusive evidence published.",Security Affairs; Time,✅ Under investigation; cyber cause not confirmed,https://securityaffairs.com/52484/hacking/aslr-bypass-method.html,,,
2016,Ukraine Transmission / CrashOverride,Ukraine,Energy & Power Grid,ICS-native malware targeting electric transmission protocols,CrashOverride / Industroyer malware operators,"Purpose-built ICS malware targeted electric transmission infrastructure and demonstrated the ability to disrupt grid operations using native industrial protocols. The main issue was trust in protocol/control paths rather than ordinary IT misuse. This makes it a design/architectural CPS weakness, showing how protocol-level trust can be abused to achieve physical disruption.",CISA: CrashOverride Malware / Official source: CISA | Reuters / CISA / ESET | ESET — Industroyer AnalysisMITRE ATT&CK — Industroyer | ESET / Dragos | Dark Reading; Wikipedia – Industroyer,✅ Confirmed,https://www.cisa.gov/news-events/cybersecurity-advisories/aa22-110a,https://www.cisa.gov/news-events/cybersecurity-advisories/aa22-011a,https://web-assets.esetstatic.com/wls/2017/06/Win32_Industroyer.pdf,
2016,Widespread Istanbul Electricity Cuts (Cyber-attack claim),Turkey,Energy & Power Grid,Unknown (Energy Ministry claimed cyber-attacks targeted transmission systems),Unknown,"Severe weather damaged lines, causing widespread outages in Istanbul. Energy Ministry claimed ""many infiltration attempts"" against transmission control systems were detected, framing the incident as potential cyber-sabotage.",Hürriyet Daily News,⚠️ Claimed but unconfirmed; weather-related damage cited as primary cause,https://www.hurriyetdailynews.com/major-cyber-attack-on-turkish-energy-ministry-claimed-107981,,,
2017,"Check Point ""Get Rich or Die Trying"" Phishing Campaign","Global (4,000+ companies)",Energy & Power Grid,"Spear-phishing, Business Email Compromise, RAT deployment",Lone Nigerian national,"Criminal masqueraded as Saudi Aramco to target financial staff at oil & gas, mining, and construction firms, infecting at least 14 organizations with NetWire RAT and Hawkeye keyloggers.",Check Point,"✅ Confirmed fraud; 14 successful infections, no physical impact",https://www.checkpoint.com/press-releases/get-rich-die-trying-check-point-researchers-uncover-international-cyber-attack-campaign-2/,"https://www.checkpoint.com/press-releases/get-rich-die-trying-check-point-researchers-uncover-international-cyber-attack-campaign-2/#:~:text=San%20Carlos%2C%20CA%20%E2%80%94%20Tue%2C,and%20Hawkeye%2C%20a%20keylogging%20program",,
2017,North Korean Spear-Phishing Against US Electric Firms,USA,Energy & Power Grid,Spear-phishing (reconnaissance),Suspected North Korean state-sponsored,FireEye detected a reconnaissance spear-phishing campaign against US electric companies in late 2017. No evidence of ICS compromise or disruption.,SecurityWeek,✅ Confirmed phishing; no operational impact,https://www.cnbc.com/2017/10/11/north-korean-hackers-target-us-electric-companies-with-malicious-emails.html,"https://www.cnbc.com/2017/10/11/north-korean-hackers-target-us-electric-companies-with-malicious-emails.html#:~:text=North%20Korean%20hackers%20used%20fake%20emails%20to,companies%2C%20according%20to%20a%20report%20released%20Tuesday",,
2017,NotPetya / Petya Impact on Rosneft,Russia / global; oil and gas sector,Energy & Power Grid,Wiper malware masquerading as ransomware,Broader NotPetya campaign later attributed by U.S. and allies to Russian military actors,Rosneft reported that servers were hit during the NotPetya outbreak. The company moved to reserve production-processing systems and said oil production and refining were not stopped.,Reuters | US DOJ | Xinhua,✅ CONFIRMED oil-sector IT disruption; indirect CPS relevance; no confirmed production stoppage,https://www.reuters.com/article/technology/russias-rosneft-says-hit-by-cyber-attack-oil-production-unaffected-idUSKBN19I1N8/,,,
2017,Shamoon 2 / Sadara Chemical Company Attack,Saudi Arabia,Energy & Power Grid,Destructive wiper malware against energy/petrochemical-sector corporate networks,Unknown; often discussed as Iran-linked but not officially confirmed,"Sadara Chemical Company, a Saudi Aramco–Dow joint venture, shut down its computer network after a Shamoon 2 attack. Public reporting stated operations were unaffected.",Idaho National Laboratory CyOTE,✅ CONFIRMED destructive energy-sector cyber incident; indirect IT-to-OT risk; no confirmed process-control impact,https://cyote.inl.gov/content/uploads/24/2025/12/CyOTE-Case-Study_Shamoon.pdf,,,
2017,Sinopec Shengli Oilfield Ransomware,China,Energy & Power Grid,Ransomware,Unknown,Ransomware infected 21 internet-connected terminals; the company cut internet for unprotected offices. No production impact.,Reuters,✅ Confirmed infection; no physical impact,https://www.scmp.com/news/china/society/article/2094291/chinese-police-and-petrol-stations-hit-ransomware-attack,,,
2017,TRITON / TRISIS,Saudi Arabia,Energy & Power Grid,Malware targeting Safety Instrumented Systems (SIS),TRITON / TRISIS operators,"Malware targeted Schneider Electric Triconex Safety Instrumented Systems in a petrochemical environment. The incident created the potential for manipulation of safety systems, unsafe shutdown conditions, equipment damage, and possible loss of life. The core enabling factor was compromise of the trusted SIS engineering/programming path, making this a design-level security failure with direct safety implications.","CISA advisory + FBI/CISA 2022 alert / Official source: CISA, DOJ | FBI / CISA / IC3 advisory | MIT Technology ReviewMITRE ATT&CK — TRITON | CISA / MITRE | FireEye / MITRE",✅ Confirmed,https://www.cisa.gov/sites/default/files/documents/MAR-17-352-01%20HatMan%E2%80%94Safety%20System%20Targeted%20Malware_S508C.pdf,https://www.ic3.gov/CSA/2022/220325-2.pdf,https://www.cisa.gov/news-events/alerts/2022/03/24/tactics-techniques-and-procedures-indicted-state-sponsored-russian-cyber-actors-targeting-energy,
2017,US Nuclear & Energy Facilities Reconnaissance Campaign,"USA (Wolf Creek, multiple plants)",Energy & Power Grid,"Spear-phishing, watering-hole (fake résumés)",Suspected Russian nation-state (APT),"From May 2017, hackers penetrated business/administrative networks of at least 12 nuclear and energy plants. Operational systems not breached; FBI/DHS issued a joint amber alert.",NBC News,"✅ Confirmed intrusions; limited to business networks, no physical impact",https://www.axios.com/2017/12/15/hackers-are-penetrating-us-nuclear-facilities-1513304054,https://www.wired.com/story/russian-hacking-teams-infrastructure/,,
2017,WannaCry Collateral,Global,Energy & Power Grid,Ransomware Worm,Lazarus Group,"Crippled administrative systems globally, forcing industrial operators to disconnect networks.",BBC News,✅ Officially Confirmed,https://www.bbc.com/news/technology-39901382,https://www.cisa.gov/news-events/alerts/2017/05/12/indicators-associated-wannacry-ransomware,,
2018,German Grid (Netz),Germany,Energy & Power Grid,Infrastructure Intrusion,Berserk Bear,Confirmed compromise of network nodes of several German energy and power companies.,BSI / Reuters,✅ Officially Confirmed,https://intelnews.org/2018/06/21/01-2342/,,,
2018,GreyEnergy Campaign,Ukraine and Poland — energy companies and critical infrastructure,Energy & Power Grid,ICS/SCADA-adjacent espionage and reconnaissance; modular malware; credential theft; backdoor access,GreyEnergy; described by ESET as successor/subgroup related to BlackEnergy,"ESET reported GreyEnergy targeted energy companies and other high-value targets in Ukraine and Poland, including SCADA control workstations and mission-critical servers. No ICS-specific destructive modules were observed.",ESET | ESET Research | Security Boulevard / ZDNet; E&E News,✅ CONFIRMED energy-sector espionage/reconnaissance; high CPS relevance; no confirmed physical disruption,https://www.welivesecurity.com/2018/10/17/greyenergy-updated-arsenal-dangerous-threat-actors/,,,
2018,Operation Sharpshooter,Global,Energy & Power Grid,Targeted Espionage,Lazarus Group,Targeted nuclear/energy sectors using fake job lures to drop the Rising Sun implant.,McAfee Labs,✅ Verified Security Research,https://attack.mitre.org/campaigns/C0013/,,,
2018,Rising Sun Malware,Asia / Global,Energy & Power Grid,Data Exfiltration,Lazarus Group,Payload of Sharpshooter designed to harvest data from high-value energy sector individuals.,McAfee Labs,✅ Verified Malware Analysis,https://www.mcafee.com/blogs/other-blogs/mcafee-labs/operation-sharpshooter-targets-global-defense-critical-infrastructure/,,,
2018,Russian Government Cyber Activity Targeting Energy and Critical Infrastructure,"United States — energy, nuclear, water, aviation, and critical manufacturing sectors",Energy & Power Grid,Multi-stage intrusion campaign; spear-phishing; watering-hole attacks; credential theft; ICS reconnaissance,Russian government cyber actors according to DHS/FBI/CISA,"DHS/FBI disclosed a long-running campaign targeting U.S. critical infrastructure, including energy and nuclear organizations, with collection of information related to ICS environments. No physical outage or process disruption was confirmed.",CISA/DHS-FBI TA18-074A,✅ CONFIRMED state-linked critical-infrastructure intrusion; high CPS relevance; no confirmed physical impact,https://www.cisa.gov/news-events/alerts/2018/03/15/russian-government-cyber-activity-targeting-energy-and-other-critical-infrastructure-sectors,,,
2018,Saipem Shamoon-Variant Attack,"Italy, Middle East, India, U.K.",Energy & Power Grid,Wiper malware (Shamoon variant),Not officially confirmed,"Saipem (Italian multinational oilfield services company) said a cyberattack affected servers in Saudi Arabia, the UAE, Kuwait, India, Aberdeen, and parts of Italy. Reuters reported roughly 300–400 servers and up to 100 PCs were hit.",Reuters | Saipem official statement | BBC News,⚠️ Not officially confirmed,https://www.reuters.com/article/business/saipem-servers-suffer-cyber-attack-in-middle-east-idUSKBN1O9274/,https://www.saipem.com/en/media/press-releases/2018-12-12/saipem-update-cyber-attack-suffered,,
2018,US Grid Infiltration,USA,Energy & Power Grid,Credential Theft / LoL,Berserk Bear (Russia),FBI/DHS confirmed Russian hackers had infiltrated control rooms of US electric utilities.,CISA Alert TA18-074A,✅ Officially Confirmed,https://www.cisa.gov/news-events/alerts/2018/03/15/russian-government-cyber-activity-targeting-energy-and-other-critical-infrastructure-sectors,,,
2018,Uttar Haryana Bijli Vitran Nigam (UHBVN) Ransomware,India (Haryana),Energy & Power Grid,Ransomware,Unknown (criminal group),"Ransomware encrypted billing data for thousands of customers; attackers demanded 10 million rupees ($152,000). Power supply not interrupted.",Security Affairs,"✅ Confirmed ransomware; billing disruption, no physical grid impact",https://www.bleepingcomputer.com/news/security/power-company-in-india-hacked-and-billing-data-ransomed-for-10-million-rupees/,"https://www.bleepingcomputer.com/news/security/power-company-in-india-hacked-and-billing-data-ransomed-for-10-million-rupees/#:~:text=Last%20week%20hackers%20gained%20access,consumers%20would%20not%20be%20affected%22",,
2018,VPNFilter Malware Campaign,Global; concern around Ukraine and critical infrastructure,Energy & Power Grid,Router/NAS malware; network infrastructure compromise; traffic interception; destructive capability,FBI and industry reporting associated activity with Russian state-linked actors / Sandworm context,"VPNFilter infected roughly hundreds of thousands of network devices and had traffic interception and destructive capabilities. Relevant to CPS support infrastructure, but not a confirmed energy-grid outage or energy-specific CPS attack.",Cisco Talos,✅ CONFIRMED large-scale network malware; broad CPS/CI support-layer relevance; no confirmed energy physical impact,https://blog.talosintelligence.com/one-year-later-vpnfilter-catastrophe/,,,
2019,City Power Johannesburg Ransomware Attack,South Africa/Johannesburg,Energy & Power Grid,Ransomware Attack,Shadow Kill Hackers,"City Power Johannesburg, the municipal entity responsible for electricity distribution in South Africa's economic hub, was hit by a major ransomware attack. The virus encrypted the utility's entire IT infrastructure, including its databases, applications, and network.",WeLiveSecurity (ESET); Reuters,"✅ Confirmed ransomware; IT systems disrupted, localized blackouts",https://www.dw.com/en/johannesburg-power-company-hit-by-ransomware-attack/a-49741227,https://www.dw.com/en/johannesburg-power-company-hit-by-ransomware-attack/a-49741227#:~:text=The%20virus%20has%20%22encrypted%20all,,
2019,Kudankulam Nuclear,India,Energy & Power Grid,Malware (Dtrack),Lazarus Group,Malware discovered on the administrative network of India's largest nuclear plant.,BBC / The India Forum,✅ Officially Confirmed,https://usiofindia.org/pdf/2021%20Apr-Jun-83-93.pdf,,,
2019,Kudankulam Nuclear Power Plant Malware Infection,India,Energy & Power Grid,Malware infection / cyber intrusion; DTrack malware reported,Widely linked in public reporting to Lazarus/North Korea; official attribution cautious,"NPCIL confirmed malware infection at Kudankulam Nuclear Power Plant. The infected computer was on the administrative network, not the critical plant control system. No reactor safety impact was confirmed.",Arms Control Association,✅ CONFIRMED nuclear-sector cyber incident; indirect CPS relevance; no confirmed control-system compromise,https://www.armscontrol.org/act/2019-12/news/cyberattack-hits-indian-nuclear-plant,,,
2019,LookBack/FlowCloud,USA,Energy & Power Grid,Spear-Phishing / RAT,TA410 (China-linked),Targeted utilities by impersonating engineering licensing boards to steal grid schematics.,Proofpoint,✅ Verified Threat Intel,https://www.proofpoint.com/us/threat-insight/post/lookback-malware-targets-united-states-utilities-sector-phishing-attacks,,,
2019,Norsk Hydro LockerGoga Ransomware Attack,Norway / global operations,Energy & Power Grid,Ransomware causing industrial production disruption and manual fallback,Criminal ransomware actors; LockerGoga operators,"Norsk Hydro was hit by LockerGoga ransomware, affecting several business areas and forcing parts of the company to switch to manual operations. Better classified as manufacturing/industrial CPS, but cross-listed due to energy-intensive and renewable-energy-linked operations.",Norsk Hydro official page | ZDNet,✅ CONFIRMED ransomware with operational disruption; cross-sector manufacturing/industrial CPS,https://www.hydro.com/en/global/media/on-the-agenda/cyber-attack/,,,
2019,sPower / U.S. Renewable Energy Grid Communications Disruption,"USA — California, Utah, Wyoming",Energy & Power Grid,Denial-of-service against firewall infrastructure supporting electric-generation communications,Unknown attacker,"A cyber event caused brief communication outages between sPower's control center and remote renewable-generation sites, exploiting a known Cisco firewall vulnerability. NERC reported no impact on generation.",NERC Lesson Learned | SC Media / DOE | SecurityAffairs; NERC Document | E&E News; ZDNet,✅ CONFIRMED electric-sector cyber disruption; direct grid-operations communications relevance; no generation loss,https://www.nerc.com/globalassets/programs/event-analysis/lessons-learned/20190901_risks_posed_by_firewall_firmware_vulnerabilities.pdf,,,
2019,Telangana & Andhra Pradesh Power Websites Ransomware,India,Energy & Power Grid,Ransomware (website defacement & encryption),Unknown,"Hackers encrypted data on state power utility websites and demanded 6 bitcoins (~$60,000). Power supply unaffected.",The Statesman,"✅ Confirmed; websites encrypted, no impact on power supply",https://timesofindia.indiatimes.com/city/hyderabad/ransomware-hits-t-and-ap-power-dept-websites/articleshow/69152579.cms,,,
2019,Venezuela Power Grid Attack,Venezuela,Energy & Power Grid,Alleged cyber-attack targeting Guri hydroelectric dam,Suspected US-linked actors (not proven),"Nationwide blackout on 7 March 2019, affecting 18 of 23 states. Government claimed cyber and electromagnetic attacks; independent verification absent, often attributed to infrastructure failure.",secrss.com,"⚠️ Alleged; widely disputed, infrastructure failure cited as more likely",https://venezuelanalysis.com/news/14374/,,,
2019,XENOTIME / TRITON Actor Reconnaissance Against U.S. Electric Utilities,USA — electric utilities,Energy & Power Grid,Reconnaissance and potential initial-access activity against electric-grid targets,XENOTIME / TRITON actor; tracked by Dragos,"Dragos and E-ISAC observed XENOTIME reconnaissance against North American electric-grid targets. XENOTIME previously developed TRITON/TRISIS, making this significant despite no confirmed disruption.",Wired / Dragos | Dragos,✅ CONFIRMED targeting/reconnaissance; high CPS threat relevance; no confirmed physical impact,https://www.wired.com/story/triton-hackers-scan-us-power-grid/,,,
2019,ZeroCleare Wiper,Middle East,Energy & Power Grid,Destructive Wiper,APT34 / APT33 (Iran),Overwrote MBRs and disk partitions targeting industrial and energy organizations to paralyze ops.,IBM X-Force,✅ Verified Malware Analysis,https://www.waterisac.org/zerocleare-new-destructive-wiper-malware-targets-energy-sector-middle-east,,,
2020,EDP / Energias de Portugal Ragnar Locker Ransomware Attack,Portugal / multinational energy operations,Energy & Power Grid,Ransomware and data-extortion attack,Ragnar Locker ransomware operators,EDP was hit by Ragnar Locker ransomware. Attackers claimed to have stolen about 10 TB of sensitive files and demanded roughly €10 million / $10.9 million. No verified power-supply disruption was reported.,BleepingComputer | National CSIRT-CY,✅ CONFIRMED energy-sector ransomware incident; indirect CPS relevance; no confirmed grid-operation impact,https://www.bleepingcomputer.com/news/security/ragnarlocker-ransomware-hits-edp-energy-giant-asks-for-10m/,,,
2020,ELEXON Cyberattack,United Kingdom,Energy & Power Grid,Cyberattack on electricity market administration internal IT systems,"Unknown; later reporting associated it with ransomware, but official report did not name an actor",ELEXON reported a sophisticated cyberattack affecting internal IT systems. BSC Central Systems were hosted separately and central billing/dataflow systems continued; some reports were delayed.,ELEXON BSC Panel Report | The Register; Infosecurity Magazine,✅ CONFIRMED electricity-sector IT incident; indirect CPS/grid relevance; central market systems not compromised,https://www.elexon.co.uk/documents/groups/panel/2020-meetings-panel/303-june/bsc-panel-303-01-elexon-report/,,,
2020,Enel Group EKANS (Snake) Ransomware Attack,Italy (Global),Energy & Power Grid,Ransomware (EKANS/Snake),Snake,Internal IT network disrupted; company isolated corporate network to prevent encryption. OT systems and customer data unaffected.,eHackingNews,✅ Confirmed by Enel; quick restoration,https://wiseplant.com/power-company-enel-group-suffers-snake-ransomware-attack/,"https://wiseplant.com/power-company-enel-group-suffers-snake-ransomware-attack/#:~:text=European%20energy%20company%20giant%20Enel%20Group%20suffered,days%20ago%20that%20impacted%20its%20internal%20network",,
2020,ENTSO-E Office Network Intrusion,Europe,Energy & Power Grid,Cyber intrusion into electricity-sector coordination organization's office network,Unknown,ENTSO-E disclosed evidence of a successful cyber intrusion into its office network and stated it was not connected to operational TSO systems.,ENTSO-E official statement,✅ CONFIRMED electricity-sector intrusion; indirect CPS relevance; no operational grid impact confirmed,https://www.entsoe.eu/news/2020/03/09/entso-e-has-recently-found-evidence-of-a-successful-cyber-intrusion-into-its-office-network/,,,
2020,K-Electric Netwalker Ransomware Attack,Pakistan,Energy & Power Grid,Ransomware (Netwalker),Netwalker,Largest private power company in Pakistan hit; online billing services disrupted. 8.5GB of data later leaked.,BleepingComputer,✅ Confirmed; power supply not affected,https://www.bleepingcomputer.com/news/security/hackers-leak-files-stolen-in-pakistans-k-electric-ransomware-attack/,"https://www.bleepingcomputer.com/news/security/hackers-leak-files-stolen-in-pakistans-k-electric-ransomware-attack/#:~:text=Lawrence%20Abrams&text=The%20Netwalker%20ransomware%20operators%20have,a%20ransom%20was%20not%20paid.&text=In%20a%20statement%20to%20BleepingComputer,are%20operational%20and%20fully%20functional.%22",,
2020,Light S.A. Ransomware Attack (REvil/Sodinokibi),Brazil,Energy & Power Grid,Ransomware (REvil/Sodinokibi),REvil,Attackers demanded a $14 million ransom from a major Brazilian electrical energy company. Operations not disrupted.,SecurityWeek,✅ Confirmed by AppGate researchers,https://securityaffairs.com/105477/cyber-crime/sodinokibi-ransomware-light-s-a.html,,,
2020,Mumbai Power Outage (October 12),India (Mumbai),Energy & Power Grid,Alleged cyber attack (Trojan),Unknown (allegations of Chinese involvement),"Massive blackout hit Mumbai, disrupting trains, hospitals, stock exchange. A Maharashtra Cyber Cell report later claimed Trojan horses were found.",The Quint,⚠️ Alleged sabotage; central government cited human error,https://cyote.inl.gov/content/uploads/24/2025/12/CyOTE-Case-Study_Mumbai-2020.pdf,,,
2020,Parisite/Magnallium Targeting US Electric Utilities,USA (North America),Energy & Power Grid,Password spraying / reconnaissance,Iranian state-sponsored (Parisite/Magnallium/APT33),"Two Iranian-linked groups identified targeting US electric utilities and oil & gas firms, exploiting VPN vulnerabilities in a multi-year campaign.","SecurityWeek; Dragos | '%20new%20report%20also%20reveals%20the%20existence,has%20targeted%20utility%2C%20aerospace%2C%20and%20oil%20and",✅ Confirmed by Dragos; no outage occurred,https://www.securityweek.com/more-threat-groups-target-electric-utilities-north-america/,https://www.securityweek.com/more-threat-groups-target-electric-utilities-north-america/#:~:text=Dragos,,
2020,Ryuk Ransomware Hits Multiple Oil & Gas Facilities,USA & Global,Energy & Power Grid,Ransomware (Ryuk),Unknown (cybercriminal group),"Ryuk malware reportedly crippled computers at five oil and gas facilities, forcing some to revert to manual operations.",Dark Reading / ACEC,✅ Confirmed by ICS security experts,https://www.darkreading.com/cyberattacks-data-breaches,,,
2020,Saudi Aramco Data Theft,Saudi Arabia,Energy & Power Grid,Data theft,ZeroX (hacker group),1TB of proprietary data stolen from the oil giant and offered for sale on the dark web. Data included network layouts and employee info.,JPT.SPE.org; ZDNet,⚠️ Confirmed data theft; Aramco denies breach,https://securityaffairs.com/120301/data-breach/saudi-aramco-data-breach.html,,,
2020,SolarWinds / U.S. Department of Energy and NNSA Exposure,USA,Energy & Power Grid,Software supply-chain compromise / cyber-espionage,Broader campaign attributed by U.S. government to Russian foreign-intelligence-linked actors,"As part of SolarWinds, the U.S. Department of Energy confirmed evidence of network access. Reporting indicated malware was isolated to business networks and did not impact national security functions.",Reuters | BBC News | Utility Dive; CPO Magazine,✅ CONFIRMED energy/nuclear-sector supply-chain compromise; indirect CPS relevance; no confirmed operational/safety impact,https://www.reuters.com/business/microsoft-says-it-found-malicious-software-its-systems-2020-12-17/,,,
2020,Suspected Iranian Espionage Campaign (PupyRAT),Europe,Energy & Power Grid,Cyber espionage (PupyRAT),Suspected Iranian state-sponsored (APT33),"Hacking campaign targeting European energy companies for reconnaissance, gathering sensitive information.",ZDNet,✅ Confirmed intrusion; assessed as reconnaissance,https://www.zdnet.com/article/iranian-hackers-have-been-hacking-vpn-servers-to-plant-backdoors-in-companies-around-the-world/,,,
2020,U.S. Natural Gas Compression Facility Ransomware Incident,USA,Energy & Power Grid,Ransomware crossing from IT to OT; loss of availability and partial loss of view in OT,Unknown cybercriminal actor,"CISA reported spear-phishing access to IT, pivot to OT, and commodity ransomware affecting HMIs, data historians, and polling servers. PLCs were not impacted, but the operator performed a controlled shutdown lasting about two days.",CISA AA20-049A | Utility Dive,✅ CONFIRMED OT-impacting energy incident; direct CPS relevance; no PLC compromise or physical damage confirmed,https://www.cisa.gov/news-events/alerts/2020/02/18/ransomware-impacting-pipeline-operations,,,
2021,Colonial Pipeline Ransomware,USA,Energy & Power Grid,Ransomware (DarkSide),DarkSide (RaaS),"5,500-mile pipeline shut down for 6 days. Company paid $4.4M ransom (75 BTC). Fuel shortages across US East Coast. President declared state of emergency. DOJ later recovered 63.7 BTC (~$2.3M). Largest ever cyberattack on US oil infrastructure.",Wikipedia; CISA.gov; DOE.gov; FBI; TechTarget | U.S. DOE | US DOE — Colonial Pipeline IncidentCISA — 2-Year After Action | CHDS Timeline; Queensland Gov,⚠️ Pending Review,https://en.wikipedia.org/wiki/Colonial_Pipeline_ransomware_attack,https://www.energy.gov/ceser/colonial-pipeline-cyber-incident,,
2021,COPEL Ransomware (DarkSide),Brazil,Energy & Power Grid,Ransomware (DarkSide),DarkSide,"DarkSide stole 1,000 GB of data from COPEL. Operations not directly disrupted; the utility disconnected from the national grid as a precaution.",CybelAngel | 's,✅ Confirmed by company reports,https://cybelangel.com/blog/top-3-energy-industry-cyber-attacks-of-2021/,"https://cybelangel.com/blog/top-3-energy-industry-cyber-attacks-of-2021/#:~:text=In%20February%202021%20DarkSide%2C%20the%20same%20ransomware,extracted%201%2C000%20gigs%20of%20data%20from%20COPEL",,
2021,COSMICENERGY OT Malware Discovery,Russia (upload location),Energy & Power Grid,OT/ICS malware,Possibly linked to Russian emergency-response exercises,"New malware capable of interacting with IEC-104 devices (power transmission) uploaded to VirusTotal. No known attacks, but demonstrated OT-specific capability.",Mandiant Blog,"⚠️ Pending review — Discovered, not yet weaponized in the wild",https://cloud.google.com/blog/topics/threat-intelligence/cosmicenergy-ot-malware-russian-response/,,,
2021,CS Energy Attempted Attack (Queensland),Australia,Energy & Power Grid,Ransomware (Conti suspected),Suspected Russian-speaking criminals,Hackers nearly shut down two power stations serving 3M homes; the attack was averted minutes before disruption.,7News; Sky News,"⚠️ Pending review — Reported; no outage occurred, investigations ongoing",https://7news.com.au/news/qld/hackers-targetted-qld-power-stationreport-c-4858121,https://www.skynews.com.au/opinion/it-is-not-all-a-dark-cloud-energy-company-in-queensland-targeted-in-cyber-attack/video/6d02b9fddda51ef5fcfd506098844c51,,
2021,Delta-Montrose Electric (DMEA) Attack,USA (Colorado),Energy & Power Grid,Destructive malware,Unknown,"Cyberattack destroyed 25 years of historical data. Billing, payment, and internal systems offline for over a month. Distribution grid was not directly impacted.",DMEA public statement; SC Media; E-ISAC | KJCT8 | SecLists; ZDNet,⚠️ Pending Review,https://www.kjct8.com/2021/12/02/update-delta-montrose-electric-association-cyber-attack/,,,
2021,Eletrobras / Eletronuclear Ransomware Attack,Brazil,Energy & Power Grid,Ransomware against nuclear-energy operator administrative IT network,Unknown,Eletronuclear was hit by ransomware on its administrative network. Angra 1 and Angra 2 operations were not interrupted because OT was isolated from IT; electricity supply was maintained.,INCIBE-CERT | INCIBE; BleepingComputer,✅ CONFIRMED nuclear-energy cyber incident; indirect CPS relevance; no OT compromise or safety impact,https://www.incibe.es/en/incibe-cert/publications/cybersecurity-highlights/cyberattack-brazilian-nuclear-power-station,,,
2021,Luma Energy DDoS (Puerto Rico),USA (Puerto Rico),Energy & Power Grid,DDoS,Unknown,"DDoS attack generated 2M requests/s, disrupting customer portal and app. A simultaneous substation fire caused blackouts for 800,000, though no link was confirmed.",Piedmont Public Radio,✅ DDoS confirmed; no evidence of connection to fire,https://securityaffairs.com/118930/security/puerto-rico-blackout-dire-ddos.html,,,
2021,Telangana Power Substations Malware,India (Telangana),Energy & Power Grid,Malware,Suspected Chinese hackers,Malware entered 40 substations and attempted command-and-control communication; threat averted before any power disruption.,Telangana Today; Gadgets360,✅ Confirmed; no outage,https://www.businesstoday.in/latest/economy-politics/story/40-telangana-sub-stations-attacked-by-chinese-malware-289899-2021-03-03,,,
2021,Volue Cyberattack,Norway / Europe — energy software and infrastructure technology provider,Energy & Power Grid,Cyberattack against energy-sector software/service provider; business disruption,Unknown; no ransom paid according to Volue,Volue reported a cyberattack affecting some business areas. The company later stated normal operations resumed and emphasized uninterrupted and safe customer operations.,Volue official update | WSJ,✅ CONFIRMED energy-sector supplier cyber incident; indirect supply-chain CPS relevance; no confirmed physical-grid disruption,https://www.volue.com/news/update-cyberattack-volue,,,
2022,Black Reward Hack on Iran's Atomic Energy Agency,Iran,Energy & Power Grid,"Network breach, data leak",Black Reward (hacktivist group),"Hackers breached a subsidiary's email server, obtaining over 50GB of data including details on the Bushehr nuclear plant, staff passports, and visas of Russian specialists.",reuters,"✅ Confirmed; email server breached, sensitive data leaked",https://www.reuters.com/world/middle-east/irans-atomic-energy-organization-says-e-mail-was-hacked-state-media-says-2022-10-23/,,,
2022,BlackCat/ALPHV Ransomware on Italian Energy Agency (GSE) & Creos Luxembourg,"Italy, Luxembourg",Energy & Power Grid,Ransomware (BlackCat/ALPHV),BlackCat/ALPHV Group,BlackCat claimed attacks on Italy's state-owned energy services agency GSE (~700GB stolen) and on Creos Luxembourg. Customer portals disrupted; electricity and gas supply unaffected.,BleepingComputer; Infosecurity Magazine,"✅ Confirmed; IT systems impacted, no physical supply disruption",https://www.bleepingcomputer.com/news/security/blackcat-ransomware-claims-attack-on-european-gas-pipeline/,"https://www.bleepingcomputer.com/news/security/blackcat-ransomware-claims-attack-on-european-gas-pipeline/#:~:text=The%20ALPHV%20ransomware%20gang%2C%20aka,dedicated%20webpage%20for%20the%20cyberattack",https://www.ssls.com/blog/blackcat-ransomware-group-attacks-european-energy-supplier/,"https://www.ssls.com/blog/blackcat-ransomware-group-attacks-european-energy-supplier/#:~:text=Encevo%20Group%2C%20an%20energy%20conglomerate,What%20is%20BlackCat?"
2022,Chinese-Linked Reconnaissance on Indian State Load Despatch Centres,India,Energy & Power Grid,"Spear-phishing, network intrusions (reconnaissance)",TAG-38 (China-linked),Recorded Future reported at least seven State Load Despatch Centres (SLDCs) responsible for real-time grid operations were targeted. Assessed as information gathering.,The Hacker News; SecurityWeek,"✅ Confirmed; intrusions detected, no operational impact reported",https://securityaffairs.com/130010/apt/china-linked-threat-actors-target-indian-power-grid-organizations.html,"https://securityaffairs.com/130010/apt/china-linked-threat-actors-target-indian-power-grid-organizations.html#:~:text=%E2%80%9CGiven%20the%20continued%20targeting%20of,multiple%20China%2Dlinked%20cyberespionage%20campaigns",,
2022,Cold River Phishing on US DOE National Labs,"USA (Argonne, Brookhaven, Livermore)",Energy & Power Grid,Spear-phishing (credential theft),Cold River (Russian-linked),"A Russian-linked hacking team targeted three Department of Energy laboratories with a phishing campaign in summer 2022, attempting to steal credentials. No breaches confirmed.",Reuters; ANS Nuclear Cafe,✅ Confirmed phishing attempts; no known compromise,https://www.jpost.com/international/article-726868,,,
2022,Electricity Company of Ghana (ECG) Ransomware Attack,South Africa,Energy & Power Grid,Ransomeware,internal sabotage by ECG's own ICT staff/LockBit international cybercriminal group,"Hackers reportedly gained control of parts of the ECG server and modified the source code, which complicated recovery efforts. Ten operational regions—including Accra, Kumasi, Tema, and Takoradi—were severely affected, leaving both domestic and commercial customers without power. Vice President Dr. Mahamudu Bawumia alleged that the attack was an act of internal sabotage by ECG's own ICT staff to disrupt digitalization and revenue tracking.",,⚠️ Pending review,https://www.ecg.com.gh/index.php/fr/media-centre/news-events/ecg-lost-nearly-gh-500-million-due-to-ransomware-attack-managing-director-confirms,https://www.ecg.com.gh/index.php/fr/media-centre/news-events/ecg-lost-nearly-gh-500-million-due-to-ransomware-attack-managing-director-confirms#:~:text=News%20&%20Events-,"https://www.ecg.com.gh/index.php/fr/media-centre/news-events/ecg-lost-nearly-gh-500-million-due-to-ransomware-attack-managing-director-confirms#:~:text=News%20&%20Events-,ECG%20lost%20nearly%20GH%C2%A2500%20million%20due%20to%20ransomware,no%20two%20ways%20about%20that",
2022,ENERCON / KA-SAT Spillover,Germany / Central Europe,Energy & Power Grid,Satellite network cyberattack with operational spillover into wind-energy remote management,Official Western attribution later pointed to Russia; immediate company reporting described a cyberattack on KA-SAT,"Viasat confirmed a cyberattack on the KA-SAT network. Reuters reported that about 5,800 ENERCON wind turbines lost remote monitoring/control connectivity because of the satellite outage.",Viasat; Reuters | Viasat,✅ Confirmed,https://www.viasat.com/perspectives/corporate/2022/ka-sat-network-cyber-attack-overview/,https://www.reuters.com/business/energy/satellite-outage-knocks-out-control-enercon-wind-turbines-2022-02-28/,,
2022,EnergyAustralia Customer Data Breach,Australia,Energy & Power Grid,Unauthorized access (MyAccount platform),Unknown,"Attackers accessed the MyAccount online platform, exposing personal information of 323 residential and small business customers. No evidence of data exfiltration.",The Guardian; Security Affairs,"✅ Confirmed; limited customer data exposure, no operational impact",https://www.theguardian.com/australia-news/2022/oct/21/energyaustralia-latest-to-be-hit-by-cyber-attack-as-details-of-hundreds-of-customers-exposed,,,
2022,Eskom Internal Breach and Ransomware,South Africa,Energy & Power Grid,Ransomware Attack,Everest ransomware group,"In 2022, South Africa's state-owned power utility, Eskom, experienced a major cybersecurity incident involving the Everest ransomware group and a significant internal breach of its Online Vending System (OVS). The hackers claimed to have accessed administration servers, databases, backups, and employee access to point-of-sale (POS) terminals. The group initially offered access for $125,000, later increasing the demand to $200,000 in Bitcoin or Monero.",securityafricamagazine,⚠️ Pending review,https://securityafricamagazine.com/south-africa-state-owned-electricity-company-eskom-targeted-by-cyber-criminals-in-200k-attack/,https://securityafricamagazine.com/south-africa-state-owned-electricity-company-eskom-targeted-by-cyber-criminals-in-200k-attack/#:~:text=Earlier%20this%20year%2C%20the%20Everest,,
2022,German Fuel Distribution Ransomware (Oiltanking / Mabanaft),Germany,Energy & Power Grid,Ransomware (BlackCat/ALPHV),BlackCat/ALPHV Group,Ransomware on Oiltanking Deutschland and Mabanaft disrupted tank-loading IT systems at 13 oil terminals. Shell re-routed supplies; manual operations limited the impact.,ZDNet; Hazardex,"✅ Confirmed; IT systems disrupted, oil terminals affected",https://www.mbenergy.com/en/news/statement-from-oiltanking-gmbh-group-and-mabanaft-gmbh-co-kg-group,"https://www.mbenergy.com/en/news/statement-from-oiltanking-gmbh-group-and-mabanaft-gmbh-co-kg-group#:~:text=On%20January%2029%2C%202022%2C%20Oiltanking%20GmbH%20Group,in%20all%20terminals%20as%20soon%20as%20possible",,
2022,Iranian Gas Station Cyberattack,Iran,Energy & Power Grid,Cyberattack (defacement + disruption),Unknown (possibly hacktivist or state-sponsored),"A cyberattack disrupted IT systems of NIOPDC, displaying ""cyberattack 64411"" on pump screens and price billboards. Operations shut down until payment systems restored.",The Record; Security Affairs,"✅ Confirmed; widespread service disruption, no physical damage",https://www.dw.com/en/iran-cyberattack-targets-gas-stations-and-alters-billboards/a-59629503,"https://www.dw.com/en/iran-cyberattack-targets-gas-stations-and-alters-billboards/a-59629503#:~:text=A%20widespread%20cyberattack%20has%20hit,Supreme%20Leader%20Ayatollah%20Ali%20Khamenei.&text=Gas%20stations%20across%20Iran%20were,Iranian%20news%20agency%20IRNA%20reported",,
2022,Nordex Cybersecurity Incident,Germany / global wind-energy sector,Energy & Power Grid,Cyberattack against wind-turbine manufacturer IT systems; remote access disabled as precaution,Conti ransomware group claimed responsibility in later reporting,"Nordex detected a cybersecurity incident and shut down IT systems. Remote access from Nordex IT infrastructure to turbines was disabled to protect customers, but turbines continued operating and grid-operator communication was unaffected.",Nordex official update,✅ CONFIRMED renewable-energy supplier incident; indirect CPS relevance; no turbine/grid impact confirmed,https://www.nordex-online.com/en/2022/04/update-on-cyber-security-incident/,,,
2022,Oil India Limited Ransomware Attack,India,Energy & Power Grid,Ransomware / malware attack against oil and gas company IT systems,Unknown,Oil India reported a cyberattack at its Duliajan headquarters. IT systems were disconnected/shut down and a ransom was reportedly demanded. Production and drilling activities reportedly continued.,NDTV,✅ CONFIRMED oil & gas ransomware incident; indirect CPS relevance; no confirmed production/OT disruption,https://www.ndtv.com/india-news/oil-indias-headquarters-in-assam-under-suspected-cyber-attack-2884957,,,
2022,PIPEDREAM / INCONTROLLER ICS Malware Framework Discovered,Global (US-led disclosure),Energy & Power Grid,ICS-specific malware (cross-industry attack framework),CHERNOVITE (state-sponsored),"Dragos discovered PIPEDREAM, the seventh known ICS malware and first cross-industry scalable ICS attack framework. It could disrupt or destroy electric grids, oil & gas, and other sectors. Found before deployment.",Dragos Analysis; Mandiant / Google Cloud,"✅ Confirmed; discovered April 2022, never used in the wild",https://www.nordex-online.com/en/2022/04/update-on-cyber-security-incident/,,,
2022,Sandworm OT Attack Causing Ukrainian Power Outage,Ukraine,Energy & Power Grid,OT-level living-off-the-land attack against substation environment; MicroSCADA abuse; CaddyWiper follow-on,"Sandworm, Russian state-linked actor","Mandiant reported Sandworm compromised a Ukrainian critical infrastructure organization and likely used native MicroSCADA commands to trip substation circuit breakers, causing an unplanned power outage amid missile strikes.",Mandiant / Google Cloud,✅ CONFIRMED cyber-physical power disruption; direct CPS impact,https://cloud.google.com/blog/topics/threat-intelligence/sandworm-disrupts-power-ukraine-operational-technology,,,
2022,Sandworm Ukraine Power Grid Attack (Industroyer2),Ukraine,Energy & Power Grid,OT-specific malware (Industroyer2),Sandworm / Russian GRU,Russian APT used Industroyer2 malware to trip circuit breakers at substations. Caused blackouts in multiple Ukrainian regions coinciding with physical missile strikes. ESET and CERT-UA attributed to Sandworm.,ESET Research; CERT-UA; Wired; SecurityWeek | INCIBE-CERT / ESET / CERT-UA | ESET — Industroyer2 ReloadedTechTarget | Reuters; BBC News,⚠️ Pending Review,https://www.welivesecurity.com/2022/04/12/industroyer2-industroyer-reloaded/,https://www.incibe.es/en/incibe-cert/publications/cybersecurity-highlights/industroyer2-malware-used-against-ukrainian-energy-supplier,,
2022,Sargent & Lundy Ransomware / Power-Sector Engineering Data Theft,USA,Energy & Power Grid,Ransomware and data theft against power-sector engineering contractor,Black Basta ransomware group according to reporting summarized by Kaspersky ICS CERT,"Sargent & Lundy, an engineering firm involved in power generation, grid modernization, renewable energy, nuclear power, and fossil-fuel projects, suffered a cyberattack/data breach involving power-sector project data. No direct grid disruption was confirmed.",Kaspersky ICS CERT | CNN via Darik News; NERC Cyberthreat Sharing Memo,✅ CONFIRMED supplier/engineering cyber incident; indirect supply-chain CPS relevance; no confirmed operational impact,https://ics-cert.kaspersky.com/publications/reports/2023/03/15/h2-2022-brief-overview-of-main-incidents-in-industrial-cybersecurity/,,,
2022,Tata Power Cyberattack,India,Energy & Power Grid,Cyberattack on IT infrastructure,"Not officially confirmed; later ransomware claims appeared publicly, but the company-confirmed fact is only a cyberattack on IT systems",Tata Power disclosed that a cyberattack impacted some of its IT systems. Public reporting did not establish confirmed disruption to core operational control systems.,Reuters / company filing reporting | The Hacker News; BleepingComputer,✅ Confirmed,https://industrialcyber.co/utilities-energy-power-water-waste/tata-power-data-being-leaked-by-hive-ransomware-group-after-negotiations-likely-fail/,https://www.reuters.com/world/india/indias-tata-power-says-hit-by-cyber-attack-2022-10-14/,,
2022,US Indictments for Russian Energy-Sector Hacking,"USA, Global (135 countries)",Energy & Power Grid,"Network intrusions, spear-phishing, malware, ICS targeting","Russian FSB, TsNIIKhM, GRU (indicted)","DOJ indicted four Russian government employees for hacking campaigns targeting energy infrastructure worldwide, including a US nuclear operator and a Saudi petrochemical plant.",Washington Post; DOJ,✅ Confirmed; indictments detail past intrusions and sabotage attempts,https://www.justice.gov/archives/opa/pr/four-russian-government-employees-charged-two-historical-hacking-campaigns-targeting-critical,,,
2023,BHI Energy Akira Ransomware Attack,USA,Energy & Power Grid,Ransomware/data theft through compromised third-party VPN account,Akira ransomware group,"BHI Energy, an energy services provider supporting oil & gas, nuclear, wind, solar, fossil generation, and electric transmission/distribution, disclosed Akira accessed its network through a third-party contractor VPN account, exfiltrated data, and deployed ransomware.",BleepingComputer | BHI Energy Notice; Cybersecurity Help,✅ CONFIRMED energy-sector supplier ransomware incident; indirect supply-chain CPS relevance; no physical/grid-operation impact confirmed,https://www.bleepingcomputer.com/news/security/us-energy-firm-shares-how-akira-ransomware-hacked-its-systems/,,,
2023,Danish Energy Sector Attacks,Denmark,Energy & Power Grid,OT exploitation,Multiple threat actors (Sandworm-linked),22 Danish energy companies targeted in three waves in May 2023 — largest coordinated attack on Danish energy sector in history. Several companies disconnected from internet. Linked to Sandworm-affiliated actors exploiting Zyxel firewall CVEs.,SektorCERT report; Recorded Future; Bleeping Computer | SektorCERT report | Dark Reading; The Record,⚠️ Pending Review,https://sektorcert.dk/wp-content/uploads/2023/11/SektorCERT-The-attack-against-Danish-critical-infrastructure-TLP-CLEAR.pdf,,,
2023,DroxiDat Malware at African Electric Utility,Southern Africa,Energy & Power Grid,Malware (DroxiDat) and Cobalt Strike deployment,Suspected Russian-speaking ransomware group (FIN12/Pistachio Tempest),A variant of SystemBC (DroxiDat) deployed alongside Cobalt Strike beacons on an electric utility network. Likely the initial stage of a planned ransomware attack; no outage or encryption.,Kaspersky; DataBreachToday,"✅ Confirmed by Kaspersky; initial-stage intrusion, no operational impact",https://therecord.media/southern-africa-utility-targeted-cyberattack,,,
2023,Hydro-Québec DDoS Attack,Canada — Québec,Energy & Power Grid,DDoS attack against electricity utility website/mobile services,Pro-Russian NoName057(16) claimed responsibility; not officially confirmed by Hydro-Québec,"Hydro-Québec's website and mobile application were knocked offline by a denial-of-service attack. The company stated production, transmission, and distribution were not affected.",MobileSyrup | Ming Pao Canada,✅ CONFIRMED utility service disruption; weak CPS impact; no power-delivery impact,https://mobilesyrup.com/2023/04/13/cyberattack-pushes-hydro-quebecs-website-and-mobile-app-offline/,,,
2023,Iran Gas Station / Fuel Distribution Cyberattack,Iran,Energy & Power Grid,Cyberattack against national fuel-station/payment/fuel-distribution systems,Predatory Sparrow / Gonjeshke Darande claimed responsibility; often described as Israel-linked but not independently confirmed,"A December 2023 cyberattack disrupted around 70% of Iranian gas stations, causing widespread fuel-service interruption. Some stations reportedly remained operational to reduce emergency-service impact.",AP | secrss.com; The Record,⚠️ CONFIRMED large-scale fuel-distribution disruption; direct operational public-service impact; attribution claimed but not independently confirmed,https://apnews.com/article/a9ae33c352812e40ca3d255a2533fea9,,,
2023,Redfly Espionage Against Asian National Grid,Asia (undisclosed country),Energy & Power Grid,Cyber-espionage via ShadowPad Trojan,Redfly (linked to China-affiliated APT41),A national grid compromised for six months. Attackers deployed the ShadowPad Trojan for espionage or battlespace preparation; no disruptive activity observed.,Symantec via The Cyberwire; The Register,✅ Confirmed by Symantec; no operational disruption reported,https://www.security.com/threat-intelligence/critical-infrastructure-attacks,,,
2023,Suncor Energy / Petro-Canada Cyberattack,Canada,Energy & Power Grid,Cyberattack (undisclosed type),Unknown,Petro-Canada retail payment systems disrupted — credit/debit cards offline nationwide. Recovery took weeks. Suncor confirmed incident in June 2023 SEC-equivalent filing.,Reuters; CBC; BleepingComputer; Financial Post | BOE Report / Canadian Press | SafetyDetectives; Canadian Centre for Cyber Security,⚠️ Pending Review,https://boereport.com/2023/06/29/petro-canada-payments-systems-largely-restored-in-wake-of-cyberattack-suncor/,,,
2023,Trans-Northern Pipelines Cybersecurity Incident,Canada,Energy & Power Grid,Cyber incident / ransomware claim affecting internal systems,ALPHV/BlackCat claimed responsibility,Trans-Northern Pipelines confirmed a cybersecurity incident affecting some internal systems and stated that pipeline systems continued to operate safely.,Cybersecurity Dive | BleepingComputer,✅ CONFIRMED pipeline-sector internal-system incident; indirect CPS relevance; no pipeline shutdown confirmed,https://www.cybersecuritydive.com/news/trans-northern-pipeline-ransomware/707522/,,,
2023,Volt Typhoon — US Critical Energy Infrastructure Pre-positioning,"USA (continental + Guam) — energy, communications, water, transportation sector networks",Energy & Power Grid,APT Pre-positioning / OT Infiltration,Volt Typhoon (PRC state-sponsored; PLA/MSS affiliated),"Confirmed infiltration of energy sector IT/OT networks including Littleton Electric Light & Water (MA, Feb 2023); 5+ year persistence in some victims; no disruptive action yet — assessed as pre-positioning for wartime sabotage capability",CISA Advisory AA24-038A (Feb 2024)CISA Advisory AA23-144A (May 2023),✅ Confirmed,https://www.cisa.gov/news-events/cybersecurity-advisories/aa23-144a,"https://www.cisa.gov/news-events/cybersecurity-advisories/aa23-144a#:~:text=The%20United%20States%20and%20international%20cybersecurity%20authorities,to%20identify%20successful%20logons%20to%20the%20host",,
2024,BlackCat/ALPHV – Vietnam Electricity (EVN) Ho Chi Minh City Power,Vietnam,Energy & Power Grid,Ransomware (BlackCat/ALPHV),BlackCat/ALPHV group,"Ransomware gang claimed to have compromised Ho Chi Minh City Power, posted samples of allegedly exfiltrated data, and demanded a ransom. No mass outage reported.",iZoologic,⚠️ Claimed by threat actor; scale of compromise unverified,https://izoologic.com/region/central-asia/ho-chi-minh-city-power-faces-a-blackcat-ransomware-attack/,"https://izoologic.com/region/central-asia/ho-chi-minh-city-power-faces-a-blackcat-ransomware-attack/#:~:text=The%20Ho%20Chi%20Minh%20City%20Energy%20Corporation,attack%20resulting%20in%20data%20theft%20and%20extortion",,
2024,British Virgin Islands Electricity Corporation Ransomware,British Virgin Islands,Energy & Power Grid,Ransomware affecting electricity utility internal/external operations,Akira ransomware according to local reporting,BVIEC confirmed a cyberattack in August 2024 affecting internal systems and external services. Local reporting said Akira ransomware affected multiple systems and disrupted operations.,284 Media,✅ CONFIRMED electricity-utility ransomware incident; operational/business disruption; no confirmed grid-control compromise,https://www.284media.com/local/2024/08/19/bviec-confirms-cyber-attack-operations-disrupted/,,,
2024,Electrica Group Ransomware Attack,Romania,Energy & Power Grid,Ransomware against electricity supplier/distributor IT systems,Unknown,Romania's Ministry of Energy stated the Electrica ransomware attack did not affect network equipment and that SCADA systems were isolated and fully functional. Customer interactions were temporarily disrupted by protective measures.,Energynomics / Ministry summary | dnsc.ro / DBAPPSecurity; SC World,✅ CONFIRMED energy-sector ransomware incident; SCADA unaffected; no power-supply disruption confirmed,https://www.energynomics.ro/en/ministry-of-energy-cyberattack-on-electrica-group-did-not-affect-equipments/,,,
2024,ENGlobal Ransomware Incident,U.S.,Energy & Power Grid,Ransomware / encrypted files,Not officially confirmed,"ENGlobal disclosed that a threat actor illegally accessed its IT systems and encrypted some data files, leading the company to restrict access to its systems while responding to the incident.",SEC,⚠️ Pending Review,https://www.sec.gov/Archives/edgar/data/933738/000165495424015098/eng_8k.htm,,,
2024,Enphase Solar Controller Zero-Days (Disclosed),Global,Energy & Power Grid,Zero-day vulnerabilities disclosed,Researchers (Dutch DIVD),Dutch researchers found 6 zero-day CVEs in Enphase IQ Gateway controllers managing 4M+ solar systems in 150 countries. Three flaws allowed full remote control. Patches issued after responsible disclosure.,DIVD.nl; SecurityWeek; The Register,⚠️ Pending Review,https://csirt.divd.nl/cases/DIVD-2024-00011/,,,
2024,FrostyGoop ICS Malware – Lviv Heating Shutdown,Ukraine,Energy & Power Grid,ICS-specific malware (FrostyGoop) using Modbus TCP,Suspected Russian state-sponsored (Sandworm/GRU),"Ninth known ICS malware cut off central heating to over 600 apartment buildings (~100,000 residents) for ~48 hours during sub-zero temperatures after gaining access via a compromised MikroTik router.",BleepingComputer; Dragos/Unit 42,✅ Confirmed; first ICS malware using Modbus TCP to cause physical disruption to civilian heating,https://hub.dragos.com/report/frostygoop-ics-malware-impacting-operational-technology,,,
2024,Halliburton Data Breach,USA,Energy & Power Grid,Network intrusion / data exfiltration,Unknown,Oilfield services giant confirmed in SEC filing that unauthorized party accessed and exfiltrated company data. Operations disrupted; third-party services temporarily shut down. Attribution not publicly confirmed.,SEC Form 8-K filing; WSJ; Reuters | Halliburton SEC filing | SafetyDetectives,⚠️ Pending Review,https://www.sec.gov/cgi-bin/browse-edgar,https://ir.halliburton.com/static-files/3df4b2be-84ac-4a93-90c9-e6b0f656824b,https://www.reuters.com/technology/cybersecurity/halliburton-reports-unauthorized-exfiltration-information-2024-09-03/,
2024,Hunt3r Kill3rs – Schneider Electric Germany Breach,Germany,Energy & Power Grid,"Network intrusion, data theft, ICS-facing system compromise",Hunt3r Kill3rs (cybercriminal group),"Threat group breached Schneider Electric's German division, exfiltrated sensitive data related to industrial energy management and compromised PowerLogic ION7650 smart meter configuration.",Securityweb news,"✅ Confirmed breach; critical data exfiltrated, potential for SCADA disruption",https://www.securityweek.com/schneider-electric-launches-probe-after-hackers-claim-theft-of-user-data/,"https://www.securityweek.com/schneider-electric-launches-probe-after-hackers-claim-theft-of-user-data/#:~:text=In%20a%20statement%2C%20Schneider%20Electric,a%20significant%20amount%20of%20data",,
2024,Iran-Linked IOControl Malware Campaign Targeting Fuel-Management Systems,"Israel, USA",Energy & Power Grid,OT/ICS malware (IOControl); brute-force access to SSH-exposed IoT/OT devices,Iranian IRGC-linked CyberAv3ngers persona,"Custom malware ""IOControl"" deployed against ~200 fuel-management systems (Gilbarco Veeder-Root) in Israel and the U.S. It functioned as a backdoor capable of manipulating pumps and payment card processing.","Claroty via InfoRiskToday | 's%20worth%20noting%20that%20the,every%20time%20the%20device%20restarts.","✅ Confirmed by Claroty and CISA sanctions on IRGC officers; disruption of fuel sales, no physical damage",https://thehackernews.com/2024/12/iran-linked-iocontrol-malware-targets.html,https://thehackernews.com/2024/12/iran-linked-iocontrol-malware-targets.html#:~:text=It,,
2024,"Just Evil & Beregini – Ignitis Group, Lithuania",Lithuania,Energy & Power Grid,Credential-based access; attempted extortion and data leak; targeting of iSolarCloud PV monitoring,Just Evil (pro-Russian hacktivist) with possible Beregini (state-backed) involvement,"Hackers accessed the PV monitoring dashboard of state-owned Ignitis, claiming data from 22 client sites including hospitals and a military academy. EV charger platform earlier breached, leaking 20,000+ customer records.",Cyble,"✅ Confirmed; no grid outage, but sensitive site energy data exposed",https://www.lrt.lt/en/news-in-english/19/2193447/hackers-leak-data-of-ignitis-car-charging-service-customers,"https://www.lrt.lt/en/news-in-english/19/2193447/hackers-leak-data-of-ignitis-car-charging-service-customers#:~:text=All%20the%20services%20were%20restored,accessed%20or%20leaked%2C%20Balta%20added",,
2024,MEPSO Cyberattack,North Macedonia,Energy & Power Grid,Cyberattack against electricity transmission operator IT systems,Unknown,"MEPSO confirmed a cyberattack and stated that critical energy infrastructure remained secure and fully functional, with the power grid and electricity supply not threatened.",MIA,✅ CONFIRMED electricity-sector cyber incident; indirect CPS relevance; no grid/supply impact,https://new.mia.mk/index.php/en/story/mepso-hit-by-cyberattack-power-grid-and-electricity-supply-not-threatened,,,
2024,Operation FlightNight – Indian Government & Energy Espionage,India,Energy & Power Grid,"Spear-phishing, information stealer (modified HackBrowserData), Slack-based exfiltration",Unknown (cyber-espionage actor),"Targeted campaign from March 7, 2024, used phishing emails impersonating the Indian Air Force to compromise government agencies and private energy companies, exfiltrating ~8.81 GB of data.",EclecticIQ; cybersecurity-help,"✅ Confirmed espionage; no physical impact, significant data loss",https://blog.eclecticiq.com/operation-flightnight-indian-government-entities-and-energy-sector-targeted-by-cyber-espionage-campaign,"https://blog.eclecticiq.com/operation-flightnight-indian-government-entities-and-energy-sector-targeted-by-cyber-espionage-campaign#:~:text=Behavioral%20similarities%20in%20the%20malware,helping%20the%20Incident%20Response%20process",,
2024,PSI Software Ransomware (Germany),Germany,Energy & Power Grid,Ransomware,Unknown ransomware group,"PSI Software SE, a German provider of process-control systems for energy utilities, suffered a ransomware attack forcing it to shut down email and multiple IT systems to contain the damage.",cybersecuritydive website,"✅ Confirmed ransomware; IT shutdown, no customer grid impact",https://www.cybersecuritydive.com/news/psi-software-ransomware/707940/,,,
2024,"Qilin Ransomware – Elektroprivreda Srbije (EPS), Serbia",Serbia,Energy & Power Grid,Ransomware (Qilin); data leak of 34+ GB,Qilin ransomware group,Serbia's sole electricity provider hit by ransomware in late 2023 (publicly reported in early 2024). Qilin group published over 34 GB of internal documents on its dark-web leak site.,GlobalSecurity / RFE-RL,"✅ Confirmed; data exfiltrated and posted, operational status unclear",https://www.rferl.org/a/serbia-electricity-provider-ransomware-cyberattack/32783953.html,,,
2024,Sandworm / Kapeka Campaign Against Ukrainian Critical Utilities,"Ukraine — energy, water, and heating utilities",Energy & Power Grid,"Supply-chain compromise, backdoor deployment, ICS/automation-system targeting","Sandworm / APT44, Russian GRU-linked actor","CERT-UA reported Sandworm targeted about 20 Ukrainian critical infrastructure organizations in 10 regions, including energy, water, and heating suppliers, with malware affecting systems used for automation in critical facilities.",Kaspersky ICS CERT / CERT-UA summary,✅ CONFIRMED state-linked CI campaign; high CPS relevance; no clearly confirmed public blackout,https://ics-cert.kaspersky.com/publications/reports/2024/10/03/apt-and-financial-attacks-on-industrial-organizations-in-q2-2024/,,,
2024,Schneider Electric Sustainability Business Ransomware,Global / France — energy management and automation company,Energy & Power Grid,Ransomware affecting Resource Advisor and division-specific systems,Cactus ransomware reported by security media; Schneider did not emphasize attribution,"Schneider Electric confirmed ransomware affected its Sustainability Business division and that some data was obtained by the threat actor. The incident was limited to that division, with no impact on other Schneider Electric entities.",Schneider Electric official statement,✅ CONFIRMED ransomware at energy-management/automation vendor; indirect supplier-platform CPS risk; no OT/physical impact,https://www.se.com/ww/en/about-us/newsroom/news/press-releases/sustainability-business-division-of-schneider-electric-responds-to-cybersecurity-incident-65b8035eb11dced626091019,,,
2024,"SolarView Compact Hijacking – Contec Devices, Japan",Japan,Energy & Power Grid,Exploitation of known vulnerability (CVE-2022-29303); unauthorized access to 800+ monitoring devices,Hacker CN (Arsenal Depository),First publicly confirmed cyberattack on solar-grid infrastructure: attackers exploited unpatched SolarView Compact devices to hijack ~800 remote monitoring units at solar generation facilities. No grid disruption.,CSOonline / Sankei,"✅ Confirmed; 800 PV monitors compromised, no power disruption",https://iotm2mcouncil.org/iot-library/news/smart-energy-news/attackers-hijack-solar-panel-monitoring-devices-in-japan/,"https://iotm2mcouncil.org/iot-library/news/smart-energy-news/attackers-hijack-solar-panel-monitoring-devices-in-japan/#:~:text=June%204%2C%202024,to%20disrupt%20the%20electric%20grid",,
2025,LG Energy Solution Ransomware Attack,"South Korea / overseas facility, battery and energy-storage manufacturing",Energy & Power Grid,Ransomware against battery/energy-storage manufacturer facility; data-theft claim,Akira ransomware group claimed responsibility,"LG Energy Solution confirmed ransomware affected one overseas facility, later returned to normal operation. Akira claimed theft of around 1.7 TB of data. Relevant to energy-storage supply chain, not direct grid operations.",The Record,✅ CONFIRMED energy-storage/manufacturing ransomware incident; indirect supply-chain CPS relevance; no confirmed grid or battery-safety impact,https://therecord.media/lg-energy-solution-ransomware-incident-battery-maker,,,
2025,Littleton Electric Light and Water Departments / VOLTZITE Intrusion Disclosure,"USA, Massachusetts electric and water utility",Energy & Power Grid,Long-term intrusion into utility network; OT reconnaissance/data collection; lateral movement,VOLTZITE overlapping with Volt Typhoon / China-linked activity according to Dragos reporting,"Publicly disclosed in 2025, Dragos described a prolonged intrusion affecting Littleton Electric Light and Water Departments with collection of OT-related information. Public reporting stated no customer data was compromised and utility operations were not impacted. Underlying intrusion mainly occurred in 2023.","Dragos case study | 's%20actions%20towards%20US%20electric,or%20attacks%20against%20ICS%20networks.",✅ CONFIRMED utility intrusion disclosed in 2025; high CPS reconnaissance relevance; no service disruption; incident-year note: 2023/disclosed 2025,https://industrialcyber.co/utilities-energy-power-water-waste/dragos-details-lelwds-fight-against-voltzite-cyberattack-following-300-day-ot-network-breach/,https://www.dragos.com/threat/voltzite,https://www.dragos.com/threat/voltzite#:~:text=VOLTZITE,
2025,Minsait ACS Ransomware Attack,"USA, utility/power-grid control software provider",Energy & Power Grid,Ransomware/data-access incident affecting utility OT/IT solution provider,Unknown,"Minsait ACS, a provider of power-grid control software and automation technology for electric utilities, disclosed ransomware discovered in May 2025. Unauthorized data access was reported; no customer grid-operation disruption was publicly confirmed.",ISSSource,✅ CONFIRMED supplier-side ransomware incident; indirect supply-chain CPS relevance; no confirmed grid-control impact,https://www.isssource.com/utility-solution-provider-hit-in-ransomware-attack/,,,
2025,Nova Scotia Power / Emera Cyber Incident,Canada,Energy & Power Grid,Cybersecurity incident later confirmed as ransomware,Not officially confirmed by the utility in the initial notice,Emera and Nova Scotia Power disclosed unauthorized access into parts of their Canadian network and servers supporting business applications. Nova Scotia Power later stated it had been the victim of a sophisticated ransomware attack.,Emera / Nova Scotia Power (investors.emera.com) | The Record; DBAPPSecurity,⚠️ Pending Review,https://investors.emera.com/news/news-details/2025/Emera-and-Nova-Scotia-Power-Responding-to-Cybersecurity-Incident/default.aspx,https://www.nspower.ca/about-us/press-releases/2025/04/28/emera-and-nova-scotia-power-responding-to-cybersecurity-incident,https://www.nspower.ca/home---cyber,
2025,Oltenia Energy Complex Ransomware Attack,Romania,Energy & Power Grid,Ransomware (Gentlemen),Gentlemen Ransomware Group,"Romania's largest coal-based power producer attacked on December 26. Ransomware encrypted documents and disrupted ERP, email, website. National energy supply not endangered.",Security Affairs,"✅ Confirmed; IT systems disrupted, no impact on national supply",https://agerpres.ro/english/2025/12/27/oltenia-energy-complex-s-activity-partially-affected-by-ransomware-cyber-attack--1515068,,,
2025,Pakistan Petroleum Limited Ransomware Attack,"Pakistan, oil and gas sector",Energy & Power Grid,Ransomware against oil & gas company IT infrastructure; financial-system disruption; possible data exfiltration,Blue Locker / Proton ransomware actor claimed in ransom note,PPL detected ransomware intrusion in August 2025. Reports said servers and financial systems were encrypted and financial operations disrupted. PPL stated core operational systems and joint-venture operations continued without disruption.,Energy Update / PPL statement,✅ CONFIRMED oil & gas ransomware incident; indirect IT-to-OT risk; no confirmed OT/production impact,https://www.energyupdate.com.pk/2025/08/08/cybersecurity-incident-ppls-response-and-current-status/,,,
2025,Poland Distributed Energy / CHP Cyberattacks,Poland,Energy & Power Grid,Coordinated destructive cyberattacks against distributed energy and CHP assets,"Public attribution remains nuanced; CERT Polska publicly documented the operation, and later reporting described Russian attribution claims",CERT Polska reported coordinated attacks against more than 30 wind and photovoltaic farms and a large combined heat and power plant supplying heat to nearly half a million customers. The attacks were destructive but did not destabilize the national power system.,CERT Polska / Reuters (cert.pl) | CERT Polska,✅ Confirmed,https://cert.pl/uploads/docs/CERT_Polska_Energy_Sector_Incident_Report_2025.pdf,https://cert.pl/en/posts/2026/01/incident-report-energy-sector-2025/,https://www.reuters.com/technology/polish-officials-blame-russian-domestic-spy-agency-dec-29-cyberattacks-2026-01-30/,
2025,Pulaski Electric System (PES) Cyber Attack,USA (Tennessee),Energy & Power Grid,Cyber attack (malicious threat actor),Unknown,"Cyber attack on December 4 forced PES to disconnect all systems for weeks, disrupting customer bill payments, new installations, and broadband support. No sensitive customer data found compromised.",WSMV,"✅ Confirmed; significant IT outage, no impact on electricity supply",https://www.wsmv.com/2025/12/16/malicious-threat-targets-pulaski-electric-system-cyber-attack-interrupting-customer-services/,,,
2025,Rogue Devices Found in U.S. Solar Inverters,USA,Energy & Power Grid,Supply chain / pre-installed threat,Unknown,"Security experts found rogue communication devices in solar power inverters and batteries installed across the United States. Undocumented devices could be used for data theft, electricity misuse, or as a platform for launching further cyber attacks.","americansecurityproject, securityaffairs",✅ Confirmed discovery; potential for future exploitation,https://securityaffairs.com/178005/hacking/rogue-devices-in-chinese-made-power-inverters-used-worldwide.html,"https://securityaffairs.com/178005/hacking/rogue-devices-in-chinese-made-power-inverters-used-worldwide.html#:~:text=Chinese%20%E2%80%9Ckill%20switches%E2%80%9D%20found%20in,%2C%20the%20two%20people%20said.%E2%80%9D",https://www.americansecurityproject.org/chinas-unseen-cyber-threat-to-energy-security/,
2025,Svenska kraftnät Ransomware Attack,Sweden,Energy & Power Grid,"Ransomware, data theft",Everest Group,"Sweden's national electricity transmission system operator hit on October 26. Electricity supply unaffected, but ~280 GB of internal data confirmed stolen.",INCIBE-CERT,"✅ Confirmed; no operational impact, major data breach",https://www.incibe.es/en/incibe-cert/publications/cybersecurity-highlights/svenska-kraftnats-rapid-and-coordinated-response-cyberattack-swedish,https://www.svk.se/press-och-nyheter/nyheter/allmanna-nyheter/2025/angaende-pastaende-om-it-angrepp-mot-svenska-kraftnat/,https://www.techradar.com/pro/security/sweden-power-grid-confirms-cyberattack-ransomware-suspected,
2026,Berlin Power Grid Arson / Lichterfelde Cable Attack,Germany - Berlin,Energy & Power Grid,Physical sabotage / arson against electric-grid infrastructure,Vulkangruppe / Volcano Group claimed responsibility; German authorities treated claim as credible,"Arson damaged high-voltage cables near the Lichterfelde heat and power station, causing a major Berlin power outage affecting households and businesses. Restoration took days. This is a power-grid CPS incident but not cyber.",Reuters,✅ CONFIRMED physical grid sabotage; direct CPS/power-grid impact; not a cyberattack,https://www.reuters.com/business/energy/possible-arson-berlin-cable-link-cuts-power-50000-households-police-says-2026-01-03/,,,
2026,Conpet Oil Pipeline Cyberattack,Romania,Energy & Power Grid,Cyberattack / suspected ransomware against business IT systems of national oil pipeline operator,Qilin ransomware group claimed responsibility; Conpet did not initially confirm attacker,"Conpet disclosed a cyberattack affecting business IT infrastructure and website availability. The company stated operational technologies, including SCADA and telecommunications systems, were not affected and oil transport continued normally.",BleepingComputer,✅ CONFIRMED energy-sector cyber incident; indirect IT-to-OT risk; no SCADA/pipeline-operation disruption confirmed,https://www.bleepingcomputer.com/news/security/romanian-oil-pipeline-operator-conpet-discloses-cyberattack-qilin-ransomware/,,,
2026,CyberAv3ngers ICS Exploitation Across Multiple Sectors,USA,Energy & Power Grid,"Active ICS exploitation (targeting Rockwell Automation PLCs), known vulnerability exploitation",CyberAv3ngers (Iran's IRGC-CEC),"The group escalated from default credentials to actively exploiting CVE-2021-22681 to compromise Rockwell PLCs across U.S. water, energy, and government facilities. Operational disruption at multiple organizations confirmed.",Tenable; CISA Joint Advisory,"✅ Confirmed by CISA, FBI, NSA, and other U.S. government agencies",https://www.cisa.gov/news-events/cybersecurity-advisories/aa26-097a,https://www.picussecurity.com/resource/blog/cisa-alert-aa26-097a-iranian-affiliated-actors-target-plcs-across-us-critical-infrastructure,,
2026,Dark Web OT Attack Framework for Energy Grids,Global (Dark Web),Energy & Power Grid,"OT framework targeting IEC 61850, IEC 61970","Presented as ""APT IRAN"" (possibly IRGC-linked)","Lab52 discovered a fully-featured offensive framework for sale on a dark web marketplace, claiming precise manipulation of power distribution systems (selective circuit control).",SecurityOnline / Anquanke,⚠️ Pending review — Discovered on dark web; functionality could not be validated,https://ieeexplore.ieee.org/document/10688802,https://www.scworld.com/feature/critical-infrastructure-facing-cyber-surge-in-ot-and-supply-chains-in-2026,,
2026,Swedish Heating Plant Cyberattack,Sweden,Energy & Power Grid,Unspecified cyberattack,Pro-Russian group with links to Russian state services,A heating plant in western Sweden targeted in early 2026. The attack failed; no service disruption or physical damage. Publicly attributed to a pro-Russian group with links to Russian security/intelligence services.,ABC News,✅ Confirmed by Swedish Minister for Civil Defense,https://www.thelocal.se/20260415/pro-russian-group-attempted-to-attack-swedish-heating-plant,https://swedenherald.com/article/prorussian-activist-group-attempted-cyberattack-on-swedish-heating-plant-in-spring-2025,,
2026,Utilities World / South Africa Prepaid Electricity Vending Disruption,South Africa - Eastern Cape municipalities,Energy & Power Grid,Attempted cyberattack against online electricity vending systems; service disruption,Unknown,An attempted cyberattack disrupted prepaid electricity purchasing systems used by several municipalities. Residents and businesses were unable to buy prepaid electricity through normal channels for part of the incident period. No grid-control impact was confirmed.,Daily Dispatch,✅ CONFIRMED electricity-service disruption; moderate/indirect CPS relevance; no confirmed generation/transmission/distribution control impact,https://www.dailydispatch.co.za/news/2026-02-24-prepaid-electricity-sales-disrupted-by-cyber-attack/,,,
2010,Health Net data breach,USA,Healthcare & Medical Devices,Network intrusion; data theft,Unknown,,Computerworld; Los Angeles Times; HHS/OCR breach portal,Confirmed by HHS/OCR.,https://ocrportal.hhs.gov/ocr/breach/breach_frontpage.jsf?faces-redirect=true,https://www.latimes.com/archives/blogs/money-company/story/2011-03-14/regulators-investigate-health-net-security-lapse-involving-personal-information-of-1-9-million-people,,
2010,VA Medical Devices Malware Infections,USA,Healthcare & Medical Devices,Malware infections on network-connected medical devices,Unknown,,snellwilmer.com,Confirmed reported medical-device malware infections; CPS relevance high; no confirmed patient harm,https://www.swlaw.com/blogs/product-liability-update/2013/07/22/malware-in-the-machines-cybersecurity-for-medical-devices-and-hospital-networks/,https://www.darkreading.com/cyber-risk/va-security-compromised-by-medical-devices,,
2011,Medtronic Insulin Pump Wireless Attack Demonstration,USA / Global devices,Healthcare & Medical Devices,Wireless medical-device vulnerability; unauthorized insulin pump command/control,Security researcher Jay Radcliffe; no malicious attacker,,NBC News,Verified vulnerability demonstration; no confirmed real-world exploitation or patient harm,https://www.nbcnews.com/id/wbna44023277,,,
2011,TRICARE data breach (SAIC),USA,Healthcare & Medical Devices,Data theft (lost backup tapes),Unknown,,U.S. Army; Dark Reading; DataBreaches.net,Confirmed by SAIC and the U.S. Department of Defense.,https://www.darkreading.com/cyber-risk/tricare-saic-report-loss-of-data-on-4-9-million,https://www.army.mil/article/67031/tricare_investigates_beneficiary_data_breach,,
2012,Barnaby Jack Pacemaker / ICD Remote Attack Demonstration,Global medical devices,Healthcare & Medical Devices,Wireless implantable medical-device attack demonstration,Security researcher Barnaby Jack; no malicious attacker,,BBC News,Verified research demonstration; no confirmed real-world exploitation,https://www.bbc.com/news/technology-34899713,,,
2012,Utah Medicaid data breach,USA (Utah),Healthcare & Medical Devices,Network intrusion; data exfiltration,Unknown,,"Utah Department of Health, eWeek; Dark Reading; KUER",Confirmed by the State of Utah.,https://www.eweek.com/enterprise-apps/utah-health-care-data-breach-exposed-about-780-000-patient-files/,https://www.darkreading.com/cyber-risk/utah-s-medicaid-data-breach-worse-than-expected,,
2013,Advocate Medical Group Triple Data Breach,USA — Illinois,Healthcare & Medical Devices,Physical Theft + Network Intrusion,Unknown (theft + separate network intrusion),,Arctic Wolf — Healthcare Cyber Attacks,Confirmed,https://arcticwolf.com/resources/blog/top-healthcare-industry-cyberattacks/,"https://arcticwolf.com/resources/blog/top-healthcare-industry-cyberattacks/#:~:text=The%20information%20stolen%20included%20patient,prevent%20it%20from%20being%20published.%E2%80%9D",https://winslowtg.com/the-top-12-healthcare-industry-cyberattacks/,"https://winslowtg.com/the-top-12-healthcare-industry-cyberattacks/#:~:text=7.,health%20insurance%20data%20were%20compromised.&text=After%20the%20breach%2C%20Advocate%20reinforced,deployment%20of%20enhanced%20technical%20safeguards"
2013,Medical Devices Hard-Coded Passwords Alert,Global / USA,Healthcare & Medical Devices,Hard-coded credentials in medical devices,Reported by researchers Billy Rios and Terry McCorkle; no malicious attacker,,CISA,Confirmed vulnerability class; medical-device CPS relevance high; no specific physical harm confirmed,https://www.cisa.gov/news-events/ics-alerts/ics-alert-13-164-01,,,
2014,Boston Children's Hospital DDoS / Anonymous Operation,USA,Healthcare & Medical Devices,DDoS and web-facing disruption against hospital systems,Anonymous-affiliated actors,,Justice ministary in USA,Confirmed healthcare cyb+B11:H11er incident; CPS impact indirect; no confirmed medical-device compromise,https://www.radware.com/security/ddos-experts-insider/ert-case-studies/boston-childrens-hospital-ddos-mitigation-case-study/,https://www.justice.gov/usao-ma/pr/jury-convicts-man-who-hacked-boston-childrens-hospital-and-wayside-youth-family-support,,
2014,CareFusion Pyxis SupplyStation Vulnerability,USA / Global,Healthcare & Medical Devices,Hard-coded service credentials in automated medical supply cabinets,Researcher disclosure; no malicious attacker,,"HIPAA Journal , CISA",Confirmed vulnerability disclosure; no confirmed exploitation,https://www.hipaajournal.com/1400-vulnerabilities-affect-popular-drug-cabinet-system-3377/,"https://www.hipaajournal.com/1400-vulnerabilities-affect-popular-drug-cabinet-system-3377/#:~:text=CareFusion%20confirmed%20that%20the%20vulnerabilities%20exist%20and,Pyxis%20SupplyStation%20that%20are%20affected%20(Versions%208",https://www.cisa.gov/news-events/ics-advisories/icsa-14-288-01,
2014,Community Health Systems (CHS) Breach,USA,Healthcare & Medical Devices,Data breach / network intrusion,Official filings did not firmly name an actor; public reporting often linked it to China-based actors,,,✅ Pending Review,https://www.hipaajournal.com/community-health-systems-cyber-attack-puts-4-5m-patients-risk/,https://unit42.paloaltonetworks.com/examining-chs-breach-heartbleed-exploitation/,,
2014,UCLA Health Network Breach,USA — California,Healthcare & Medical Devices,APT / MEDJACK-style Network Pivot,Unknown (likely nation-state linked),,"Los Angeles Times, HIPAA Journal.",Confirmed,https://www.hipaajournal.com/ucla-health-system-hacked-4-5-million-patient-records-exposed-8033/,"https://www.hipaajournal.com/ucla-health-system-hacked-4-5-million-patient-records-exposed-8033/#:~:text=The%20data%20was%20potentially%20accessed%20in%20September,*%20Steal%20identities%20*%20Fraudulently%20obtain%20credit",https://www.latimes.com/business/la-fi-ucla-medical-data-20150717-story.html,"https://www.latimes.com/business/la-fi-ucla-medical-data-20150717-story.html#:~:text=In%202014%2C%20hackers%20may%20have%20accessed%20sensitive,of%20the%20patient%20information%20dates%20to%201990"
2015,Anthem Inc. Attack,US,Healthcare & Medical Devices,Data Breach/Spearphishing,BlackVine or APT18,,,✅ Pending Review,https://www.anthem.com/press/anthem-reports-results-of-investigation-into-cyber-attack,https://www.huntress.com/threat-library/data-breach/anthem-data-breach,,
2015,CareFirst BlueCross BlueShield data breach,USA (Maryland),Healthcare & Medical Devices,Credential‑theft; database intrusion,Unknown,,CareFirst press release,Confirmed by CareFirst and HHS/OCR.,https://www.forbes.com/sites/katevinton/2015/05/20/data-belonging-to-1-1-million-carefirst-customers-stolen-in-cyber-attack/,https://www.welivesecurity.com/2015/05/21/carefirst-data-breach-leaves-1-1m-health-insurance-customers-vulnerable/,,
2015,Excellus BlueCross BlueShield data breach,USA,Healthcare & Medical Devices,Network intrusion; data exfiltration,Unknown (APT),,Network World,Confirmed by Excellus and HHS/OCR.,https://www.kellerrohrback.com/currentcases/excellus-bluecross-blueshield-data-breach,"https://www.kellerrohrback.com/currentcases/excellus-bluecross-blueshield-data-breach#:~:text=On%20September%209%2C%202015%2C%20Excellus%20Health%20Plan,personal%20information%20of%20over%2010%20million%20individuals",https://www.govtech.com/security/New-York-Health-Insurer-to-Pay-Feds-5-1M-After-Data-Breach.html,"https://www.govtech.com/security/New-York-Health-Insurer-to-Pay-Feds-5-1M-After-Data-Breach.html#:~:text=Excellus%20announced%20in%20September%20of,information%20from%20this%20growing%20threat"
2015,Hospira Symbiq Infusion Pump Vulnerabilities,USA / Global,Healthcare & Medical Devices,Network-connected infusion pump vulnerabilities; possible remote dosage manipulation,Researcher disclosure; no malicious attacker,,CISA,Confirmed medical-device vulnerability; direct CPS safety relevance; no confirmed exploitation,https://www.cisa.gov/news-events/ics-advisories/icsa-15-161-01,,,
2015,Premera Blue Cross data breach,USA,Healthcare & Medical Devices,Spear‑phishing; malware; data exfiltration,Suspected Chinese state‑sponsored actors,,Reuters,Confirmed by Premera and HHS/OCR.,https://www.reuters.com/article/markets/premera-blue-cross-breached-11-mln-customers-data-exposed-report-idUSL2N0WJ1W4/,,,
2015,TrapX MEDJACK Hospital Medical-Device Malware Cases,USA / Global anonymized hospitals,Healthcare & Medical Devices,Medical-device malware / lateral movement through clinical devices,Unknown attackers,,"HealthcareITNews | 's%20true%20that%20hackers%20could,best%20to%20follow%20the%20money.",Verified security-vendor case report; victims anonymized; CPS relevance high,https://www.healthcareitnews.com/news/medjacking-newest-healthcare-risk,https://www.healthcareitnews.com/news/medjacking-newest-healthcare-risk#:~:text=It,https://files.cyberriskalliance.com/wp-content/uploads/2018/07/trapx_medjack2_60312.pdf,
2016,Banner Health data breach,USA,Healthcare & Medical Devices,Network intrusion; data exfiltration,Unknown,,"Healthcare IT News | 's,they%20used%20as%20a%20gateway%20into%20the",Confirmed by Banner Health and HHS/OCR.,https://www.healthcareitnews.com/news/banner-health-nailed-huge-cyberattack-compromised-personal-data-37-million-people,"https://www.healthcareitnews.com/news/banner-health-nailed-huge-cyberattack-compromised-personal-data-37-million-people#:~:text=Banner%20Health%20nailed%20by%20huge,and%20IoT%20trigger%20new%20vulnerabilities%5D",https://www.healthcareitnews.com/news/ocr-investigating-banner-health-2016-breach-37-million-patient-records,https://www.healthcareitnews.com/news/ocr-investigating-banner-health-2016-breach-37-million-patient-records#:~:text=In%20June%202016%2C%20hackers%20got%20into%20Banner
2016,Hollywood Presbyterian Medical Center Ransomware,USA,Healthcare & Medical Devices,Ransomware,Unknown,,,✅ Pending Review,https://www.infosecinstitute.com/resources/healthcare-information-security/ransomware-case-studies-hollywood-presbyterian-the-ottawa-hospital/,https://www.hipaajournal.com/hollywood-presbyterian-medical-center-pays-17000-ransom/,https://www.latimes.com/business/technology/la-me-ln-hollywood-hospital-bitcoin-20160217-story.html,
2016,J&J Animas OneTouch Ping Hack,USA,Healthcare & Medical Devices,Device Vulnerability,Jay Radcliffe / Rapid7,,Reuters,Verified by Manufacturer,https://www.reuters.com/article/technology/jj-warns-diabetic-patients-insulin-pump-vulnerable-to-hacking-idUSKCN12411L/,,,
2016,Kansas Heart Hospital Ransomware,USA,Healthcare & Medical Devices,Ransomware and failed/extortionary decryption after payment,Unknown,,HIPAA Journal,Confirmed hospital ransomware incident; no confirmed patient harm,https://www.hipaajournal.com/kansas-heart-hospital-ransomware-attack-ransom-paid-second-demand-issued-3441/,"https://www.hipaajournal.com/kansas-heart-hospital-ransomware-attack-ransom-paid-second-demand-issued-3441/#:~:text=HIPAA%20Training%20Courses-,Kansas%20Heart%20Hospital%20Ransomware%20Attack:%20Ransom%20Paid%2C%20Second%20Demand%20Issued,Kansas%20Heart%20Hospital%20Ransomware%20Attack",,
2016,Lukas Hospital Neuss Ransomware,Germany,Healthcare & Medical Devices,Ransomware disrupting hospital IT,Unknown,,DW,Confirmed hospital ransomware incident; operational disruption,https://www.dw.com/en/hackers-hold-german-hospital-data-hostage/a-19076030,,,
2016,MEDJACK 2 — Evolved Medical Device Hijack Campaign,USA + Global hospitals (3 confirmed case studies),Healthcare & Medical Devices,Medical Device Hijack / APT (evolved),"Unknown APT (nation-state linked, espionage motivation)",,"CSO Online, MEDJACK 2 Report",Confirmed,https://www.csoonline.com/article/556739/medjack-2-old-malware-used-in-new-medical-device-hijacking-attacks-to-breach-hospitals.html,"https://www.csoonline.com/article/556739/medjack-2-old-malware-used-in-new-medical-device-hijacking-attacks-to-breach-hospitals.html#:~:text=Report%20reveals%20how%20attackers%20are%20using%20old,attacks%20to%20create%20backdoors%20into%20hospital%20networks",https://www.jdsupra.com/legalnews/medical-device-malware-medjack-3-poses-85952/,"https://www.jdsupra.com/legalnews/medical-device-malware-medjack-3-poses-85952/#:~:text=3%20Poses%20Threat%20to%20Hospitals,-Linn%20Freedman&text=Medjack%20is%20a%20form%20of,%5BView%20source.%5D"
2016,MedStar Health — Ransomware Attack (DC-Area),USA — Washington D.C. region (10 hospitals),Healthcare & Medical Devices,Ransomware (SamSam suspected),Unknown,,"Dark Daily, MedStar Attack",Confirmed,https://files.asprtracie.hhs.gov/documents/lessons-learned-from-the-medstar-health-system-outage-508.pdf,https://www.dataprivacyandsecurityinsider.com/2016/03/medstar-health-newest-healthcare-victim-of-cyber-attack/,"https://www.dataprivacyandsecurityinsider.com/2016/03/medstar-health-newest-healthcare-victim-of-cyber-attack/#:~:text=MedStar%20Health%20has%20announced%20that,medstar%20health%2C%20ransomware%2C%20Washington%20D.C",
2016,Methodist Hospital Kentucky Locky Ransomware,USA,Healthcare & Medical Devices,Locky ransomware affecting hospital systems,Unknown ransomware actor,,"krebsonsecurity, DHS-FAR | 'Internal%20State%20of%20Emergency'%20After%20Ransomware%20Infection,and%20then%20deletes%20the%20originals.",Confirmed hospital ransomware incident; operational disruption,https://info.publicintelligence.net/DHS-FAR-HospitalRansomware.pdf,https://krebsonsecurity.com/2016/03/hospital-declares-internet-state-of-emergency-after-ransomware-infection/,"https://krebsonsecurity.com/2016/03/hospital-declares-internet-state-of-emergency-after-ransomware-infection/#:~:text=Krebs%20on%20Security-,Hospital%20Declares%20",
2016,Northern Lincolnshire and Goole NHS Malware Outage,United Kingdom,Healthcare & Medical Devices,Malware/virus causing hospital service disruption,Unknown,,"the Guardian, Digital Health",Confirmed hospital malware incident; direct care-delivery impact,https://www.theguardian.com/society/2016/oct/31/hospital-trust-cancels-operations-after-computer-virus-hits-it-system,https://www.digitalhealth.net/2016/10/virus-all-but-shuts-down-northern-lincolnshire-and-goole/,,
2016,Ottawa Hospital Ransomware Infections,Canada,Healthcare & Medical Devices,Ransomware on hospital workstations,Unknown,,,Confirmed limited ransomware incident; low CPS impact,https://www.canhealth.com/2016/03/23/ottawa-hospital-hit-with-ransomware-four-computers-locked/,"https://www.canhealth.com/2016/03/23/ottawa-hospital-hit-with-ransomware-four-computers-locked/#:~:text=OTTAWA%20%E2%80%93%20Four%20computers%20of%20The%20Ottawa,frozen%20by%20ransomware%2C%20which%20encrypted%20the%20information",https://www.infosecinstitute.com/resources/healthcare-information-security/ransomware-case-studies-hollywood-presbyterian-the-ottawa-hospital/,"https://www.infosecinstitute.com/resources/healthcare-information-security/ransomware-case-studies-hollywood-presbyterian-the-ottawa-hospital/#:~:text=%E2%80%9CThe%20malware%20locked%20down%20the,seeing%20a%20spike%20in%20attacks"
2016,Prime Healthcare Chino Valley and Desert Valley Ransomware,USA,Healthcare & Medical Devices,Ransomware affecting hospital systems,Unknown,,"BBC News, NBC DFW",Confirmed hospital ransomware incident; operational impact but no confirmed patient harm,"https://www.bbc.com/news/technology-35880610#:~:text=The%20IT%20systems%20of%20three,being%20investigated%20by%20the%20FBI",https://www.nbcdfw.com/news/national-international/three-us-hospitals-attacked-ransomware/2038862/,,
2016,Royal Melbourne Hospital,Australia,Healthcare & Medical Devices,Malware Infection (Qbot),Unknown,,Sydney Morning Herald,Officially Confirmed,https://www.theage.com.au/national/victoria/royal-melbourne-hospital-attacked-by-damaging-computer-virus-20160118-gm8m3v.html,,,
2017,Abbott / St. Jude Implantable Cardiac Device Vulnerabilities,USA / Global,Healthcare & Medical Devices,Pacemaker cybersecurity vulnerabilities requiring firmware update,Researcher disclosure; no malicious attacker,,"Allens | '.&text=Fortunately%20no%20patients%20have%20been,of%20malfunctions%20or%20cyber%20attacks.",Confirmed medical-device cybersecurity issue; no confirmed exploitation,https://www.allens.com.au/insights-news/insights/2017/10/pulse-unexpected-risks-of-the-iot-revolution-cyber-security/,"https://www.allens.com.au/insights-news/insights/2017/10/pulse-unexpected-risks-of-the-iot-revolution-cyber-security/#:~:text=scenario%2C%20threaten%20life.-,Pacemaker%20recall,require%20authorisation%20to%20do%20so.&text=The%20Therapeutic%20Goods%20Administration%20(the,conclusions%20from%20the%20FDA%20investigations",https://www.asahq.org/advocacy-and-asapac/fda-and-washington-alerts/fda-alerts/2017/08/implantable-cardiac-pacemakers-by-abbott-firmware-update-cybersecurity-vulnerabilities,"https://www.asahq.org/advocacy-and-asapac/fda-and-washington-alerts/fda-alerts/2017/08/implantable-cardiac-pacemakers-by-abbott-firmware-update-cybersecurity-vulnerabilities#:~:text=ISSUE:%20On%20August%2023%2C%202017,to%20cybersecurity%20intrusions%20and%20exploits"
2017,Becton Dickinson Pyxis Vuln,Global,Healthcare & Medical Devices,Supply Chain / Device,ICS-CERT,,CISA / ICS-CERT,Verified Vulnerability,https://www.cisa.gov/news-events/ics-medical-advisories/icsma-17-017-01,"https://www.cisa.gov/news-events/ics-medical-advisories/icsma-17-017-01#:~:text=This%20advisory%20was%20originally%20posted,risk%20associated%20with%20this%20vulnerability",,
2017,Erie County Medical Center Ransomware,USA,Healthcare & Medical Devices,Ransomware disrupting hospital IT systems,Unknown,,healthdatamanagement,Confirmed hospital ransomware incident; operational disruption,https://www.beckershospitalreview.com/healthcare-information-technology/erie-county-medical-center-confirms-ransomware-attack-led-to-computer-system-shutdown/,https://www.healthdatamanagement.com/articles/erie-county-medical-center-anatomy-of-a-ransomware-attack,,
2017,Heritage Valley Health System NotPetya Impact,USA,Healthcare & Medical Devices,NotPetya destructive malware affecting health-system operations,Russian GRU attributed for broader NotPetya campaign by U.S. and allies,,heritage valley Health System,Confirmed healthcare operational disruption; no confirmed patient-data compromise,https://www.heritagevalley.org/news/updates-on-the-cyber-security-incident-at-heritage-valley-health-system/,,,
2017,Nuance Communications — NotPetya Spillover (healthcare EHR provider),USA — global healthcare provider impact,Healthcare & Medical Devices,Destructive Wiper (NotPetya),"Sandworm/GRU (Russia, via NotPetya)",,"AHA — Ransomware Attacks on Hospitals | '%20Services,hospitals%20from%20using%20its%20services.",Confirmed,https://www.hipaajournal.com/notpetya-attack-continues-disrupt-nuance-communications-services-8893/,"https://www.hipaajournal.com/notpetya-attack-continues-disrupt-nuance-communications-services-8893/#:~:text=HIPAA%20Training%20Courses-,NotPetya%20Attack%20Continues%20to%20Disrupt%20Nuance%20Communications",https://www.chiefhealthcareexecutive.com/view/nuance-details-damages-from-notpetya-attack-money-lost-but-phi-safe,"https://www.chiefhealthcareexecutive.com/view/nuance-details-damages-from-notpetya-attack-money-lost-but-phi-safe#:~:text=Nuance%20Details%20Damages%20from%20NotPetya,malware%20actually%20was%20not%20ransomware"
2017,Smiths Medical Medfusion 4000 Syringe Pump Vulnerabilities,USA / Global,Healthcare & Medical Devices,Networked infusion/syringe pump vulnerabilities,Researcher disclosure; no malicious attacker,,"CISA, BBC News | 's%20Medfusion%204000%20Wireless%20Syringe%20Infusion%20Pump.",Confirmed medical-device vulnerability; no confirmed exploitation,https://www.cisa.gov/news-events/ics-medical-advisories/icsma-17-250-02a,"https://www.cisa.gov/news-events/ics-medical-advisories/icsma-17-250-02a#:~:text=Independent%20researcher%20Scott%20Gayou%20has%20identified%20eight,Medical",https://www.bbc.com/news/technology-41242354,
2017,WannaCry Impact on NHS,United Kingdom,Healthcare & Medical Devices,Ransomware (WannaCry),WannaCry ransomware campaign,,Official website,✅ Confirmed,https://www.england.nhs.uk/wp-content/uploads/2018/02/lessons-learned-review-wannacry-ransomware-cyber-attack-cio-review.pdf,,,
2018,Allscripts SamSam Ransomware Cloud EHR Outage,USA,Healthcare & Medical Devices,Ransomware affecting hosted EHR and e-prescribing services,SamSam ransomware actors,,"Security week, wyatt HITECH LAW",Confirmed healthcare software-provider ransomware incident; clinical workflow disruption,https://www.securityweek.com/samsam-ransomware-attacks-hit-healthcare-firms/,"https://www.securityweek.com/samsam-ransomware-attacks-hit-healthcare-firms/#:~:text=The%20more%20recent%20attack%20against,SecurityWeek%20in%20an%20emailed%20statement",https://wyatthitechlaw.com/2018/02/05/ransomware-attack-on-allscripts-cloud-based-ehr-and-e-prescribing-platforms-what-providers-need-to-know/,"https://wyatthitechlaw.com/2018/02/05/ransomware-attack-on-allscripts-cloud-based-ehr-and-e-prescribing-platforms-what-providers-need-to-know/#:~:text=What%20Happened.,roll%2Dout%20of%20security%20updates"
2018,Cass Regional Medical Center Ransomware,USA,Healthcare & Medical Devices,Ransomware via remote access exposure; EHR outage,Unknown,,HIPPA Journal,Confirmed hospital ransomware incident; direct care-routing impact,https://www.jdsupra.com/legalnews/missouri-hospital-diverts-patients-18556/,"https://www.jdsupra.com/legalnews/missouri-hospital-diverts-patients-18556/#:~:text=On%20July%209%2C%202018%2C%20Cass%20Regional%20Medical,ransomware%20attack%20that%20led%20to%20a%20complete",https://www.hipaajournal.com/cass-regional-medical-center-ehr-out-of-action-due-to-ransomware-attack/,"https://www.hipaajournal.com/cass-regional-medical-center-ehr-out-of-action-due-to-ransomware-attack/#:~:text=A%20leading%20international%20forensics%20firm,as%20an%20attack%20is%20detected"
2018,GE Healthcare Imaging Systems Default Credentials,Global,Healthcare & Medical Devices,Default/hard-coded credentials in medical imaging systems,Researcher disclosure; no malicious attacker,,CISA,Confirmed medical-device vulnerability; no confirmed exploitation,https://www.cisa.gov/news-events/ics-medical-advisories/icsma-18-058-02,,,
2018,Hancock Health SamSam Ransomware,USA,Healthcare & Medical Devices,SamSam ransomware against hospital network,SamSam ransomware actors,,Healthcare news,Confirmed hospital ransomware incident; operational disruption,https://www.healthcareitnews.com/news/hancock-health-paid-55000-ransomware-hackers-regain-access-files,,,
2018,HealthCare.gov data breach,USA,Healthcare & Medical Devices,Network intrusion; data exfiltration,Unknown,,Nextgov | nextgov.com/cybersecurity/2018/10/hackers-breach-healthcaregov/152208/,Confirmed by CMS and the DHS.,,,,
2018,LabCorp SamSam Ransomware,USA,Healthcare & Medical Devices,Ransomware affecting laboratory diagnostic operations,SamSam ransomware actors,,"labcorp, SecureReading",Confirmed healthcare/laboratory ransomware incident; diagnostic workflow impact,https://www.labcorp.com/labcorp-it-security-information,"https://www.labcorp.com/labcorp-it-security-information#:~:text=Labcorp%20IT%20Security%20Update%20(updated,updated%20information%20as%20of%20today:",https://securereading.com/labcorp-medical-diagnostic-company-hit-by-ransomware-attack/,"https://securereading.com/labcorp-medical-diagnostic-company-hit-by-ransomware-attack/#:~:text=LabCorp%20Medical%20Diagnostic%20Company%20Hit,LabCorp%20through%20Brute%2Dforce%20RDP"
2018,Medtronic CareLink 2090 Pacemaker Programmer Vulnerabilities,Global,Healthcare & Medical Devices,Pacemaker programmer and software-update supply-chain vulnerability,Security researchers; no malicious attacker,,Weird security news,Verified research demonstration; no confirmed real-world exploitation,https://www.wired.com/story/pacemaker-hack-malware-black-hat/,,,
2018,SingHealth Cyberattack,Singapore,Healthcare & Medical Devices,Targeted data breach,Official inquiry did not reduce the case to a simple criminal label; the public COI confirmed a deliberate cyberattack,,,✅ Confirmed,https://file.go.gov.sg/singhealthcoi.pdf,https://www.moh.gov.sg/newsroom/singhealth%27s-it-system-target-of-cyberattack/,,
2019,AMCA / Quest Diagnostics / LabCorp Supply-Chain Breach,USA,Healthcare & Medical Devices,Third-party billing/vendor data breach,Unknown,,HIPAA Journal,✅ Confirmed,https://www.hipaajournal.com/amca-breach-sparks-flurry-of-lawsuits-and-investigations/,https://newsroom.questdiagnostics.com/AMCADataSecurityIncident,,
2019,Campbell County Health Ransomware,USA,Healthcare & Medical Devices,Ransomware disrupting hospital and clinic systems,Unknown,,HIPPA Journal,Confirmed healthcare ransomware incident; operational disruption,https://www.hipaajournal.com/campbell-county-health-ransomware-attack-causing-major-disruption-to-patient-services/,"https://www.hipaajournal.com/campbell-county-health-ransomware-attack-causing-major-disruption-to-patient-services/#:~:text=Campbell%20County%20Health%20in%20Gillette%2C%20WY%2C%20has,hospital%20systems%20and%20is%20preventing%20access%20to",,
2019,CHU de Rouen Ransomware,France,Healthcare & Medical Devices,Ransomware disrupting university hospital systems,Unknown,,CSIDB: Cyber Security Incedint Database,Confirmed hospital ransomware incident; operational disruption,https://www.csidb.net/csidb/incidents/13b94ffb-1bff-4883-b8d4-6689dafa0bb0/,,,
2019,DCH Health System Ransomware,USA,Healthcare & Medical Devices,Ransomware disrupting multiple hospitals,Unknown,,BBC News,Confirmed hospital ransomware incident; care-routing disruption,https://www.bbc.com/news/technology-49905226,https://etactics.com/blog/the-most-devastating-healthcare-ransomware-attacks-in-2019,"https://etactics.com/blog/the-most-devastating-healthcare-ransomware-attacks-in-2019#:~:text=DCH%20Health%20Systems%20%2D%20Alabama%20(October,Health%20%2D%20Wyoming%20(September%2020)",
2019,Dominion National data breach,USA,Healthcare & Medical Devices,Unauthorised access (9‑year dwell time),Unknown,,Delaware Department of Insurance,Confirmed by Dominion National and the State of Delaware.,https://eu.delawareonline.com/story/news/2019/06/26/95-000-delawareans-impacted-data-breach-lasted-nine-years/1572753001/,"https://eu.delawareonline.com/story/news/2019/06/26/95-000-delawareans-impacted-data-breach-lasted-nine-years/1572753001/#:~:text=95%2C000%20Delawareans%20impacted%20in%20data%20breach%20that%20lasted%20nearly%20nine%20years&text=The%20personal%20data%20of%20roughly,Group%20numbers",,
2019,Medtronic MiniMed 508 and Paradigm Insulin Pump Recall,USA / Global,Healthcare & Medical Devices,Wireless insulin pump vulnerability; unauthorized command risk,Researcher disclosure; no malicious attacker,,CISA,Confirmed medical-device vulnerability/recall; no confirmed exploitation,https://www.cisa.gov/news-events/ics-medical-advisories/icsma-19-178-01,,,
2019,"Medtronic Pacemaker / ICD Vulnerability, FDA Recall Alert",USA/Global — Medtronic cardiac device users,Healthcare & Medical Devices,Wireless Protocol Vulnerability (Unauthenticated RF),Billy Rios & Jonathan Butts (research) / ICS-CERT,,"FDA, Medical Device Cybersecurity",Confirmed,https://www.cisa.gov/news-events/ics-medical-advisories/icsma-19-080-01,"https://www.cisa.gov/news-events/ics-medical-advisories/icsma-19-080-01#:~:text=The%20Conexus%20telemetry%20protocol%20utilized,SECTORS:%20Healthcare%20and%20Public%20Health",https://cyberscoop.com/medtronic-defibrillators-security-dhs-advisory/,"https://cyberscoop.com/medtronic-defibrillators-security-dhs-advisory/#:~:text=Healthcare-,Security%20flaw%20in%20Medtronic%20heart%20defibrillators%20is%20serious%2C%20DHS%20says,and%20other%20clinician%20programming%20tools"
2019,Springhill Medical Center Ransomware and Patient-Safety Lawsuit,USA,Healthcare & Medical Devices,Ransomware disrupting hospital systems,Ryuk suspected in public reporting; not officially confirmed,,healthcareitnews,Confirmed ransomware incident; patient-harm causation disputed,https://www.healthcareitnews.com/news/hospital-ransomware-attack-led-infants-death-lawsuit-alleges,"https://www.healthcareitnews.com/news/hospital-ransomware-attack-led-infants-death-lawsuit-alleges#:~:text=Hospital%20ransomware%20attack%20led%20to,to%20ransomware%20in%20the%20U.S",,
2019,URGENT/11 Medical Devices,Global,Healthcare & Medical Devices,Protocol Vulnerabilities,Armis (Researchers),,Armis / FDA,Verified Vulnerabilities,https://www.armis.com/blog/urgent-11-affects-additional-rtoss-highlights-risks-on-medical-devices/,"https://www.armis.com/blog/urgent-11-affects-additional-rtoss-highlights-risks-on-medical-devices/#:~:text=URGENT/11%20is%20a%20group,to%20spread%20the%20WannaCry%20malware",https://www.fda.gov/news-events/press-announcements/fda-informs-patients-providers-and-manufacturers-about-potential-cybersecurity-vulnerabilities,"https://www.fda.gov/news-events/press-announcements/fda-informs-patients-providers-and-manufacturers-about-potential-cybersecurity-vulnerabilities#:~:text=Today%2C%20the%20U.S.%20Food%20and,the%20Department%20of%20Homeland%20Security"
2019,"Virtual Care Provider — Ryuk (80,000 Nursing Home Computers)",USA — 45 states (nursing home chain),Healthcare & Medical Devices,Ransomware (Ryuk),Wizard Spider (Russia-linked criminal group),,Digital Health Insights — Decade Review | 's%20perceived%20ability%20to%20pay.,Confirmed,https://krebsonsecurity.com/2019/11/110-nursing-homes-cut-off-from-health-records-in-ransomware-attack/,"https://krebsonsecurity.com/2019/11/110-nursing-homes-cut-off-from-health-records-in-ransomware-attack/#:~:text=A%20ransomware%20outbreak%20has%20besieged,victim",https://www.healthcareitnews.com/news/ransomware-attack-cloud-vendor-freezes-nursing-home-ehr-data,"https://www.healthcareitnews.com/news/ransomware-attack-cloud-vendor-freezes-nursing-home-ehr-data#:~:text=EHR-,Ransomware%20attack%20on%20cloud%20vendor%20freezes%20nursing%20home%20EHR%20data,80%2C000%20computers%20across%2045%20states"
2020,Blackbaud supply‑chain ransomware (multiple healthcare entities),USA / Global,Healthcare & Medical Devices,Ransomware; data exfiltration (third‑party),Unknown,,Blackbaud breach notice,"Confirmed by Blackbaud, the University of Alabama, and HHS/OCR.",https://giving.ua.edu/data/,"https://giving.ua.edu/data/#:~:text=The%20attack%20affected%20more%20than%20200%20organizations,and%20donor%20profile%20information%20with%20the%20University",https://www.idtheftcenter.org/post/blackbaud-data-breach-leaves-lasting-impact-on-u-s-and-international-nonprofits/,"https://www.idtheftcenter.org/post/blackbaud-data-breach-leaves-lasting-impact-on-u-s-and-international-nonprofits/#:~:text=What%20Happened,the%20incident%20a%20security%20incident"
2020,Brno University Hospital Cyberattack,Czech Republic,Healthcare & Medical Devices,Cyberattack/ransomware-like incident disrupting hospital IT,Unknown,,"cyberlaw, healthcareitnews",Confirmed hospital cyber incident; direct care-delivery impact,https://cyberlaw.ccdcoe.org/wiki/Brno_University_Hospital_ransomware_attack_(2020),https://www.healthcareitnews.com/news/emea/cyberattack-czech-hospital-forces-tech-shutdown-during-coronavirus-outbreak,,
2020,Düsseldorf University Hospital,Germany,Healthcare & Medical Devices,Ransomware,DoppelPaymer-linked,,BBC news,✅ Pending Review,https://www.bbc.com/news/technology-54204356,,,
2020,Magellan Health ransomware attack,USA,Healthcare & Medical Devices,Ransomware; phishing,Unknown,,"Magellan press release, HIPPA Journal",Confirmed by Magellan Health and HHS/OCR.,"https://www.hipaajournal.com/magellan-health-suffers-ransomware-attack/#:~:text=Magellan%20Health%20has%20announced%20it%20experienced%20a,files%20and%20theft%20of%20some%20employee%20information","https://kehoelawfirm.com/magellan-health-data-breach/#:~:text=Kehoe%20Law%20Firm%2C%20P.C.%20is,.%E2%80%9D%20%5BEmphasis%20added.%5D",,
2020,Ripple20 Device Vulnerabilities,Global,Healthcare & Medical Devices,TCP/IP Library Vulns,JSOF (Researchers),,Kaspersky reports,Verified Vulnerabilities,"https://www.kaspersky.com/blog/ripple20-vulnerabilities/35974/#:~:text=The%20umbrella%20name%20Ripple20%20covers,available%20on%20the%20researchers",https://www.forescout.com/research-labs/ripple20-vulnerability/#:~:text=On%20June%2016th%2C%202020%2C%20nineteen%20vulnerabilities%20affecting%20Treck,,
2020,"Sky Lakes Medical Center, Ryuk Ransomware",USA — Oregon,Healthcare & Medical Devices,Ransomware (Ryuk),Wizard Spider (Ryuk operators),,Digital Health Insights — Decade Review,Confirmed,"https://www.trendmicro.com/en_gb/what-is/ransomware/ryuk-ransomware.html#:~:text=Once%20the%20user%20clicks%20on,path%20or%20attack%20kill%20chain","https://medical.sectra.com/case/from-crisis-to-solution-sky-lakes-medical-centers-rapid-restoration-of-radiology-after-ransomware-attack/#:~:text=The%20mouse%20click%20that%20ignited,workflow%20reminiscent%20of%20the%201970s",,
2020,SweynTooth BLE Vulnerabilities,Global,Healthcare & Medical Devices,Bluetooth Vulnerabilities,Researchers,,FDA.gov,Verified Vulnerabilities,"https://www.fda.gov/news-events/press-announcements/fda-informs-patients-providers-and-manufacturers-about-potential-cybersecurity-vulnerabilities-0#:~:text=FDA%20warns%20patients%2C%20providers%20and%20manufacturers%20about,cybersecurity%20vulnerabilities%20in%20Bluetooth%20Low%20Energy%20wireless","https://www.fujifilm.com/am/en/healthcare/security-information/ff-sweyntooth-2020#:~:text=1.Bluetooth%20Low%20Energy%20Vulnerability%20(SweynTooth).%20FDA%20issued,%C2%B7%202.Summary%20%C2%B7%203.Impacts%20on%20our%20products",,
2020,Universal Health Services (UHS) Ryuk Ransomware,USA,Healthcare & Medical Devices,Ransomware (Ryuk),Wizard Spider,,,✅ Pending Review,https://www.uhs.com/our-response-to-cybersecurity-incident/,https://www.sec.gov,,
2020,University of Vermont Health Network Cyberattack,USA,Healthcare & Medical Devices,Cyberattack/ransomware-like outage affecting EHR and clinical systems,Unknown,,"TechTarget, University of Hawai'I West OAHU",Confirmed healthcare cyber incident; direct clinical workflow impact,https://www.techtarget.com/healthtechsecurity/news/366595483/UVM-Health-Brings-EHR-Back-Online-One-Month-After-Ransomware-Attack,https://westoahu.hawaii.edu/cyber/ics-cybersecurity/ics-weekly-summaries/ransomware-attack-on-the-university-of-vermont-health-network/,,
2020,Vastaamo Psychotherapy Data Extortion,Finland,Healthcare & Medical Devices,Healthcare data breach and patient extortion,Unknown extortion actor,,BBC news,Confirmed healthcare data-extortion incident; CPS relevance indirect,https://www.bbc.com/news/technology-54692120,,,
2021,Accellion FTA zero‑day breaches (multiple healthcare entities),USA / Global,Healthcare & Medical Devices,Supply‑chain zero‑day; data exfiltration,Clop ransomware group,,threatpost,Confirmed by Accellion and the FBI.,https://threatpost.com/accellion-zero-day-attacks-clop-ransomware-fin11/164150/,"https://threatpost.com/accellion-zero-day-attacks-clop-ransomware-fin11/164150/#:~:text=Accellion%20FTA%20Zero%2DDay%20Attacks%20Show%20Ties%20to%20Clop%20Ransomware%2C%20FIN11&text=Share%20this%20article:,legacy%20File%20Transfer%20Appliance%20product.&text=Multiple%20Accellion%20FTA%20customers%2C%20including,Mandiant%20findings%2C%20issued%20on%20Monday",,
2021,BadAlloc RTOS Vulnerabilities,Global,Healthcare & Medical Devices,RTOS Vulnerabilities,Microsoft IoT Research,,CISA / Microsoft,Verified Vulnerabilities,https://www.microsoft.com/en-us/msrc/blog/2021/04/badalloc-memory-allocation-vulnerabilities-could-affect-wide-range-of-iot-and-ot-devices-in-industrial-medical-and-enterprise-networks,"https://www.microsoft.com/en-us/msrc/blog/2021/04/badalloc-memory-allocation-vulnerabilities-could-affect-wide-range-of-iot-and-ot-devices-in-industrial-medical-and-enterprise-networks#:~:text=%E2%80%9CBadAlloc%E2%80%9D%20is%20the%20name%20assigned,resulting%20in%20a%20heap%20overflow",https://www.malwarebytes.com/blog/news/2021/04/iot-riddled-with-badalloc-vulnerabilities,"https://www.malwarebytes.com/blog/news/2021/04/iot-riddled-with-badalloc-vulnerabilities#:~:text=The%20vulnerabilities%20included%20in%20BadAlloc,days%2C%20campaigns%2C%20and%20adversaries"
2021,Elekta Supply Chain Attack,USA / Global,Healthcare & Medical Devices,Ransomware,Unknown,,AHA / TechCrunch,Officially Confirmed,https://compliancy-group.com/healthcare-vendor-ransomware-attack-170-health-systems-hit/,"https://compliancy-group.com/healthcare-vendor-ransomware-attack-170-health-systems-hit/#:~:text=Healthcare%20Vendor%20Ransomware%20Attack%20Stalls,transferred%20to%20other%20treatment%20facilities",,
2021,Eskenazi Health — Ransomware + Data Leak,USA — Indiana,Healthcare & Medical Devices,Ransomware + Double Extortion,Vice Society (cybercriminal group),,Digital Health Insights — Decade Review,Confirmed,https://www.eskenazihealth.edu/news/update-on-eskenazi-health-cyber-incident,https://www.wfyi.org/health/2021-08-24/eskenazi-hospital-data-taken-in-ransomware-hack,,
2021,Fresenius Kabi Agilia Connect Infusion System Vulnerabilities,Global,Healthcare & Medical Devices,Infusion system vulnerabilities; possible remote manipulation of infusion environment,Researcher disclosure; no malicious attacker,,CISA,Confirmed infusion-system vulnerability; no confirmed exploitation,https://www.cisa.gov/news-events/ics-medical-advisories/icsma-21-355-01,,,
2021,Ireland HSE Ransomware Attack,Ireland,Healthcare & Medical Devices,Ransomware (Conti),Wizard Spider / Conti,,HSE website,✅ Pending Review,https://www.hse.ie/eng/services/news/media/pressrel/hse-cyber-attack.html,,,
2021,Memorial Health System Hive Ransomware,USA,Healthcare & Medical Devices,Hive ransomware disrupting hospital operations,Hive ransomware group,,U.S. Department of Justice,Confirmed healthcare ransomware incident; direct care-delivery impact,https://www.justice.gov/archives/opa/pr/us-department-justice-disrupts-hive-ransomware-variant?bm-verify=AAQAAAAN_____7CKL-QLiwadtAezhuZJuGA_jnnaozh1RMGb3uoVPbiaUZ0oyVt_GODZPavkZTlJogiWVBoCy0W0GRBYAXysnOzdW8p8VxEu_3pxOqnRKVJRLXiLlOSuA7t24M4kWSqV-zAXzjP2bVQNPsxKPHuJRoboc7Q8px_6ogFwZ1KdNVJqFw-Xf4dKfBkDICZQpDnrurPEshGBY3ukINtqLoqZJ7WG14xgmMrI48y8TZCSgEmcgb97tzTdcqB5A5loWWz_TpJpJ2j710WvezxCqj0paLCjbZEJLTfaqP83IlgOlYJLvA6_hri7fCegHaAp54OrmxlnzUJTDDid8vFuo0BKfzEb0RuuMfAEzPYTFtk3muPljtza,,,
2021,Philips Tasy EMR Vulnerabilities,Global,Healthcare & Medical Devices,Electronic medical record software SQL injection and related vulnerabilities,Public vulnerability disclosure; no specific malicious attacker,,CISA,Confirmed healthcare software vulnerability; no confirmed exploitation,https://www.cisa.gov/news-events/ics-medical-advisories/icsma-21-187-01,,,
2021,Scripps Health Ransomware,USA,Healthcare & Medical Devices,Ransomware / malware-driven outage,Unknown,,,✅ Confirmed,https://cybersolarium.org/csc-2-0-reports/healthcare-cybersecurity-needs-a-check-up/,https://www.scripps.org/news_items/7217-update-on-cybersecurity-incident,https://www.fiercehealthcare.com/hospitals/may-cyber-attack-cost-scripps-nearly-113m-lost-revenue-more-costs,
2021,Waikato District Health Board Ransomware,New Zealand,Healthcare & Medical Devices,Ransomware/cyberattack affecting multiple hospitals,Unknown,,"WikiPedia, Health New Zealand",Confirmed hospital cyber incident; care disruption and data leak,https://en.wikipedia.org/wiki/Waikato_District_Health_Board_ransomware_attack,https://www.tewhatuora.govt.nz/assets/Publications/Proactive-releases/WDHB-Final-Report-2.0-redacted.pdf,,
2022,"AIIMS New Delhi, Ransomware (India's Premier Hospital)",India - New Delhi,Healthcare & Medical Devices,Ransomware (WannaCry variant + Mimikatz + Trojan),State-sponsored Chinese actors suspected (server IPs traced to China/Hong Kong by CERT-In),,Healthcare IT News — AIIMS DelhiACE Cloud — AIIMS Attack Analysis,✅ Confirmed,https://www.healthcareitnews.com/news/asia/aiims-delhi-turns-manual-following-ransomware-attack,,,
2022,Centre Hospitalier Sud Francilien Ransomware,France,Healthcare & Medical Devices,Ransomware disrupting hospital IT and patient routing,LockBit 3.0 claimed responsibility,,anvilogic,Confirmed hospital ransomware incident; direct care-routing impact,https://www.anvilogic.com/threat-reports/lockbit-hacks-french-hospital,,,
2022,CommonSpirit Health Ransomware,USA,Healthcare & Medical Devices,Ransomware,Unknown,,,✅ Confirmed,https://www.commonspirit.org/news-and-perspectives/press-releases/commonspirit-health-releases-update-on-it-security-incident,https://www.commonspirit.org/content/dam/shared/en/pdfs/investor-resources/3-31-2024-Unaudited-Quarterly-Report.Final.Secured.pdf,,
2022,Costa Rican Social Security Fund CCSS Hive Ransomware,Costa Rica,Healthcare & Medical Devices,Hive ransomware against national healthcare system,Hive ransomware group,,WikiPedia,Confirmed national healthcare ransomware incident; direct care-delivery impact,https://en.wikipedia.org/wiki/2022_Costa_Rican_ransomware_attack,,,
2022,Hospital Center of Versailles,France,Healthcare & Medical Devices,Ransomware,Unknown,,"Atlas, Security week",✅ Confirmed,"https://www.atlas-mag.net/en/articles/versailles-hospital-center-victim-cyber-attack-0#:~:text=The%20computer%20attack%20targeted%20the%20entire%20hospital,retirement%20home%20and%20the%20Richaud%20hospital%20in",https://www.securityweek.com/french-hospital-cancels-operations-after-cyberattack/,,
2022,Medibank - Australia,Australia,Healthcare & Medical Devices,Data Breach,Aleksandr Ermakov,,Cyberarrow,✅ Pending Review,https://www.cyberarrow.io/blog/medibank-data-breach/,,,
2022,Medtronic MiniMed 600-Series Insulin Pump Vulnerabilities,USA / Global,Healthcare & Medical Devices,Wireless insulin pump vulnerability; unauthorized insulin-delivery risk,Researcher disclosure; no malicious attacker,,NHS website,Confirmed medical-device vulnerability; no confirmed exploitation,https://digital.nhs.uk/cyber-alerts/2022/cc-4176,,,
2022,OakBend Medical Center Ransomware,USA,Healthcare & Medical Devices,Ransomware/data theft against hospital systems,Daixin Team claimed responsibility in public reporting,,HIPPA Journal,Confirmed hospital ransomware/data incident; operational impact,https://www.hipaajournal.com/oakbend-medical-center-suffers-ransomware-attack/,,,
2022,PTC Axeda Agent / Axeda Desktop Server Vulnerabilities,Global medical-device software supply chain,Healthcare & Medical Devices,Remote code execution and supply-chain software vulnerabilities affecting connected devices,Researcher disclosure; no malicious attacker,,CISA,Confirmed medical-device software supply-chain vulnerability; no confirmed exploitation,https://www.cisa.gov/news-events/ics-advisories/icsa-22-067-01,,,
2022,Tenet Healthcare,USA,Healthcare & Medical Devices,Cyberattack,Unknown,,HIPPA Journal,✅ Confirmed,https://www.hipaajournal.com/tenet-healthcare-cyberattack-had-a-100-million-unfavorable-impact/,,,
2023,B. Braun Battery Pack SP with Wi-Fi Vulnerabilities,Global,Healthcare & Medical Devices,Infusion pump battery/communication vulnerabilities,Researcher disclosure; no malicious attacker,,,Confirmed medical-device vulnerability; no confirmed exploitation,https://www.cisa.gov/news-events/ics-medical-advisories/icsma-23-194-01,,,
2023,Barts Health NHS Trust,UK,Healthcare & Medical Devices,Ransomware (ALPHV),BlackCat (ALPHV),,BBC News,Officially Confirmed,https://www.bbc.com/news/technology-62506039,,,
2023,Fortra GoAnywhere MFT supply‑chain breach (multiple hospitals),USA,Healthcare & Medical Devices,Supply‑chain zero‑day; data exfiltration,Clop ransomware group,,"cybersecuritydive, Scworld",Confirmed by Fortra and the FBI.,https://www.cybersecuritydive.com/news/ransomware-spree-goanywhere/646152/,"https://www.cybersecuritydive.com/news/ransomware-spree-goanywhere/646152/#:~:text=Fortra%2C%20the%20company%20behind%20the,Callow%2C%20threat%20analyst%20at%20Emsisoft",https://www.scworld.com/news/clop-ransomware-hack-of-fortra-goanywhere-mft-hits-1m-chs-patients,
2023,HCA Healthcare Data Breach,USA,Healthcare & Medical Devices,Data exfiltration,Unknown (criminal actor),,HCA Healthcare press release; HHS OCR database; Reuters,✅ Pending Review,https://www.reuters.com/technology/hca-healthcare-discloses-leak-certain-patient-related-data-2023-07-10/,"https://www.reuters.com/technology/hca-healthcare-discloses-leak-certain-patient-related-data-2023-07-10/#:~:text=Hospital%20operator%20HCA%20Healthcare%20said%20on%20Monday,had%20been%20leaked%20to%20an%20online%20forum",https://www.healthcaredive.com/news/HCA-Healthcare-data-security-11-million-patients-affected/685985/,
2023,HealthAlliance Hospital and Margaretville Hospital Cyberattack,USA,Healthcare & Medical Devices,Cyberattack causing hospital downtime and ambulance diversion,Unknown,,,Confirmed hospital cyber incident; direct care-routing impact,https://www.paubox.com/news/cyberattack-shuts-down-new-york-hospitals,https://www.bitdefender.com/en-us/blog/hotforsecurity/ambulances-diverted-after-new-york-hospitals-hit-by-cyber-attack,,
2023,Hospital Clínic de Barcelona Ransomware,Spain,Healthcare & Medical Devices,Ransomware,"Official hospital statement confirmed ransomware; public attribution to RansomHouse exists, but I would not mark that as official here",,,✅ Pending Review,https://www.anvilogic.com/threat-reports/barcelona-hospital-cyberattack,https://www.reuters.com/world/europe/barcelona-hospital-cancels-150-operations-after-cyberattack-2023-03-06/,https://www.clinicbarcelona.org/en/news/computer-attack-on-the-frcb-idibaps,
2023,Lehigh Valley Health Network ALPHV/BlackCat Extortion,USA,Healthcare & Medical Devices,Ransomware/data theft and extortion involving patient images,ALPHV/BlackCat,,HIPPA Journal,Confirmed healthcare extortion/data incident; CPS impact indirect,https://www.hipaajournal.com/lehigh-valley-health-network-blackcat-settlement/,https://hipaatimes.com/lvhn-reaches-65-million-settlement-over-2023-data-breach,,
2023,"MOVEit Zero-Day, CMS + Healthcare Mass Breach",USA + Global — healthcare supply chain,Healthcare & Medical Devices,Supply Chain Zero-Day Exploit (MOVEit Transfer),Cl0p (Russia-linked ransomware group),,Chief Healthcare Executive — 2023 Attacks,Confirmed,https://www.gross-shuman.com/documents/Intranet%20Content/Cyber%20Case%20Study%20-%20MOVEit%20Data%20Breach.pdf,"https://stripeolt.com/insights/cyber-security/moveit-supply-chain-attack/#:~:text=On%20the%2031st%20of,that%20use%20MOVEit%20file%20transfer.&text=%E2%80%93%20Joint%20advisory%20from%20the%20CISA,FBI%2C%207th%20of%20June",,
2023,Prospect Medical Holdings Cyberattack,USA,Healthcare & Medical Devices,Cyberattack / likely ransomware-driven operational disruption,Unknown,,"CBS News, Prospectmedical",✅ Pending Review,https://www.cbsnews.com/news/prospect-medical-cyberattack-california-pennsylvania-hospital/,,,
2024,"Acadian Ambulance Service, Daixin Team Ransomware","USA, Southeast US states",Healthcare & Medical Devices,Ransomware + Double Extortion (Daixin Team),Daixin Team (Russia-linked),,"HIPAA Time, data breach",Confirmed,https://hipaatimes.com/acadian-ambulance-faces-class-action-lawsuit,"https://hipaatimes.com/acadian-ambulance-faces-class-action-lawsuit#:~:text=What%20happened,negative%20impact%20on%20patient%20care.%E2%80%9D",https://databreach.com/breach/acadian-ambulance-2024,
2024,Ann & Robert H. Lurie Children’s Hospital Cyberattack,USA,Healthcare & Medical Devices,Cyberattack / ransomware-related disruption,"Hospital confirmed outside criminal actor; public reporting discussed Rhysida, but not as a fully settled official attribution in the hospital’s own early statements",,,✅ Pending Review,https://news.wttw.com/2024/02/08/criminal-actor-blame-dayslong-cyberattack-lurie-children-s-hospital-officials-say,https://www.luriechildrens.org/en/news-stories/notice-of-data-security-incident/,https://www.mass.gov/doc/assigned-data-breach-number-2024-1211-ann-robert-h-lurie-childrens-hospital-of-chicago/download,
2024,Ascension Health Ransomware,USA,Healthcare & Medical Devices,Ransomware,Black Basta,,HIPPA Journal,✅ Pending Review,https://www.hipaajournal.com/ascension-cyberattack-2024/,,,
2024,Change Healthcare / UnitedHealth Ransomware,USA,Healthcare & Medical Devices,Ransomware + data theft (ALPHV/BlackCat),ALPHV/BlackCat (Russia-linked RaaS),,Congress US,✅ Pending Review,https://www.congress.gov/crs-product/IN12330,,,
2024,HealthEquity — Partner Device Intrusion,USA — national HSA/benefits provider,Healthcare & Medical Devices,Supply Chain / Vendor Device Compromise,Unknown (accessed via compromised partner SharePoint environment),,healthcareitnews,Confirmed,https://www.healthcareitnews.com/news/healthequity-breach-puts-data-43m-individuals-risk,"https://www.healthcareitnews.com/news/healthequity-breach-puts-data-43m-individuals-risk#:~:text=HealthEquity%20breach%20puts%20data%20of,along%20with%20payment%20card%20information",https://www.accountablehq.com/post/healthequity-data-breach-2024-what-we-know-who-may-be-affected-and-how-to-protect-yourself,
2024,McLaren Health Care Ransomware/Data Breach,USA,Healthcare & Medical Devices,Ransomware/data breach affecting health system,INC Ransom claimed responsibility in public reporting,,HIPPA Journal,Confirmed healthcare cyber incident; operational/data impact,https://www.hipaajournal.com/mclaren-health-care-investigating-potential-cyberattack/,,,
2024,NHS Dumfries and Galloway INC Ransom Attack,United Kingdom,Healthcare & Medical Devices,Ransomware/data theft against health board,INC Ransom claimed responsibility,,NHS website,Confirmed healthcare ransomware/data incident; limited direct operational impact,https://www.nhsdg.co.uk/cyberattack/,,,
2024,OneBlood Ransomware Event,USA,Healthcare & Medical Devices,Ransomware affecting blood-supply operations,Unknown,,,✅ Pending Review,https://apnews.com/article/blood-center-cyberattack-ransomware-florida-d82905237830b55fbbad30acee116893,https://www.oneblood.org/media/blog/cybersecurity-incident.stml,https://www.oneblood.org/pages/ransomware-details.html,
2024,Philips Vue PACS Vulnerabilities Update,Global,Healthcare & Medical Devices,PACS vulnerabilities including default credentials and denial-of-service risk,Researcher/public disclosure; no malicious attacker,,"Philips website, HIPAA Journal",Confirmed medical imaging system vulnerability; no confirmed exploitation,https://digital.nhs.uk/cyber-alerts/2024/cc-4529,https://www.hipaajournal.com/multiple-critical-vulnerabilities-affect-philips-vue-pacs-products/,"https://www.hipaajournal.com/multiple-critical-vulnerabilities-affect-philips-vue-pacs-products/#:~:text=Multiple%20vulnerabilities%20have%20been%20identified,1.5%20and%20prior",
2024,Planned Parenthood of Montana RansomHub Attack,USA,Healthcare & Medical Devices,Ransomware/data theft affecting reproductive-health provider,RansomHub claimed responsibility,,HIPAA Journal,Confirmed healthcare provider ransomware/data incident; CPS relevance indirect,https://www.hipaajournal.com/planned-parenthood-ransomware-2024/,,,
2024,Synnovis Pathology Ransomware Incident,United Kingdom,Healthcare & Medical Devices,Ransomware + service disruption,"NHS England confirmed ransomware; public reporting later tied it to Qilin, but the safest official row is “ransomware, attacker not officially confirmed here”",,,✅ Pending Review,https://www.england.nhs.uk/synnovis-cyber-incident/,https://www.synnovis.co.uk/cyber-attack-update,https://www.england.nhs.uk/2024/06/synnovis-cyber-attack-statement-from-nhs-england/,
2025,Barts Health NHS Trust data breach (Oracle E‑Business Suite zero‑day),United Kingdom,Healthcare & Medical Devices,Zero‑day exploitation (CVE‑2025‑61882); data exfiltration,Clop ransomware group,,SecurityAffairs ; Barth’s Health notice,Confirmed by the Trust and UK NCSC.,https://www.oracle.com/security-alerts/alert-cve-2025-61882.html,https://securityaffairs.com/185447/data-breach/oracle-ebs-zero-day-used-by-clop-to-breach-barts-health-nhs.html,,
2025,Contec CMS8000 / Epsimed MN-120 Patient Monitor Vulnerabilities,Global / USA,Healthcare & Medical Devices,"Patient-monitor backdoor, remote-control risk, data exfiltration",No attacker group; FDA/CISA vulnerability disclosure,,FDA US Food and Drug,Confirmed medical-device cybersecurity vulnerabilities; no known patient harm reported by FDA,https://www.fda.gov/medical-devices/safety-communications/cybersecurity-vulnerabilities-certain-patient-monitors-contec-and-epsimed-fda-safety-communication,,,
2025,Cookeville Regional Medical Center ransomware attack,USA (Tennessee),Healthcare & Medical Devices,Ransomware (Rhysida),Rhysida ransomware group,,Comparitech; Cookeville Regional Medical Center press release on their Facebook account,Confirmed by CRMC and HHS/OCR.,"https://securityaffairs.com/tag/rhysida-ransomware#:~:text=Cookeville%20Regional%20Medical%20Center%20hospital,Rhysida%20group%2C%20involved%20%5B%E2%80%A6%5D",https://www.facebook.com/cookevilleregionalmedicalcenter/posts/cookeville-regional-confirms-ransomware-attack-cookeville-regional-medical-cente/1378113877236293/,,
2025,DaVita Ransomware,USA / Global dialysis provider,Healthcare & Medical Devices,Ransomware and data breach affecting dialysis provider,Unknown in official disclosures,,"Reuters, Techtarget",Confirmed healthcare ransomware/data incident; critical-care provider relevance,"https://www.techtarget.com/healthtechsecurity/news/366629809/DaVita-ransomware-attack-impacts-27M-individuals#:~:text=Published:%2025%20Aug%202025,to%20have%20stolen%20from%20DaVita","https://www.reuters.com/business/healthcare-pharmaceuticals/ransomware-attack-davita-impacted-27-million-people-us-health-dept-website-shows-2025-08-21/#:~:text=The%20cybersecurity%20incident%20had%20resulted,Safi%20Shamsi%20and%20Alan%20Barona",,
2025,Fred Hutchinson Cancer Center — Hunters International,"USA — Seattle, Washington",Healthcare & Medical Devices,Ransomware + Patient Extortion,Hunters International (cybercriminal group),,HIPAA Journal — Healthcare Breach Statistics,Confirmed,"https://hipaatimes.com/fred-hutchinson-and-university-of-wa-settle-data-breach-lawsuit-for-11.5m#:~:text=The%20backstory,risk%20having%20it%20published%20online","https://hipaatimes.com/fred-hutch-to-pay-11.5-million-in-data-breach-settlement#:~:text=Fred%20Hutch%20to%20pay%20$11.5,hours%20and%20engaging%20forensic%20investigators",,
2025,Frederick Health Ransomware,USA,Healthcare & Medical Devices,Ransomware/cyberattack disrupting hospital systems,Unknown,,PauBox,Confirmed hospital cyber incident; direct clinical availability impact,https://www.paubox.com/blog/frederick-health-ransomware-attack-affects-nearly-1-million,,,
2025,Kettering Health Interlock Ransomware,USA,Healthcare & Medical Devices,Ransomware disrupting multi-hospital health system,Interlock ransomware group,,HIPAA Journal,Confirmed healthcare ransomware incident; direct care-delivery impact,https://www.hipaajournal.com/kettering-health-ransomware-attack/,,,
2025,New York Blood Center Enterprises Ransomware,USA,Healthcare & Medical Devices,Ransomware disrupting blood-center operations,Unknown,,HIPAA Journal,Confirmed blood-supply cyber incident; healthcare CPS supply-chain impact,https://www.hipaajournal.com/new-york-blood-center-enterprises-ransomware/,,,
2026,CareCloud EHR Environment Breach,USA,Healthcare & Medical Devices,Unauthorized access to cloud EHR environment and service disruption,Unknown,,techradar,Confirmed healthcare technology/EHR incident; clinical-workflow relevance; data impact still under investigation,https://www.techradar.com/pro/security/healthcare-tech-firm-carecloud-admits-data-breach-says-hackers-accessed-patient-info-heres-what-we-know,,,
2026,ChipSoft ransomware supply‑chain attack,Netherlands,Healthcare & Medical Devices,Ransomware; supply‑chain compromise,“Embargo” ransomware group,,"theregister, AKI",Confirmed by ChipSoft and Z‑CERT.,https://www.theregister.com/2026/04/08/chipsoft_ransomware/#:~:text=ChipSoft,https://www.akisr.sk/when-the-supplier-is-the-single-point-of-failure-the-chipsoft-attack-and-a-lesson-for-slovak-healthcare,,
2026,Qilin ransomware attack on Rocky Mountain Care,USA,Healthcare & Medical Devices,Ransomware (Qilin),Qilin ransomware group,,UpGuard ; [Qilin dark‑web leak site],Claimed by the threat actor and confirmed by the provider’s breach notification.,"https://www.upguard.com/news/rocky-mountain-care-data-breach-2026-03-31#:~:text=On%20February%2023%2C%202026%2C%20the%20threat%20actors,Mountain%20Care%20is%20currently%20working%20with%20third","https://www.paubox.com/blog/rocky-mountain-care-discloses-ransomware-attack-qilin-claims-responsibility#:~:text=3%20min%20read-,Rocky%20Mountain%20Care%20discloses%20ransomware%20attack%2C%20Qilin%20claims%20responsibility,whether%20a%20ransom%20was%20paid",,
2026,Qilin / Ransomware Attacks on German Medical Facilities,"Germany, multiple hospital networks",Healthcare & Medical Devices,Ransomware (ongoing 2025–2026 wave),"Multiple groups (Qilin, LockBit successor groups)",,"dexpose, securityaffairs",Partial,https://securityaffairs.com/190348/cyber-crime/qilin-ransomware-group-claims-the-hack-of-german-political-party-die-linke.html,https://www.dexpose.io/qilin-ransomware-attack-on-kruss-german-manufacturing-sector-targeted/,,
2026,Stryker Cyberattack,USA / Global medical-device manufacturer,Healthcare & Medical Devices,Cyberattack disrupting medical-device manufacturer operations,Handala claimed responsibility in public reporting; attribution not independently confirmed,,Reuters,Confirmed medical-device manufacturer cyber incident; supply-chain impact; no connected-device compromise confirmed,https://www.reuters.com/technology/stryker-says-cyberattack-its-network-contained-2026-03-17/,,,
2026,University of Mississippi Medical Center Ransomware,USA,Healthcare & Medical Devices,Ransomware/cyberattack disrupting academic medical center systems,Unknown,,"cybersecuritydive, University of Mississippi Medical Center",Confirmed 2026 healthcare ransomware incident; direct care-delivery impact,https://www.cybersecuritydive.com/news/university-mississippi-medical-center-ransomware-attack/813507/,https://www.techtarget.com/healthtechsecurity/news/366639393/UMMC-closes-clinics-amid-ransomware-attack,,
2011,Illinois Water Utility Hack,"Illinois, USA",Water & Wastewater,Attackers reportedly gained remote access to a water pump system and caused a pump to burn out.,NOt identified,the pump kept turning on and off and eventually burnt out.,report collected by the Illinois Statewide Terrorism and Intelligence Center.,✅ Disputed as False alarm,,,,
2012,Key Largo Wastewater Treatment District,"Florida, USA",Water & Wastewater,"the former Chief Financial Officer (CFO) of Floridas Key Largo Wastewater Treatment District illegally accessed the districts computer system to download emails and other personal documents. He performed these actions using the credentials of other employees, after the district did not renew his contract.",Sal Zapulla,"Emails related to Sal Zapulla, he wanted to prove the sytem was vulnerable","The Miami Herald, GovTech",,https://www.govtech.com/public-safety/Report-Hacking-Lands-Florida-Wastewater-Official-in-Hot-Water.html,"https://www.govtech.com/public-safety/Report-Hacking-Lands-Florida-Wastewater-Official-in-Hot-Water.html#:~:text=The%20former%20chief%20financial%20officer,and%20files%20related%20to%20himself",,
2013,Bowman Avenue Dam Intrusion,USA (New York),Water & Wastewater,Unauthorized access to dam control-related systems,Seven Iranian hackers charged by DOJ; linked to IRGC-affiliated entities in U.S. indictment,"U.S. authorities said Iranian hackers infiltrated systems related to the Bowman Avenue Dam, a flood-control dam in New York. Public reporting says the attackers reached back-office or control-related access, but the sluice gate had been offline for maintenance, limiting operational consequence.",DOJ indictment / DOJ press release; Reuters,✅ Confirmed,https://www.justice.gov/archives/opa/pr/seven-iranians-working-islamic-revolutionary-guard-corps-affiliated-entities-charged?utm_source=chatgpt.com&bm-verify=AAQAAAAN_____2kH5q-njCj5WDEK-ycC_O1uAjG-jTYh20AzO7Yz7IciZxXi72iwfSWzrGtRzwzteED6WB3KDyiwewnmiRWG4OS24VhbnW1UaT4bcSaAc8YUMYPJQVLKnMzyDbjF2zXfthPII52HNCeJLrNB2ZWIs9PMTjCn-CduJQALFcuiG7LIFiZKcitcpTAmoc9xxfUSUx8IhezfhXIGyDjnMyb-YeKvFoF7gwdxzjS-j1Bjuzl80p6HZm7IKpjkDiljuKHyhE98bAgz3Z6vwWZRCF_IkyryCYkBPQ2S0I-U8VqXovU-vDataKqOK1Cxr030g95BgZ5YzY6CcnLLTC3IXTMZQPD-gdqF70S5MRkQi5gqywso30qTxzuNfzkb9pR75U63Dsiqb_Jkf12A4zvZETIx0bpgzoTSTo2VYAclugKlZmEBgDIg7ZdjIQKW,https://www.reuters.com/article/technology/u-s-to-blame-iran-for-cyber-attack-on-small-ny-dam-sources-idUSKCN0WC2NR/,,
2014,Five water utilities,USA,Water & Wastewater,unauthorized access to protected computers by fired employee,UNidentified,"The attack was caused by a fired employee of the company that manufactured the smart water meters—named company A in court’s documents—who gained unauthorized access to protected computers. More specifically, the employee used to work as a field radio frequency engineer and was fired in November 2013. A few weeks later, using his access to the base station network, he conducted various malicious activities, such as changing the root passwords, modifying the TGB radio frequency, and overwriting computer scripts","five water utilities across three states in the U.S. experienced some problems with their smart water meters. In particular, they faced inaccurate water bills and the deactivation of the Tower Gateway Base Stations (TGB), which receive signals from the water meters and transfer them to centralized facilities for monitoring and billing purposes. The first incident was reported by Kennebec Water District (Maine), where the utility could not connect to the TGB. Other nine attacks were reported in Spotswood (New Jersey), Egg Harbor (New Jersey), Aliquippa (Pennsylvania), and New Kensington (Pennsylvania).",✅ Confirmed,,,,
2016,“Kemuri” Water Company Compromise,USA (facility identity undisclosed),Water & Wastewater,ICS intrusion / PLC manipulation via exposed web-connected system,Not publicly identified; Verizon used a pseudonym for the victim,"Verizon reported that attackers accessed a water utility’s control environment, manipulated PLC-linked applications, altered water treatment chemical levels, and disrupted water flow. This is a strong CPS-style case, but the utility identity is intentionally undisclosed.",Verizon case study; OSTI history of ICS incidents | Kemuri Water Company (2016-03-22) Cyber-Attack Hack Breach - The Cyber Security Incident Database (CSIDB),✅ Confirmed,https://maritimecyprus.com/wp-content/uploads/2016/03/verizon_data-breach-digest_en-1.pdf,https://www.osti.gov/servlets/purl/1505628,https://www.csidb.net/csidb/incidents/41fb6126-5b54-4ba0-9948-6b11ed5aeafb/?utm_source=copilot.com,
2016,Maroochynny cyberattack,Ukraine,Water & Wastewater,Cyberattack,Russian‑linked cyber actors,Remote access to SCADA system; attempted alteration of pump controls; no confirmed contamination or service cut.,,,https://wisdiam.com/publications/recent-cyber-attacks-water-wastewater/,,,
2016,An undisclosed drinking water utility,USA,Water & Wastewater,Heavy network traffic,UNidentified,"the system administrator of a small water utility noticed the emergence of suspicious network traffic data. In particular, the administrator found heavy network traffic originating from the control panel of a pumping station. This triggered the possibility of a cyber-attack and a subsequent call to ICSCERT. An official investigation was promptly launched",,✅ Confirmed,https://arxiv.org/pdf/2001.11144,,,
2016,An undisclosed drinking water utility,USA,Water & Wastewater,Sixnet BT Series Hardcoded Credentials Vulnerability exploitation,unidentified,"The utility had seven Sixnet BT series cellular routers, which provided wireless access for monitoring the utilitys pumping stations as well as a few other sites. Four of these seven routers were compromised by the hackers. The hack was believed to be an opportunistic action to steal valuable internet bandwidth, resulting in the the authoritys cellular data bill soaring from an average of $300 a month to $45,000 in December 2016 and $53,000 in January 2017. However, the intrusion did not damage the utility’s infrastructure and did not cause any physical harm",DHS,✅ Confirmed,https://arxiv.org/pdf/2001.11144,,,
2017,A regional water supplier,UK,Water & Wastewater,Client credentials reset,UNidentified,"After the clients credential were reset, it emerged that the details of some registered bank accounts were also changed, so that refunds issued to the customers were transferred fraudulently to these new bank accounts. In particular, the diverted refunds totaled over £500,000 and were directed to two bank accounts in England. The banks holding these accounts were socially engineered and allowed the holders to quickly transfer the majority of the funds to other bank accounts in Dubai and the Bahamas. Subsequently, these funds were used to purchase Bitcoins, which were then transferred to addresses associated with a Bitcoin mixing service, thus preventing any subject to be identified by following this trail further.",,✅ Confirmed,https://arxiv.org/pdf/2001.11144,,,
2018,A European water utility,,Water & Wastewater,suspicious network traffic,unidentified,"A series of new links to external IP addresses created a major network topology change, which triggered several alerts. The destination IP addresses were looked up, but this did not lead to any malicious site. Further investigation revealed that the addresses belonged to a MinerCircle Monero Pool. This led to the detection of crypto-mining malware in the OT network of the water utility. The investigation classified nearly 40% of the traffic as related to mining operations, causing a 60% surge in the overall bandwidth consumption. The investigation found no attempts of manipulating the controller configuration or sending commands.",,,https://arxiv.org/pdf/2001.11144,,,
2018,ONWASA Ransomware Attack,USA (North Carolina),Water & Wastewater,Ransomware (Emotet + Ryuk),Unknown / criminal actors,"ONWASA confirmed a ransomware attack that caused catastrophic IT/data loss and forced rebuilding of databases and systems. Water and wastewater service continued, so this is a confirmed water-sector cyber incident but primarily an IT/business-system disruption rather than a direct OT sabotage case.",ONWASA financial report; contemporaneous reporting,✅ Confirmed,https://www.onwasa.com/DocumentCenter/View/3746/ONWASA-CAFR-2018-FINAL,https://cyberscoop.com/ransomware-hits-onwasa-computer-network-north-carolina-water-utility/,,
2019,Fort Collins Loveland Water District,USA,Water & Wastewater,The utility had fallen victim to a ransomware cyber-attack. The hackers demanded a ransom to restore access (the amount of ransom payment demanded has not been disclosed to the public). The district declined to pay the ransom,,the staff of the Fort Collins Loveland Water District and South Fort Collins Sanitation District were unable to access technical data. Daily operations and customers’ data were not believed to have been compromised/ Disputed,The Colorado sun,✅,https://www.coloradoan.com/story/money/2019/03/14/cyberattacker-demands-ransom-colorado-utility/3148951002/,https://coloradosun.com/2020/08/10/cyber-attack-ransomware-small-towns-data-breach-malware-lafayette/,,
2019,Riviera Beach Water Utility,USA(Florida),Water & Wastewater,Ransomware,Unidentified,"Riviera Beach, a small city of 35,000 inhabitants located north of West Palm Beach (Florida), was hit by a crippling ransomware attack after an employee of the police department opened an infected email. Paralyzing computer systems of the police department, city council and other local government offices, the ransomware sent all operations offline and encrypted their data. The attack also spread to the water utility, compromising the computer systems controlling pumping stations and water quality testing, as well as its payment operations.",,✅ Confirmed,https://arxiv.org/pdf/2001.11144,,,
2020,Israeli Water Facilities Attempted Cyberattack,Israel,Water & Wastewater,Attempted intrusion into water command-and-control systems,"Widely attributed publicly to Iran, but attribution is best kept as “publicly reported” unless you want a stronger intelligence-attribution row","Israeli officials publicly said a cyberattack on water systems was detected and thwarted before significant damage. Later official-source reporting also said additional June 2020 attacks hit agricultural pumps and another water-management location, with no lasting damage.",Reuters; official-source summary citing Israeli authorities,✅ Confirmed,https://www.reuters.com/article/technology/israel-linked-to-cyberattack-on-iranian-port-washington-post-idUSKBN22V0AA/,https://www.incibe.es/en/incibe-cert/publications/cybersecurity-highlights/israel-thwarted-attack-water-systems,,
2021,San Fransisco Area Bay Facility,USA,Water & Wastewater,"The hacker could carry out this attack since he gained access to a former employee’s TeamViewer account, which allows employees to use their laptops remotely within the water treatment plant site",Unidentified,"After logging in, the hacker, whose name and motive are unknown and who hasn't been identified by law enforcement, deleted programs that the water plant used to treat drinking water.",NBC News | A hacker tried to poison a Calif. water supply. It was as easy as entering a password.,✅ Confirmed,https://www.nbcnews.com/tech/security/hacker-tried-poison-calif-water-supply-was-easy-entering-password-rcna1206,https://cyble.com/blog/water-and-wastewater-treatment-facilities-vulnerable-to-cyber-attacks/,,
2021,Limestone and Mount Desert,"Maine, USA",Water & Wastewater,Ransomware,Unknown,"ransomware attack targeted two rural sewage treatment plants in Maine, including Mount Desert, disrupting operations but resulting in no ransom payments or compromised customer data. The incident caused temporary shutdowns of critical monitoring systems, such as alarms for pump overheating and tank overfills in one facility, due to an obsolete Windows 7 control computer being compromised.",Cybersecurity incident database | Mount Desert Sewage Treatment Plant (2021-04-30) Cyber-Attack Hack Breach - The Cyber Security Incident Database (CSIDB),✅ Confirmed,https://www.csidb.net/csidb/incidents/40c6bb72-ff37-4ea8-a966-8cb8a153a01e/,,,
2021,Nevada-based Water/Wastewater Facility Ransomware,USA (Nevada),Water & Wastewater,Ransomware affecting SCADA visibility systems,Unknown,"CISA said a March 2021 ransomware attack affected a Nevada-based WWS facility’s SCADA and backup systems. The SCADA provided monitoring/visibility, not full industrial control, but this is still a confirmed operationally relevant water-sector incident.",,✅ Confirmed,https://nsarchive.gwu.edu/sites/default/files/documents/r5idmd-73yk0/AA21-287A-Ongoing_Cyber_Threats_to_U.S._Water_and_Wastewater_Systems.pdf,https://www.reuters.com/legal/government/us-authorities-disclose-ransomware-attacks-against-water-facilities-2021-10-14/,,
2021,Maine Wastewater Facility / ZuCaNo,USA (Maine),Water & Wastewater,Ransomware on wastewater SCADA computer,Unknown,CISA said that in July 2021 attackers used remote access to deploy ZuCaNo ransomware onto a Maine-based wastewater facility’s SCADA computer. The facility had to run treatment manually until the SCADA computer was restored.,CISA/FBI/EPA/NSA advisory summary; Reuters,✅ Confirmed,https://nsarchive.gwu.edu/sites/default/files/documents/r5idmd-73yk0/AA21-287A-Ongoing_Cyber_Threats_to_U.S._Water_and_Wastewater_Systems.pdf,https://www.reuters.com/legal/government/us-authorities-disclose-ransomware-attacks-against-water-facilities-2021-10-14/,,
2021,California-based WWS Facility / Ghost Ransomware,USA (California),Water & Wastewater,Ransomware affecting SCADA servers,Unknown,CISA said that in August 2021 malicious actors used a Ghost ransomware variant against a California-based water/wastewater facility. Three SCADA servers displayed a ransomware message.,CISA advisory summary,✅ Confirmed,https://nsarchive.gwu.edu/sites/default/files/documents/r5idmd-73yk0/AA21-287A-Ongoing_Cyber_Threats_to_U.S._Water_and_Wastewater_Systems.pdf,https://www.cisa.gov/news-events/cybersecurity-advisories/aa21-287a,,
2021,Oldsmar Water Treatment Plant,USA (Florida),Water & Wastewater,Remote access intrusion,Unknown (DISPUTED),"Feb 5, 2021: Remote access used to attempt raising sodium hydroxide from 100 to 11,100 ppm. Operator caught it in real time. IMPORTANT: FBI investigation found NO evidence of outside cyberattack — current city manager says it was likely human error by the same employee who reported it. Still widely cited but factually contested.",Pinellas County Sheriff press conference; FBI statement (2023); CyberScoop investigation; Industrial Cyber | — NOTE: DISPUTED — verify before including | Microsoft Word - CyOTE Case Study_Oldsmar.docx | Lessons Learned from Oldsmar Water Plant Hack -- Security Today,✅ Confirmed,https://cyote.inl.gov/content/uploads/24/2025/12/CyOTE-Case-Study_Oldsmar.pdf?utm_source=copilot.com,https://securitytoday.com/articles/2021/04/05/lessons-learned-from-oldsmar-water-plant-hack.aspx?utm_source=copilot.com,https://cyberscoop.com/water-oldsmar-incident-cyberattack/,
2022,Reitzner AG,Germany,Water & Wastewater,Lockbit Ransomware,,"Ransomware struck German IT service provider Reitzner AG, subsequently disrupting electricity, water and sewage services in multiple municiplaities that depended on its systems",,✅ Confirmed,https://www.csoonline.com/article/3493714/it-dienstleister-lahmgelegt-ransomware-attacke-auf-reitzner-ag.html,https://bindinghook.com/why-europe-must-finally-secure-its-water-sectors-from-cyber-threats/,,
2022,South Staffordshire / Cambridge Water Cyberattack,United Kingdom,Water & Wastewater,Criminal cyberattack / data theft and IT disruption,Criminal group not officially named in the company statement,"South Staffordshire PLC said it suffered a criminal cyberattack in August 2022. The company stated water supply remained safe and uninterrupted, but later disclosures and FAQs confirmed customer-data impact and continued recovery work.",South Staffs official statement and FAQs; annual report excerpt | South Staffordshire Water (2022-08-16) Cyber-Attack Hack Breach - The Cyber Security Incident Database (CSIDB),✅ Confirmed,https://www.south-staffs-water.co.uk/news/important-statement,https://www.cambridge-water.co.uk/media/aaqna1fw/annual-report-and-financial-statements-lo-2022-23.pdf,https://www.csidb.net/csidb/incidents/9556f5ad-6393-40fb-9253-65df4e20abfd/?utm_source=copilot.com,
2025,Foiled Cyberattack on Big-City Water Supply,Poland,Water & Wastewater,Attempted disruptive cyberattack,Not officially identified in Reuters reporting,"Poland’s deputy prime minister said authorities foiled a cyberattack that could have cut water supply to a large city. Because it was stopped before impact, this is best logged as a confirmed attempted water-sector cyberattack.",Reuters,✅ Confirmed Attempted,https://www.reuters.com/en/poland-foiled-cyberattack-big-citys-water-supply-deputy-pm-says-2025-08-14/,,,
2023,Aliquippa Municipal Water Authority (MWAA),USA (Pennsylvania),Water & Wastewater,PLC exploitation,"CyberAv3ngers (IRGC-affiliated, Iran)","Nov 25, 2023: Iranian-backed CyberAv3ngers hacked Unitronics Vision Series PLC at booster station. Displayed anti-Israel message on HMI screen. Pump station switched to manual operation. No water quality impact. CISA issued national advisory. US Treasury sanctioned 6 Iranian officials. Same vector affected multiple US water facilities.",CISA alert AA23-335A; CNN; CBS Pittsburgh; WaterWorld; WESA; Treasury sanctions notice | Municipal Water Authority of Aliquippa hacked by Iranian-backed cyber group - CBS Pittsburgh | Aliquippa Water Authority Attack Analysis - Blueridge Networks,✅ Confirmed Attempted,https://www.cbsnews.com/pittsburgh/news/municipal-water-authority-of-aliquippa-hacked-iranian-backed-cyber-group/?utm_source=copilot.com,https://blueridgenetworks.com/aliquippa-water-authority-attack-analysis/?utm_source=copilot.com,https://www.cisa.gov/news-events/alerts/2023/11/28/irgc-affiliated-cyber-actors-exploit-plcs-multiple-sectors,
2023,Drum/Binghamstown Group Water Scheme Cyberattack,Ireland,Water & Wastewater,PLC / water-supply control system compromise,Public reporting linked it to pro-Iran / anti-Israel hacktivists; official sector notice did not name a specific group,A cyberattack hit the PLC controlling the main pumps and treatment plant operation of the Drum/Binghamstown group water scheme in County Mayo. Around 180 homes were left without water for about two days.,National Federation of Group Water Schemes notice; CERT-EU brief,✅ Confirmed,https://nfgws.ie/gwss-warned-to-be-vigilant-of-cyber-security/,https://cow-prod-www-v3.azurewebsites.net/publications/threat-intelligence/cb24-01/,,
2023,Littleton Electric Light & Water Departments Intrusion,USA (Massachusetts),Water & Wastewater,Long-term network intrusion / cyberespionage,"Volt Typhoon / China-linked group, according to LELWD and NJCCIC reporting",LELWD later disclosed that in November 2023 the FBI informed it that Volt Typhoon had accessed its systems. The utility said there was no serious threat to public safety or customer-sensitive data. This is a confirmed mixed electric-and-water utility compromise rather than a service-disruption case.,LELWD public release; NJCCIC summary,✅ Confirmed,https://www.lelwd.com/wp-content/uploads/2025/03/LELWD-Publicizes-Case-Study-on-Foreign-Hackers-Targeting-US-Utilites.pdf,https://www.cyber.nj.gov/threat-landscape/nation-state-threat-analysis-reports/china-linked-cyber-operations-targeting-us-critical-infrastructure/volt-typhoon,,
2023,Private group water scheme in County Mayo,Ireland,Water & Wastewater,DDoS,Unknown,An internet-connected controller used to maintain water pressure within the water system was accessed and taken offline by attackers. The devices shipped with default settings that included a simple and publicly published password.,,✅ Confirmed,https://wisdiam.com/publications/recent-cyber-attacks-water-wastewater/,,,
2023,Galil Sewage Corporation / Jordan Valley Water Controllers Attack,Israel,Water & Wastewater,Cyberattack on irrigation and wastewater treatment control systems,Not officially confirmed in the strongest public reporting,"Public reporting said hackers targeted water controllers used for irrigation in the Jordan Valley and control systems for the Galil Sewage Corporation, disrupting wastewater-treatment-related monitoring/control until operators restored service.",Jerusalem Post; WaterISAC incident-awareness summary,✅ Confirmed,https://www.jpost.com/israel-news/article-738790,https://www.waterisac.org/incident-awareness-israeli-water-infrastructure-attack-disrupts-wastewater-treatment-and,,
2023,North Texas Municipal Water District,USA,Water & Wastewater,Breach of Data,Ransomware Group,"Phone services and business systems were impacted from around 12 November, most of which was restored towards the end of the month. A ransomware gang claimed it stole over 33,000 files containing customer data. Core water, wastewater, and solid waste services were not impacted.",,✅ Confirmed,https://wisdiam.com/publications/recent-cyber-attacks-water-wastewater/,,,
2024,American Water Works Company Cyberattack,"USA (Multi-state?): Camden, New Jersey",Water & Wastewater,Network intrusion,Unknown,Oct 2024: Largest US regulated water utility (14M customers in 14 states) confirmed cyberattack. Disconnected MyWater customer portal; paused billing. Core water treatment and distribution NOT compromised. Company notified law enforcement.,American Water press release; Reuters; WSJ; CISA advisory,✅ Confirmed,https://cybersecuritynews.com/american-water-works-cyber-attack/?utm_source=copilot.com,,,
2024,Texas Water Utilities (Multiple),USA (Texas),Water & Wastewater,OT manipulation/disruption,Russian hacktivists (Sandworm-linked per Mandiant),Early 2024: Cyberattacks on three Texas water utilities. One attack caused a tank to overflow; others forced manual operations. Mandiant attributed to Russian hacktivist groups. FBI and CISA investigated.,Mandiant report; WIRED; SecurityWeek; CISA advisory | The Cyberattack on a Texas Water Utility is a Wake-Up Call - Cyber Readiness Institute,✅ Confirmed Attempted,https://cyberreadinessinstitute.org/the-cyberattack-on-a-texas-water-utility-is-a-wake-up-call/?utm_source=copilot.com,,,
2024,Veolia North America,USA,Water & Wastewater,"Online bill payment system service degradation, and theft of personally identifiable information",Unknown,"Veolia took targeted back-end systems and servers offline as a defensive measure. Customers experienced delays using the online bill payment systems as a result of this action. Water or wastewater treatment operations did not appear to have been impacted, according to a statement by the company.","Confidentiality | Information Theft, data theft",✅ Confirmed,https://wisdiam.com/publications/recent-cyber-attacks-water-wastewater/,,,
2024,Southern Water Cyber Incident,United Kingdom,Water & Wastewater,Illegal intrusion into IT systems / data theft,Not officially named by the company,Southern Water said it was the target of an illegal cyberattack in early 2024 and later confirmed that data from a limited part of its server estate had been stolen or was at risk. The company’s statements framed this as an IT/data incident rather than an operational disruption to water or wastewater services.,Southern Water official updates,✅ Confirmed,https://www.southernwater.co.uk/latest-news/cyber-attack-update-for-customers,https://www.southernwater.co.uk/latest-news/cyber-investigation-update-october-2024/,,
2024,Tureby Alkestrup Waterworks Cyberattack,Denmark,Water & Wastewater,Destructive cyberattack on water utility controls,"Denmark publicly attributed it to Z-Pentest, a pro-Russian group with links to the Russian state","Danish authorities said the 2024 attack on Tureby Alkestrup Waterworks changed water pressure and caused pipes to burst, leaving some households temporarily without water. The public attribution was announced in December 2025.",AP on Danish Defense Intelligence attribution,✅ Confirmed,https://apnews.com/article/russia-denmark-cyberattacks-moscow-putin-sabotage-d9776a44bf6b80574eb54a5edf64ee19,,,
2024,Tipton Wastewater Treatment Plant,"USA, Indiana",Water & Wastewater,Hacktivism,Cyber Army of Russia,"Hackers launched an attack on a wastewater treatment plant in Indiana, leading plant managers to deploy maintenance personnel to look into the suspicious activity, as reported by a local official to CNN. The official confirmed that Tipton Municipal Utilities was targeted, though it has not been compromised.","CNN | Hackers target Tipton Municipal Utilities wastewater treatment plant, prompting federal investigation - Industrial Cyber",✅ Confirmed,https://industrialcyber.co/utilities-energy-power-water-waste/hackers-target-tipton-municipal-utilities-wastewater-treatment-plant-prompting-federal-investigation/,,,
2024,Arkansas City Water Treatment Facility,USA,Water & Wastewater,"Intruders may have exploited outdated and unsecured OT and ICS environments, where systems are exposed to the internet or still using default credentials.",Unknown,"The cybersecurity incident at the Arkansas City Water Treatment Facility on September 22 exemplifies the growing risk. While city officials emphasized that the water supply remained safe and no disruption to service occurred, the breach still forced the facility to switch to manual operations.",City of ArkansaOfficial Report,✅ Confirmed,https://www.arkcity.org/environmental-services/page/city-arkansas-city-faces-cybersecurity-incident,https://www.ibm.com/think/insights/is-the-water-safe-state-of-critical-infrastructure-cybersecurity?utm_source=chatgpt.com,,
2024,Lake Risevatnet Dam,Norway,Water & Wastewater,"he hackers opened vents that allowed nearly 500 liters of water a second to pour out of the dam before their attack on the dam’s operations system was discovered and halted. The dam lies above the small community of Svelgen, but there were no consequences since the amount of water released was far below flood capacity of the river below.",pro-Russian hackers,"reported newspapers VG and Aftenposten, the dam at the lake called Risevatnet was the target of the attack, which Gangås thinks was meant to “spread fear or unease” among the Norwegian public.","Dam sabotage blamed on pro-Russia hackers, embassy strikes back | Norway's News in English — www.newsinenglish.no",✅ Confirmed,https://www.forescout.com/blog/since-stuxnet-a-brief-history-of-critical-infrastructure-attacks/,https://www.newsinenglish.no/2025/08/14/dam-sabotage-blamed-on-pro-russia-hackers/,,
2025,Aigües de Mataró Cyberattack,Spain,Water & Wastewater,Cyberattack on corporate systems / possible data exposure,Not publicly identified,"Aigües de Mataró, a municipal supplier responsible for drinking water and sewage systems, said its corporate computer systems and website were hit by a cyberattack. The company said water supply, quality, and sewage operations were not affected, but customer services and administrative processes were disrupted.",The Record quoting the company’s official statement,✅ Confirmed,https://therecord.media/cyberattack-water-supplier-barcelona-spain,,,
2026,Minot Water Treatment Plant Ransomware,USA (North Dakota),Water & Wastewater,Ransomware affecting SCADA dashboard/monitoring,Unknown,City officials confirmed ransomware at the Minot water treatment plant in March 2026. Operators shifted to manual procedures for roughly 16 hours while a replacement server was installed; the city said water remained safe throughout.,StateScoop citing city confirmation and FBI letter,✅ Confirmed,https://statescoop.com/minot-north-dakota-water-treatment-ransomware/,,,
2026,Romanian Water,Romania,Water & Wastewater,"the attackers used the built-in Windows BitLocker security feature to lock files on compromised systems, then left a ransom note demanding that they be contacted within 7 days",Unidentified,"While the breach affected servers running geographic information systems, databases, email, and web services, as well as Windows workstations and domain name servers, operations and operational technology (OT) systems controlling water infrastructure are unaffected",National Cyber Security Directorate (DNSC,✅ Confirmed,https://www.bleepingcomputer.com/news/security/romanian-water-authority-hit-by-ransomware-attack-over-weekend/,,,
2026,ZionSiphon Malware Campaign,Isreal,Water & Wastewater,malware attempted to manipulate chlorine dosing registers to poison supplies,Unknown,"A new malware sample analyzed by Darktrace, purpose-built to sabotage Israeli water treatment and desalination systems, was discovered and neutralized before activation. The malware attempted to manipulate chlorine dosing registers to poison supplies — but failed due to a logic error in its country-detection","Researchers at Darktrace | Safety | undesirable state, logic error, neutralisation before activation, chemical dosing safety",Confirmed Attempted,https://www.exploitone.com/forensics/cyberattack-that-could-have-poisoned-a-citys-water-supply-by-manipulating-chlorine-levels/,,,
2010,Stuxnet “ Natanz Nuclear Facility,Iran,Manufacturing & Industrial,ICS Sabotage,US / Israel (alleged state actors),"First known cyber weapon targeting industrial PLCs. ~1,000 Iranian centrifuges destroyed; infected 200,000+ computers globally; set back Iran's nuclear programme by years.",,✅ Confirmed,https://www.bitlyft.com/resources/cyber-attacks-threatening-manufacturing-companies,,,
2010,Night Dragon “ Oil & Gas IP Theft,Global (China origin),Manufacturing & Industrial,APT / Espionage,Chinese APT (McAfee Night Dragon),"Multi-year espionage campaign stealing IP from energy and manufacturing firms; compromised operational systems at oil, gas, and petrochemical companies worldwide.",,✅ Confirmed,https://www.osti.gov/servlets/purl/1505628,,,
2010,ICS Vulnerability Baseline (CVSS 6.44),Global,Manufacturing & Industrial,Statistical Baseline,Various,Average CVSS score for ICS vulnerabilities was 6.44 in 2010 (medium severity); increased to 8.0+ by 2024-2025,,✅ Confirmed,https://betanews.com,,,
2010,CISA/ICS-CERT Advisory Count,Global,Manufacturing & Industrial,Vulnerability Reporting,Various,"Published 3,637 advisories (12,174 vulnerabilities) affecting 2,783 products from 689 vendors (March 2010 - January 2026)",,✅ Confirmed,https://betanews.com,,,
2010,Vulnerable PLC Lifecycle (5+ years),Global,Manufacturing & Industrial,Patch Management Analysis,Iran-linked hackers,"Rockwell Automation Logix PLC vulnerability (CVE-2021-22681) with CVSS 10.0 remained exploitable in 2026, 5 years after disclosure",,✅ Confirmed,https://blog.qnap.com,,,
2010,Night Dragon,Global,Manufacturing & Industrial,APT,Unknown,Targeted global energy and petrochemical companies.,,✅ Confirmed,https://www.mcafee.com,,,
2010,Night Dragon Campaign,Global (Oil/Manufacturing),Manufacturing & Industrial,APT espionage,Unknown (China-linked),Industrial data exfiltration; weak network monitoring,,✅ Confirmed,https://github.com/donadelden/awesome-ics-malware,,,
2011,Flame / Skywiper “ Industrial Espionage,Middle East,Manufacturing & Industrial,APT / Espionage,US / Israel (suspected),"Complex espionage malware collected screenshots, keystrokes, audio, and network data from industrial and government systems across Iran, Israel, and Lebanon.",,✅ Confirmed,https://www.osti.gov/servlets/purl/1505628,,,
2011,South Korean Nuclear Plant Contractor Breach,South Korea,Manufacturing & Industrial,Data Breach,North Korea-linked APT,Contractors serving South Korean nuclear plants breached; reactor designs and operational data exfiltrated.,,✅ Confirmed,https://www.csis.org/programs/strategic-technologies-program/significant-cyber-incidents,,,
2011,Mitsubishi Heavy Ind.,Japan,Manufacturing & Industrial,APT,Unknown,Targeted submarine and aerospace manufacturing data.,,✅ Confirmed,https://www.reuters.com,,,
2011,Tenneco,US,Manufacturing & Industrial,Data Theft,Unknown,Theft of automotive parts design and manufacturing intellectual property.,,✅ Confirmed,https://www.wsj.com,,,
2011,Duqu Malware Campaign,Global,Manufacturing & Industrial,APT espionage,Unknown,Industrial espionage targeting ICS vendors,,✅ Confirmed,https://github.com/donadelden/awesome-ics-malware,,,
2011,Nitro Attacks,Global,Manufacturing & Industrial,IP theft,Chinese APT,Theft of chemical manufacturing data,,✅ Confirmed,https://www.symantec.com,,,
2012,"Saudi Aramco (Saudi Arabia, 2012) – The ""Shamoon"" Outbreak",Saudi Arabia,Manufacturing & Industrial,Malware,Cutting Sword of Justice,"This remains one of the most destructive cyberattacks in history. A group called the ""Cutting Sword of Justice"" deployed the Shamoon wiper malware. It systematically wiped the hard drives of 35,000 computers at the world's largest oil producer, replacing the data with an image of a burning U.S. flag. While the oil production itself (OT) was controlled by isolated systems, the business operations (IT) were sent back to the ""1970s."" The company had to handle all paperwork, shipping, and contracts manually for weeks, and eventually purchased a significant portion of the world's hard drive supply to recover.",Survival Global Politics and Strategy,✅ Confirmed,https://www.tandfonline.com/doi/pdf/10.1080/00396338.2013.784468,,,
2012,RasGas “ Shamoon Variant,Qatar,Manufacturing & Industrial,Destructive Malware,Iran-linked APT,Companion Shamoon attack on Qatari LNG manufacturer RasGas; IT systems and email servers taken offline; operations partially disrupted.,,✅ Confirmed,https://www.osti.gov/servlets/purl/1505628,,,
2012,Shamoon Attack (Saudi Aramco),Saudi Arabia,Manufacturing & Industrial,Wiper malware,Iranian-linked,"30,000 systems destroyed; production disruption (Stormshield)",,✅ Confirmed,https://en.wikipedia.org/wiki/Shamoon,,,
2012,RasGas Attack,Qatar,Manufacturing & Industrial,Wiper malware,Unknown,Industrial operations halted,,✅ Confirmed,https://en.wikipedia.org/wiki/Shamoon,,,
2013,Bowman Avenue Dam “ ICS Intrusion,USA,Manufacturing & Industrial,ICS Intrusion,Iranian APT (IRGC),Iranian hackers remotely accessed SCADA systems of a small dam in New York; demonstrated ability to compromise US industrial control infrastructure.,,✅ Confirmed,https://www.osti.gov/servlets/purl/1505628,,,
2013,German Steelworks “ Blast Furnace Damage,Germany,Manufacturing & Industrial,ICS Sabotage,Unidentified APT,"Hackers used spear-phishing to access IT systems, pivot to OT network, and manipulate a blast furnace; furnace could not be properly shut down causing massive physical damage.",,✅ Confirmed,https://link.springer.com/chapter/10.1007/978-3-030-04537-1_12,,,
2013,US Steel / Alcoa,US,Manufacturing & Industrial,APT,APT1 (PLA 61398),Systematic theft of steel manufacturing trade secrets.,,✅ Confirmed,https://www.justice.gov,,,
2013,Bowman Dam Hack,US,Manufacturing & Industrial,SCADA Breach,Iran (Suspected),Unauthorized access to dam control systems via cellular modem.,,✅ Confirmed,https://www.justice.gov,,,
2013,Havex ICS Malware,Europe/Global,Manufacturing & Industrial,ICS malware,Dragonfly group,Remote access to industrial control systems,,✅ Confirmed,https://github.com/donadelden/awesome-ics-malware,,,
2013,Target Supply Chain Breach (industrial POS systems),USA,Manufacturing & Industrial,Supply chain,Unknown,Compromised manufacturing/retail supply chains,,✅ Confirmed,https://en.wikipedia.org/wiki/Target_Corporation,,,
2014,German Steel Mill Attack,Germany,Manufacturing & Industrial,"Spear-phishing, malware, IT-to-OT pivot",Not publicly disclosed,"A cyberattack on a German steel mill began with spear-phishing and social engineering, then moved from the office network into the production network and blast furnace control environment. The incident led to cascading failures and the inability to properly shut down the blast furnace, resulting in massive physical damage. The case highlights poor IT/OT segmentation and human-process failure, making it a confirmed example of architectural and process weakness in manufacturing CPS.","BSI-reported incident summarized by public industrial cybersecurity analyses / Official source: BSI, DOJ",✅ Confirmed,https://www.bsi.bund.de/SharedDocs/Downloads/DE/BSI/Publikationen/Lageberichte/Lagebericht2014.pdf?__blob=publicationFile,,,
2014,Turkey BTC Pipeline Explosion,Turkey,Manufacturing & Industrial,ICS Sabotage,Unidentified (suspected state actor),Hackers compromised ICS of Baku-Tbilisi-Ceyhan pipeline; disabled alarms and opened valves causing oil overpressure leading to a massive explosion. $5M+ in damages.,,✅ Confirmed,https://link.springer.com/chapter/10.1007/978-3-030-04537-1_12,,,
2014,Havex / Dragonfly “ Energy & Industrial,Europe / USA,Manufacturing & Industrial,APT / ICS Espionage,Dragonfly / Energetic Bear (Russia),Targeted ICS manufacturers and energy firms; modified legitimate ICS software downloads with Havex trojan; compromised hundreds of firms across 84 countries.,,✅ Confirmed,https://www.osti.gov/servlets/purl/1505628,,,
2014,Target HVAC Vendor Breach,USA,Manufacturing & Industrial,Supply Chain/Credential Theft,Unknown,Attackers stole credentials from HVAC vendor; 40 million payment cards compromised; hundreds of millions in damages,,✅ Confirmed,https://ruleltd.com,,,
2014,Energetic Bear (Havex),Global,Manufacturing & Industrial,RAT / ICS,Dragonfly,Targeted OPC servers in industrial automation systems.,,✅ Confirmed,https://www.crowdstrike.com,,,
2014,Sony Pictures,US,Manufacturing & Industrial,Wiper,Lazarus Group,Destruction of physical server infrastructure and IT assets.,,✅ Confirmed,https://www.fbi.gov,,,
2015,FACC Aerospace “ Business Email Compromise,Austria,Manufacturing & Industrial,Phishing / BEC,Unidentified criminal group,Single phishing email led to fraudulent wire transfer of 42M (~$47M USD) from aerospace parts supplier to Boeing and Airbus; CEO and CFO dismissed.,,✅ Confirmed,https://europe.manusecevent.com/newsroom/infographic-timeline-of-cyber-attacks-against-manufacturing-companies-2015-2023/,,,
2015,BlackEnergy 3,Ukraine,Manufacturing & Industrial,APT,Sandworm,Disruption of industrial control systems across energy sectors.,,✅ Confirmed,https://www.cisa.gov,,,
2015,TV5Monde,France,Manufacturing & Industrial,Wiper,APT28,Destruction of industrial broadcasting hardware systems.,,✅ Confirmed,https://www.bbc.com,,,
2015,BlackEnergy3 Attacks,Ukraine,Manufacturing & Industrial,ICS malware,Sandworm,Power/industrial disruption,,✅ Confirmed,https://github.com/donadelden/awesome-ics-malware,,,
2015,Irongate ICS Malware,USA,Manufacturing & Industrial,ICS simulation attack,Unknown,Manipulated industrial simulation systems,,✅ Confirmed,https://github.com/donadelden/awesome-ics-malware,,,
2016,Renault-Nissan “ WannaCry (early wave),France / Japan,Manufacturing & Industrial,Ransomware,Lazarus Group (North Korea),WannaCry hit 5 Renault-Nissan production plants; executives shut down operations immediately; production restored within days but highlighted auto sector vulnerability.,,✅ Confirmed,https://europe.manusecevent.com/newsroom/infographic-timeline-of-cyber-attacks-against-manufacturing-companies-2015-2023/,,,
2016,ICS Vulnerability Year-over-Year Growth,Global,Manufacturing & Industrial,Vulnerability Reporting,Various,Number of ICS vulnerabilities disclosed grew significantly year-over-year from 2016 onward,,✅ Confirmed,https://ncsc.gov.bh,,,
2016,ThyssenKrupp (Espionage),Germany,Manufacturing & Industrial,APT,Unknown,Targeted theft of industrial secrets from the steel division.,,✅ Confirmed,https://www.reuters.com,,,
2016,SFMTA (Muni),US,Manufacturing & Industrial,Ransomware,HDDCryptor,Industrial ticketing and transit management systems locked.,,✅ Confirmed,https://www.theverge.com,,,
2016,Industroyer Malware,Ukraine,Manufacturing & Industrial,ICS malware,Sandworm,Grid/industrial disruption,,✅ Confirmed,https://en.wikipedia.org/wiki/Industroyer,,,
2017,NotPetya Cyberattacks,Ukraine,Manufacturing & Industrial,Ransomware,Russia,"NotPetya spread through a compromised software update mechanism, making it one of the most impactful supply chain attacks. It used credential harvesting and lateral movement to propagate across networks rapidly. Although it appeared to be ransomware, it permanently destroyed data, making recovery impossible without backups.",NotPetya,✅ Confirmed,,,,
2017,TRITON/TRISIS — Middle East Petrochemical Plant,Middle-east,Manufacturing & Industrial,Malware,Russia,"Triton was first identified in a petrochemical plant in 2017 when it was used to override essential safety shutdown equipment. The ability to attack safety systems remotely could potentially lead to catastrophic industrial failures with mass casualties. The Triton malware attack aimed to disable safety systems, potentially causing catastrophic physical damage. It was attributed to a Russian state-sponsored group.",BitLyft,✅ Confirmed,https://www.bitlyft.com/resources/cyber-attacks-threatening-manufacturing-companies,,,
2017,WannaCry “ Global Manufacturing Wave,Global (150+ countries),Manufacturing & Industrial,Ransomware,Lazarus Group (North Korea),"Affected 200,000+ devices across manufacturing, energy, automotive, and pharmaceutical sectors; caused $4B+ in global damages; Honda, Renault, Nissan all halted production.",,✅ Confirmed,https://www.bitlyft.com/resources/cyber-attacks-threatening-manufacturing-companies,,,
2017,Merck “ NotPetya Impact,USA,Manufacturing & Industrial,Destructive Malware,Sandworm (Russia),Pharma manufacturer Merck lost $870M from NotPetya; vaccine production disrupted; had to borrow US government smallpox vaccine stockpile to meet demand.,,✅ Confirmed,https://arcticwolf.com/resources/blog/top-8-manufacturing-industry-cyberattacks/,,,
2017,NotPetya via M.E.Doc,Global,Manufacturing & Industrial,Supply Chain/Wiper,Sandworm (Russia),"Trojanized updates to Ukrainian accounting software; Merck, Maersk, FedEx lost billions; Merck alone lost $1.4B",,✅ Confirmed,https://ruleltd.com,,,
2017,Saint-Gobain,France,Manufacturing & Industrial,Wiper,NotPetya,Construction material giant lost 330M EUR in sales.,,✅ Confirmed,https://www.saint-gobain.com,,,
2017,WannaCry Manufacturing Impact,Global,Manufacturing & Industrial,Ransomware,Lazarus Group,"Factory shutdowns (Renault, Nissan)",,✅ Confirmed,https://en.wikipedia.org/wiki/WannaCry_ransomware_attack,,,
2018,"TSMC (Taiwan, 2018) – The $255M Supplier Error",Tiwan,Manufacturing & Industrial,ransomware,Unknown,"The Taiwan Semiconductor Manufacturing Company (TSMC), which produces chips for Apple and Nvidia, suffered a catastrophic shutdown due to a variant of the WannaCry ransomware. The infection was introduced when a supplier connected an unpatched fabrication tool to the factory network. The virus spread instantly, infecting 10,000 machines and forcing several of the world’s most advanced chip plants to shut down for a weekend. TSMC reported a revenue loss of approximately $255 million and delayed shipments for millions of smartphone chips.",Semiconductor digest : 's%20tool%20automation%20interface.,✅ Confirmed,"https://sst.semiconductor-digest.com/2018/08/tsmc-wannacry-infection-forces-shutdowns-financial-losses/#:~:text=A%20TSMC%20supplier%20installed%20infected,fab%20company",,,
2018,Winnti’s espionage strikes Bayer,UK.,Manufacturing & Industrial,Espionage,Winnti group - China,"The Chinese-linked Winnti group used stealthy malware with stolen digital certificates to penetrate networks at Bayer. Though operational disruption was minimal, the real risk was unauthorized access to clinical trial results, new drug candidates, and other valuable IP. Early detection limited the damage—but underscored the vulnerability of leading research hubs.","R&D World: 's%20largest,company%20data%20and%20disrupted%20operations.",✅ Confirmed,https://www.rdworldonline.com/rd-under-siege-quanthealths-cyber-head-on-how-ai-is-lowering-the-bar-for-cyberattacks-in-pharma-and-beyond/#:~:text=In%20March%202023%2C%20India,,,
2018,OXO International “ Data Breach,USA,Manufacturing & Industrial,Data Breach,Unidentified hackers,New York homeware/kitchenware manufacturer suffered a data breach compromising customer data over multiple periods; part of a broader Magecart-style campaign.,,✅ Confirmed,https://europe.manusecevent.com/newsroom/infographic-timeline-of-cyber-attacks-against-manufacturing-companies-2015-2023/,,,
2018,Norsk Hydro “ Precursor Reconnaissance,Norway,Manufacturing & Industrial,APT Reconnaissance,Unidentified (LockerGoga-linked),Attackers first gained access to Norsk Hydro systems in late 2018 via a compromised Active Directory account before deploying LockerGoga ransomware in 2019.,,✅ Confirmed,https://www.xorlab.com/en/blog/how-ransomware-impact-manufacturing,,,
2018,TSMC WannaCry Attack,Taiwan,Manufacturing & Industrial,Ransomware,Unknown,Windows-based engineering workstations for lithography tools disabled; production outage cost $170M,,✅ Confirmed,https://www.acronis.com,,,
2018,Boeing,US,Manufacturing & Industrial,Ransomware,WannaCry var.,Infected production equipment; limited impact to aircraft delivery.,,✅ Confirmed,https://www.seattletimes.com,,,
2018,Merck (Production),US,Manufacturing & Industrial,Wiper,NotPetya,Prohibitive disruption to vaccine and drug manufacturing.,,✅ Confirmed,https://www.merck.com,,,
2018,Quanta Computer,Taiwan,Manufacturing & Industrial,Ransomware,REvil,Blueprints for consumer electronics (Apple products) stolen.,,✅ Confirmed,https://www.bloomberg.com,,,
2018,VPNFilter ICS Campaign,Global,Manufacturing & Industrial,Malware,Russian-linked,Compromised industrial routers,,✅ Confirmed,https://en.wikipedia.org/wiki/VPNFilter,,,
2018,Olympic Destroyer Spillover,Global,Manufacturing & Industrial,Malware,Russian-linked,Industrial collateral disruption,,✅ Confirmed,https://en.wikipedia.org/wiki/Olympic_Destroyer,,,
2019,Norsk Hydro Ransomware,Norway,Manufacturing & Industrial,Ransomware (LockerGoga),LockerGoga operators,"The ransomware attack on Norsk Hydro caused major disruption across global industrial and manufacturing operations, forcing extensive manual fallback and production slowdowns. Company disclosures confirmed significant operational impact. While the exact root cause was not fully disclosed publicly, the case shows how enterprise compromise can strongly affect manufacturing continuity when production depends heavily on shared digital systems. Manual fallback reduced the overall physical impact, but the event remains a confirmed example of manufacturing dependence on digital infrastructure.",Norsk Hydro public statements / Official source: Norsk Hydro,✅ Confirmed,https://www.hydro.com/en/global/media/on-the-agenda/cyber-attack/,,,
2019,Hexion & Momentive “ LockerGoga,USA,Manufacturing & Industrial,Ransomware,LockerGoga group,Same LockerGoga campaign hit two American chemical manufacturers simultaneously; companies forced to order hundreds of new computers; production severely disrupted.,,✅ Confirmed,https://social.cyware.com/news/major-attacks-that-hit-the-manufacturing-sector-in-2019-bec74e8e,,,
2019,Aebi Schmidt “ Special Vehicles Malware,Switzerland,Manufacturing & Industrial,Ransomware,Unidentified (LockerGoga-linked),Swiss manufacturer of municipal and airport vehicles hit by malware shortly after Norsk Hydro; IT systems failed; email disrupted; second major European industrial attack in weeks.,,✅ Confirmed,https://www.securityweek.com/special-purpose-vehicle-maker-aebi-schmidt-hit-malware/,,,
2019,ASCO Industries “ Ransomware,Belgium / Global,Manufacturing & Industrial,Ransomware,Unidentified,"Airplane parts manufacturer (supplier to Boeing and Airbus) suffered ransomware; production crippled across factories in Belgium, Germany, Canada, and the USA for over a week.",,✅ Confirmed,https://social.cyware.com/news/major-attacks-that-hit-the-manufacturing-sector-in-2019-bec74e8e,,,
2019,Altran Technologies “ LockerGoga,France,Manufacturing & Industrial,Ransomware,LockerGoga group,Engineering consultancy serving aerospace and industrial sectors hit by LockerGoga; network shutdown in Europe; early victim in the LockerGoga wave targeting industrial firms.,,✅ Confirmed,https://social.cyware.com/news/major-attacks-that-hit-the-manufacturing-sector-in-2019-bec74e8e,,,
2019,Kudankulam Nuclear Plant Attack,India,Manufacturing & Industrial,Malware (DTrack),Lazarus Group (North Korea),Administrative network compromised at India's Kudankulam Nuclear Power Plant in Tamil Nadu; OT systems not reached but sensitive data exposed,,✅ Confirmed,https://ogma.in,,,
2019,ASCO Industries,Belgium,Manufacturing & Industrial,Ransomware,Unknown,Aerospace parts maker halted production across four countries.,,✅ Confirmed,https://www.zdnet.com,,,
2019,Eurofins Scientific,UK,Manufacturing & Industrial,Ransomware,Unknown,Massive backlog in industrial lab testing and forensics.,,✅ Confirmed,https://www.bbc.com,,,
2019,Hexion & Momentive,US,Manufacturing & Industrial,Ransomware,LockerGoga,Global chemical manufacturers forced into manual mode.,,✅ Confirmed,https://www.krebsonsecurity.com,,,
2019,APT33 Industrial Attacks,Global,Manufacturing & Industrial,ICS intrusion,Iranian APT,Targeted manufacturing ICS systems,,✅ Confirmed,https://www.fireeye.com,,,
2020,"BlueScope Steel (Australia, 2020) Cyberattack",USA/Austrial,Manufacturing & Industrial,Ransomware,Unknown,"One of the largest steel producers in the world was forced to halt its global operations, including high-tech blast furnaces, after a ransomware attack. Because steel manufacturing requires precise, continuous temperature control, a sudden loss of IT monitoring can cause the molten steel to solidify inside the machinery, potentially destroying the equipment. Workers had to revert to manual gauges and radios for weeks to prevent a ""catastrophic cooling"" event.","ABC :abc.net.au/news/2020-05-15/bluescope-steel-cyber-attack-shut-down-kembla-ransomware/12251316#:~:text=On%20Thursday%2C%20May%2014%2C%202020%2C%20BlueScope%20Steel,is%20working%20to%20protect%20and%20restore%20systems.",✅ Confirmed,,,,
2020,Attacks on Pfizer/BioNTech & AstraZeneca,UK.,Manufacturing & Industrial,Phishing,North Korea,"Hackers accessed regulatory review documents for the COVID-19 vaccine and leaked altered files online, potentially undermining public trust. AstraZeneca – phishing attempts: North Korean operatives spear-phished scientists to infiltrate vaccine research systems. Though ultimately unsuccessful, the campaign highlighted the relentless focus on high-value R&D data.","R&D World: 's%20largest,company%20data%20and%20disrupted%20operations.",✅ Confirmed,https://www.rdworldonline.com/rd-under-siege-quanthealths-cyber-head-on-how-ai-is-lowering-the-bar-for-cyberattacks-in-pharma-and-beyond/#:~:text=In%20March%202023%2C%20India,,,
2020,Honda “ SNAKE / EKANS Ransomware,Japan / Global,Manufacturing & Industrial,Ransomware,Unknown (SNAKE/EKANS operators),"ICS-targeted ransomware shut down plants in Ohio, Italy, Turkey, and India; customer service and financial operations affected; Honda confirmed no data breach but operations halted globally.",,✅ Confirmed,https://www.industrialcybersecuritypulse.com/facilities/throwback-attack-snake-ransomware-hits-honda-plants/,,,
2020,Visser Precision “ DoppelPaymer,USA,Manufacturing & Industrial,Ransomware,DoppelPaymer group,"Aerospace precision parts maker (supplier to Tesla, SpaceX, General Dynamics) hit; sensitive NDAs, contracts, and classified documents published by attackers on dark web.",,✅ Confirmed,https://www.xorlab.com/en/blog/how-ransomware-impact-manufacturing,,,
2020,Foxconn “ DoppelPaymer Ransomware,Mexico,Manufacturing & Industrial,Ransomware,DoppelPaymer group,Electronics manufacturer's North America facility encrypted; $34.7M ransom demand; 100GB of internal files exfiltrated and threatened for release.,,✅ Confirmed,https://arcticwolf.com/resources/blog/top-8-manufacturing-industry-cyberattacks/,,,
2020,Bouygues Construction “ Maze Ransomware,France,Manufacturing & Industrial,Ransomware,Maze group,Major French construction and industrial firm targeted; 200GB of data stolen and leaked; operations disrupted across multiple sites.,,✅ Confirmed,https://www.csis.org/programs/strategic-technologies-program/significant-cyber-incidents,,,
2020,SolarWinds Orion Attack,"Global (Tech, Energy, Finance, Gov)",Manufacturing & Industrial,Supply Chain Backdoor,Cozy Bear (APT29),"Malicious code inserted into Orion software updates; 18,000+ organizations received backdoored updates; nation-state espionage",,✅ Confirmed,https://ruleltd.com,,,
2020,Israeli Water Sector Attacks,Israel,Manufacturing & Industrial,HMI Manipulation,Iran-linked,Multiple attempts to manipulate chlorine levels in Israeli water facilities,,✅ Confirmed,https://ogma.in,,,
2020,Honda,Global,Manufacturing & Industrial,Ransomware,Snake (Ekans),"Halted production at plants in Ohio, Turkey, and Brazil.",,✅ Confirmed,https://www.bbc.com,,,
2020,Garmin,US,Manufacturing & Industrial,Ransomware,WastedLocker,Multi-day outage of manufacturing and GPS sync services.,,✅ Confirmed,https://www.techcrunch.com,,,
2020,Luxottica,Italy,Manufacturing & Industrial,Ransomware,Nefilim,Shutdown of eyewear manufacturing and logistics systems.,,✅ Confirmed,https://www.bleepingcomputer.com,,,
2020,Tower Semiconductor,Israel,Manufacturing & Industrial,Ransomware,Unknown,Forced shutdown of chip manufacturing fabrication plants.,,✅ Confirmed,https://www.reuters.com,,,
2020,Carnival Corp,Global,Manufacturing & Industrial,Ransomware,Unknown,Breached shipbuilding and operational maritime networks.,,✅ Confirmed,https://www.reuters.com,,,
2020,Foxconn Ransomware Attack,Taiwan,Manufacturing & Industrial,Ransomware,DoppelPaymer,Electronics manufacturing disrupted,,✅ Confirmed,https://www.bleepingcomputer.com,,,
2021,"WestRock (Packaging & Paper, 2021) Cyberattack",USA,Manufacturing & Industrial,Ransomware,Unknown,"The WestRock ransomware incident was discovered on January 23, 2021, and significantly disrupted the company's information technology (IT) and operational technology (OT) systems. WestRock is the second-largest packaging company in the United States, and the attack impacted both its manufacturing production and customer shipments.",WestRock,✅ Confirmed,"https://ir.westrock.com/press-releases/press-release-details/2021/WestRock-Reports-Ransomware-Incident/default.aspx#:~:text=WestRock%20Company%20(NYSE:%20WRK)%20today%20announced%20that,incident%20impacting%20certain%20of%20its%20operational%20and",,,
2021,Quanta Computer (2021),Tiwan,Manufacturing & Industrial,Ransomware,REvil / Sodinokib,"REvil ransomware actors targeted Taiwanese manufacturer Quanta Computer in April 2021, a major supplier for Apple, HP, and other high-profile tech firms, demanding a $50 million ransom to prevent the leakage of stolen, unreleased product blueprints. The attack utilized the ""double-extortion"" tactic.",Apple supplier Quanta Computer from Taiwan hit by ransomware attack,✅ Confirmed,https://www.taiwannews.com.tw/news/4183054,,,
2021,JBS Foods “ REvil Ransomware,USA / Australia / Canada,Manufacturing & Industrial,Ransomware,REvil (Russia-linked),World's largest meat processor paid $11M ransom; plants halted across 3 countries for 5 days; global meat supply chain disrupted; US government involved in response.,,✅ Confirmed,https://arcticwolf.com/resources/blog/top-8-manufacturing-industry-cyberattacks/,,,
2021,Molson Coors “ Cyber Incident,USA,Manufacturing & Industrial,Ransomware,Unidentified,"Major beer manufacturer reported a cybersecurity incident that disrupted brewing operations, production, and shipments; financial impact estimated in the millions.",,✅ Confirmed,https://arcticwolf.com/resources/blog/top-8-manufacturing-industry-cyberattacks/,,,
2021,Khouzestan Steel “ ICS Attack,Iran,Manufacturing & Industrial,ICS Sabotage,Gonjeshk-e Darandeh (hacktivist),Hacktivist group caused fire and disruption at Khouzestan Steelworks by compromising industrial control systems; Iran's steel sector targeted in retaliatory campaign.,,✅ Confirmed,https://www.ecsoffice.com/manufacturing-cybersecurity-statistics/,,,
2021,Colonial Pipeline “ Fuel Infrastructure,USA,Manufacturing & Industrial,Ransomware,DarkSide group,"Pipeline operator shut down 5,500-mile fuel supply network for the US East Coast for 6 days; $4.4M ransom paid; fuel shortages in 17 states; national emergency declared.",,✅ Confirmed,https://arcticwolf.com/resources/blog/top-8-manufacturing-industry-cyberattacks/,,,
2021,JBS Foods Ransomware,"Global (USA, Australia, Canada)",Manufacturing & Industrial,Ransomware/SCADA Compromise,REvil,SCADA systems and manufacturing control PCs brought down; world's largest meat processor disrupted; $11M ransom paid,,✅ Confirmed,https://www.acronis.com,,,
2021,Oldsmar Water Treatment Attack,USA,Manufacturing & Industrial,HMI Manipulation,Unknown,Attacker attempted to increase sodium hydroxide to dangerous levels; operator reversed remotely,,✅ Confirmed,https://ogma.in,,,
2021,Kaseya VSA,Global,Manufacturing & Industrial,Supply Chain,REvil,Impacted downstream industrial MSPs and manufacturing clients.,,✅ Confirmed,https://www.kaseya.com,,,
2021,Oldsmar Water Plant,US,Manufacturing & Industrial,Remote Access,Unknown,Attempted poisoning of water supply via HMI manipulation.,,✅ Confirmed,https://www.wired.com,,,
2021,Acer,Taiwan,Manufacturing & Industrial,Ransomware,REvil,Breach of electronics manufacturer; $50M ransom demand.,,✅ Confirmed,https://www.bleepingcomputer.com,,,
2022,Samsung Electronics (March 2022) Attack.,USA,Manufacturing & Industrial,Data Breach,Lapsus$ group,"The Lapsus$ group leaked 190GB of source code, including algorithms for biometric authentication and bootloader code for Galaxy devices. This wasn't just a data breach; it was a total exposure of the ""digital blueprints"" of their hardware.",Securityaffairs,✅ Confirmed,"https://securityaffairs.com/128828/data-breach/samsung-data-breach.html#:~:text=Last%20week%20the%20Lapsus%24%20ransomware,Torrent%20file%20to%20download%20it",,,
2022,Bridgestone Americas IT Security Incident,USA,Manufacturing & Industrial,Ransomware / IT security incident,"Untargeted ransomware, per company statement","Bridgestone said its Americas subsidiary detected an IT security incident on February 27, 2022, disconnected affected systems, and later said operations resumed after containment. The company said it understood the incident to be an untargeted ransomware attack.",Bridgestone official statement,✅ Confirmed,https://www.bridgestone.com/corporate/news/pdf/2022031801.pdf,,,
2022,Kojima Industries “ Toyota Supply Chain,Japan,Manufacturing & Industrial,Ransomware,Unidentified,"Toyota's key plastic parts supplier hit; Toyota forced to shut all 14 Japanese factories for 24 hours losing ~13,000 vehicles of output; demonstrated supply chain fragility.",,✅ Confirmed,https://europe.manusecevent.com/newsroom/infographic-timeline-of-cyber-attacks-against-manufacturing-companies-2015-2023/,,,
2022,Denso “ Pandora Ransomware,Japan,Manufacturing & Industrial,Ransomware,Pandora ransomware group,"Toyota's largest supplier breached; 1.4TB of data (designs, email, purchase orders) exfiltrated; Pandora group published data threatening further releases; major IP theft.",,✅ Confirmed,https://europe.manusecevent.com/newsroom/infographic-timeline-of-cyber-attacks-against-manufacturing-companies-2015-2023/,,,
2022,Bridgestone Americas “ LockBit,USA,Manufacturing & Industrial,Ransomware,LockBit,Global tyre maker shut down manufacturing and retreading operations in North America and Latin America for several days; LockBit infiltrated systems and exfiltrated data.,,✅ Confirmed,https://arcticwolf.com/resources/blog/top-8-manufacturing-industry-cyberattacks/,,,
2022,Maple Leaf Foods “ Ransomware,Canada,Manufacturing & Industrial,Ransomware,Unidentified,Canada's largest consumer meat producer breached; CA$23M+ in direct costs; product shortages; backup systems used to restore operations over weeks.,,✅ Confirmed,https://europe.manusecevent.com/newsroom/infographic-timeline-of-cyber-attacks-against-manufacturing-companies-2015-2023/,,,
2022,Iranian Steel Companies “ ICS Attack,Iran,Manufacturing & Industrial,ICS Sabotage,Gonjeshk-e Darandeh (hacktivist),"Hormozgan, Khouzestan, and Mobarakeh steel plants targeted; industrial processes disrupted at Khouzestan Steelworks; fires caused; same group that attacked Iranian Rail in 2021.",,✅ Confirmed,https://www.ecsoffice.com/manufacturing-cybersecurity-statistics/,,,
2022,Toyota & Kojima Industries,Japan,Manufacturing & Industrial,Supply Chain/Malware,Unknown,Suspected malware at plastic supplier Kojima forced Toyota to halt all 14 Japanese plants for 24 hours,,✅ Confirmed,https://ruleltd.com,,,
2022,Industroyer2 Attack,Ukraine,Manufacturing & Industrial,ICS Protocol Weaponization,Sandworm (GRU Unit 74455),Targeted high-voltage substations using IEC 104 & IEC 61850 protocols with CaddyWiper; neutralized by CERT-UA before disruption,,✅ Confirmed,https://ogma.in,,,
2022,Toyota (Kojima Indust.),Japan,Manufacturing & Industrial,Supply Chain,Unknown,Halted all 14 Japanese plants after a supplier was breached.,,✅ Confirmed,https://asia.nikkei.com,,,
2022,Continental AG,Germany,Manufacturing & Industrial,Ransomware,LockBit,Theft of essential proprietary automotive system data.,,✅ Confirmed,https://www.handelsblatt.com,,,
2022,Denso Corporation,Germany / Japan,Manufacturing & Industrial,Ransomware,Pandora,Targeted key parts supplier; siphoned 1.4TB of data.,,✅ Confirmed,https://www.zdnet.com,,,
2022,Bridgestone Americas,US,Manufacturing & Industrial,Ransomware,LockBit,Forced a shutdown of tire manufacturing across North America.,,✅ Confirmed,https://www.reuters.com,,,
2022,Nvidia,US,Manufacturing & Industrial,Ransomware,Lapsus$,Theft of chip design schematics and driver source code.,,✅ Confirmed,https://www.reuters.com,,,
2022,Toyota Supplier Cyberattack,Japan,Manufacturing & Industrial,Supply chain,Unknown,Production halted across plants,,✅ Confirmed,https://www.reuters.com,,,
2022,Bridgestone Ransomware,Global,Manufacturing & Industrial,Ransomware,LockBit,Manufacturing disruption,,✅ Confirmed,https://www.reuters.com,,,
2023,Johnson Controls Ransomware (Vendor Ecosystem Case),Global (US),Manufacturing & Industrial,"Ransomware, data exfiltration",Not publicly disclosed,"The 2023 ransomware incident affected Johnson Controls’ internal IT systems and caused business disruption and reporting delays. Public filings confirmed the cyberattack and data exfiltration, while the company stated that its OpenBlue and Metasys platforms were not publicly confirmed to be directly impacted. This makes the case a confirmed but borderline CPS-adjacent vendor-ecosystem incident, relevant mainly because it highlights vendor/platform concentration risk and the broader dependency of smart-building ecosystems on major industrial technology providers.",SEC filings / Official source: SEC filings,✅ Confirmed,https://www.sec.gov/Archives/edgar/data/833444/000083344423000048/jci-20230930.htm,https://www.sec.gov/Archives/edgar/data/833444/000083344423000040/form12b-252023x11x29.htm,,
2023,Sun Pharmaceutical Industries (March 2023) Attack.,India,Manufacturing & Industrial,Ransomware,ALOHV/BlackCat group,India’s largest drugmaker was hit by the ALPHV/BlackCat group. The attackers exfiltrated massive amounts of data and forced the company to isolate its networks. Sun Pharma reported a significant drop in revenue for the quarter as manufacturing processes and supply chain logistics were crippled.,"R&D World: 's%20largest,company%20data%20and%20disrupted%20operations.",✅ Confirmed,https://www.rdworldonline.com/rd-under-siege-quanthealths-cyber-head-on-how-ai-is-lowering-the-bar-for-cyberattacks-in-pharma-and-beyond/#:~:text=In%20March%202023%2C%20India,,,
2023,Boeing (October 2023) Attack,USA,Manufacturing & Industrial,Ransomware,LockBit Group,"The LockBit group targeted Boeing’s ""Parts and Distribution"" business. The hackers made a record-breaking $200 million ransom demand. While flight safety wasn't compromised, approximately 43GB of sensitive internal data—including parts specifications and supplier contracts—was dumped online when Boeing refused to pay.",Airport Technology,✅ Confirmed,"https://www.airport-technology.com/news/boeing-confirms-2023-hack-200m-ransomware/#:~:text=Boeing%20has%20confirmed%20it%20was,data%20to%20be%20posted%20online",,,
2023,"Tempur Sealy (Mattress Manufacturing, 2023) Cyberattack.",Cannada,Manufacturing & Industrial,Ransomware,ALPHV/BlackCat group,"The multinational mattress giant was forced to shut down several IT systems and production lines after a major breach. The incident caused significant operational delays in their U.S. and European plants. This case highlights that ""Uptime Ransom"" is now a standard threat even for traditional, non-tech manufacturing sectors. The AlphV/BlackCat group claimed responsibility on August 2, 2023, alleging access to sensitive executive data. The company engaged forensic experts, notified law enforcement, and resumed operations while investigating potential data theft.",Cybersecurity Dive,✅ Confirmed,"https://www.cybersecuritydive.com/news/tempur-sealy-cyberattack/689577/#:~:text=The%20company%20discovered%20the%20attack%20on%20July,involved%20*%20If%20any%20data%20was%20stolen",,,
2023,MKS Instruments Ransomware Event,USA,Manufacturing & Industrial,Ransomware,Not publicly confirmed,"MKS said the ransomware event had a material impact on its ability to process orders, ship products, and provide service, and that it was restoring operations at affected facilities",SEC / company release,✅ Confirmed,https://www.sec.gov/Archives/edgar/data/1049502/000119312523034334/d464518dex991.htm,,,
2023,Brunswick Corporation CyberAttack,Global.,Manufacturing & Industrial,Data Breach,Unknown.,"A billion-dollar boating manufacturing firm, Brunswick Corporation, suffered a cyberattack in June 2023 that not only disrupted operations for 9 days but also cost the organization $85 million. In addition, the firm filed a notice with the Massachusetts Attorney General’s Office that the breach compromised the personal information of employees and customers, including names, mailing addresses, Social Security numbers, driver’s license numbers, payment card data, and health information.",Arctic Wolf,✅ Confirmed,https://arcticwolf.com/resources/blog/top-8-manufacturing-industry-cyberattacks/,,,
2023,Ransomware; Supply-chain,USA,Manufacturing & Industrial,Ransomware,Unknown,"As a multi-billion-dollar organization that supplies semiconductor technology to a number of partners, Applied Materials is a good example of supply chain risk. It became the victim of a supply-chain ransomware attack in February 2023 that disrupted shipments, and while not confirmed, it’s been reported that MKS Instruments is the main victim of this attack, according to Bloomberg. The cost of $250 million is said to be from lost sales in the second quarter of 2023, following the breach. As organizations become more connected, especially in the manufacturing sector, these kinds of attacks have increased, as threat actors seek out weak points in the supply chain.",Arctic Wolf,✅ Confirmed,https://arcticwolf.com/resources/blog/top-8-manufacturing-industry-cyberattacks/,,,
2023,Clorox Manufacturing — Social Engineering to Shopfloor,Unknown,Manufacturing & Industrial,Unknown,Unknown,"Scattered Spider social-engineered a service desk into resetting passwords, then moved laterally from IT into Clorox’s operational backbone. Manufacturing was disrupted for months. Direct costs: $49M. Total losses including lost revenue: $380M. The lesson: OT security starts at the help desk.",Ogma,✅ Confirmed,https://ogma.in/blog/ot-ics-cyberattacks-indian-manufacturing-defence-guide,,,
2023,Simpson Manufacturing Company Attack,USA,Manufacturing & Industrial,Ransomware,Unknown,"Simpson Manufacturing Company, a manufacturer of building materials, was the victim of a cyber attack in October 2023 that caused it to take systems offline, disrupting business operations. The systems remained down as of December 2023, highlighting the severe scope of the incident. While it’s unknown if the root cause was ransomware, it’s been reported that the incident response steps are like that seen in ransomware attacks. The disruption caused the public company’s stock to decline by 9.4% over a single month.",Arctic Wolf,✅ Confirmed,https://arcticwolf.com/resources/blog/top-8-manufacturing-industry-cyberattacks/,,,
2023,"ABB & The Black Basta Hit (Global, 2023)",North America and Europe,Manufacturing & Industrial,malware.,Black Basta group,"ABB, a Swiss-Swedish multinational and one of the ""Big Four"" in industrial automation, suffered a massive ransomware attack by the Black Basta group. The attack hit the company’s internal Windows Active Directory, which is the ""nerve center"" for managing employee and engineer access. ABB had to terminate VPN connections with its customers to prevent the malware from ""island hopping"" into the factories of its clients (which include global power grids and manufacturing plants). It was a chilling reminder that an attack on an automation provider is a threat to every factory they support.","Cayosoft: 's%20Active,Firm%20ABB%20Hit%20By%20Black%20Basta%20Ransomware",✅ Confirmed,https://www.cayosoft.com/about/news/#:~:text=The%20ransomware%20attack%20targeted%20the%20company,,,
2023,"Western Digital / Seagate (Data Storage Mfg, 2023–2024) cyberattack",USA,Manufacturing & Industrial,Ransomware,ALPHV/BlackCat,"Western Digital / Seagate suffered separate, massive breaches. In the Western Digital case, the entire cloud ecosystem for their customers was taken offline to prevent the ransomware from jumping into the factory firmware-flashing systems. Western Digital suffered a significant ransomware cyberattack in March 2023 that resulted in the theft of 10 TB of data—including customer personal information—and severely disrupted their My Cloud services for weeks. The ransomware group ALPHV/BlackCat claimed responsibility, demanding an eight-figure ransom to prevent the release of stolen company data.",WD: 's%20systems.,✅ Confirmed,"https://www.westerndigital.com/company/newsroom/press-releases/2023/2023-05-05-western-digital-provides-update-on-network-security-incident#:~:text=On%20March%2026%2C%202023%2C%20we%20identified%20a,to%20a%20number%20of%20the%20Company",,,
2023,Clorox Company “ Ransomware,USA,Manufacturing & Industrial,Ransomware,Unidentified hackers,Automated systems taken offline for weeks; 20% decline in Q1 2024 net sales; $356M in total losses; product shortages at Walmart and Target; SEC filing disclosed full impact.,,✅ Confirmed,https://arcticwolf.com/resources/blog/top-8-manufacturing-industry-cyberattacks/,,,
2023,Boeing “ LockBit Ransomware,USA,Manufacturing & Industrial,Ransomware,LockBit,Boeing refused to pay ransom; LockBit published sensitive data on dark web; parts and distribution division affected; demonstrated that even defence-adjacent manufacturers are targets.,,✅ Confirmed,https://www.industryweek.com/technology-and-iiot/article/55287799/manufacturing-still-leads-other-industries-in-total-cybersecurity-incidents,,,
2023,MKS Instruments “ Ransomware,USA,Manufacturing & Industrial,Ransomware,Unidentified (ransomware group),Semiconductor equipment maker hit; $200M in lost sales; customer Applied Materials absorbed $250M in costs due to supply chain disruption; highlighted semiconductor supply chain risk.,,✅ Confirmed,https://europe.manusecevent.com/newsroom/infographic-timeline-of-cyber-attacks-against-manufacturing-companies-2015-2023/,,,
2023,Dole “ Ransomware,Europe / USA,Manufacturing & Industrial,Ransomware,Unidentified,Global fruit and vegetable giant shut down North American production and IT systems; $10M+ in costs; product shortages on supermarket shelves across North America and Europe.,,✅ Confirmed,https://europe.manusecevent.com/newsroom/infographic-timeline-of-cyber-attacks-against-manufacturing-companies-2015-2023/,,,
2023,Brunswick Corporation “ Cyber Attack,USA,Manufacturing & Industrial,Ransomware,Unidentified,Billion-dollar boating manufacturer disrupted for 9 days; $85M total financial impact; employee and customer data including SSNs and health info breached; SEC notification filed.,,✅ Confirmed,https://arcticwolf.com/resources/blog/top-8-manufacturing-industry-cyberattacks/,,,
2023,Rheinmetall “ Industrial Division Attack,Germany,Manufacturing & Industrial,Ransomware,Unidentified (Killnet-linked DDoS also threatened),German arms and automotive supplier's industrial customer division targeted; automotive and industrial business units disrupted; defence division unaffected.,,✅ Confirmed,https://ics-cert.kaspersky.com/publications/reports/2023/10/05/h1-2023-a-brief-overview-of-main-incidents-in-industrial-cybersecurity/,,,
2023,TSMC Supplier “ LockBit Data Leak,Taiwan,Manufacturing & Industrial,Data Breach,LockBit,LockBit claimed to have breached TSMC via supplier Kinmax Technology; $70M ransom demanded; TSMC confirmed a third-party IT supplier was compromised exposing server setup data.,,✅ Confirmed,https://europe.manusecevent.com/newsroom/infographic-timeline-of-cyber-attacks-against-manufacturing-companies-2015-2023/,,,
2023,Lacroix Group “ Electronics Manufacturer,France / Germany / Tunisia,Manufacturing & Industrial,Ransomware,Unidentified,"Multinational electronics manufacturer's French, German, and Tunisian sites encrypted; local infrastructures taken offline; partial production restored after two weeks of disruption.",,✅ Confirmed,https://ics-cert.kaspersky.com/publications/reports/2023/10/05/h1-2023-a-brief-overview-of-main-incidents-in-industrial-cybersecurity/,,,
2023,Simpson Manufacturing “ Ransomware,USA,Manufacturing & Industrial,Ransomware,Unidentified,Building materials manufacturer forced offline for months in a suspected ransomware attack; stock declined 9.4% over one month; recovery costs escalated significantly.,,✅ Confirmed,https://arcticwolf.com/resources/blog/top-8-manufacturing-industry-cyberattacks/,,,
2023,Hyundai Motor “ Data Breach,France / Italy,Manufacturing & Industrial,Data Breach,Unidentified,Automotive giant notified vehicle owners in France and Italy of a personal data breach; customer PII including contact and vehicle data exposed.,,✅ Confirmed,https://ics-cert.kaspersky.com/publications/reports/2023/10/05/h1-2023-a-brief-overview-of-main-incidents-in-industrial-cybersecurity/,,,
2023,Clorox Manufacturing Attack,USA,Manufacturing & Industrial,Social Engineering/IT-to-OT Pivot,Scattered Spider,Service desk tricked into resetting passwords; months-long disruption; direct costs $49M; total losses $380M,,✅ Confirmed,https://ogma.in,,,
2023,MOVEit Transfer Zero-Day,Global,Manufacturing & Industrial,Supply Chain/Zero-Day,Clop ransomware gang,"2,500+ organizations' data compromised; affected finance, manufacturing, energy, legal, government sectors",,✅ Confirmed,https://ruleltd.com,,,
2023,CyberAv3ngers PLC Attack,USA (multi-state),Manufacturing & Industrial,Default Credentials,CyberAv3ngers (Iran-IRGC),"75+ Unitronics PLCs compromised across water, energy, food/beverage, healthcare; HMI screens defaced",,✅ Confirmed,https://ogma.in,,,
2023,Volt Typhoon Dwell Time,USA,Manufacturing & Industrial,Covert Access,Volt Typhoon (China),Maintained access inside US electric utilities for ~300 days using living-off-the-land techniques,,✅ Confirmed,https://ogma.in,,,
2023,ABB,Switzerland,Manufacturing & Industrial,Ransomware,BlackBasta,Impacted industrial automation systems and employee data.,,✅ Confirmed,https://www.reuters.com,,,
2023,Applied Materials,US,Manufacturing & Industrial,Supply Chain,Unknown,$250M loss reported due to ransomware at a major supplier.,,✅ Confirmed,https://www.bloomberg.com,,,
2023,MSI (Micro-Star Int.),Taiwan,Manufacturing & Industrial,Ransomware,Money Message,Theft of private keys and BIOS firmware source code.,,✅ Confirmed,https://www.bleepingcomputer.com,,,
2023,Western Digital,Global,Manufacturing & Industrial,Ransomware,ALPHV,Took cloud-connected storage services offline to protect factory firmware.,,✅ Confirmed,https://www.reuters.com,,,
2023,ICBC Industrial Impact,Global,Manufacturing & Industrial,Ransomware,LockBit,Financial-industrial disruption,,✅ Confirmed,https://www.reuters.com,,,
2024,"Varta AG (Industrial Battery Manufacturing, 2024) Attack",Germany,Manufacturing & Industrial,Data Breach,Unknown,"On February 12, 2024, Varta AG, a German industrial battery manufacturer, suffered a sophisticated cyberattack. The company proactively shut down IT systems and halted production across all five of its global production sites (Germany, Romania, Indonesia) to mitigate damage. The attack caused significant disruptions for several weeks and resulted in a delayed annual report.",The Record,✅ Confirmed,https://therecord.media/varta-battery-plant-production-on-hold-after-cyberattack,,,
2024,Crown Equipment Cyberattack,USA / Global,Manufacturing & Industrial,Cyberattack on business systems,"International cybercriminal organization, per company statement","Crown said its manufacturing operations had been suspended since June 10 due to a cyberattack on business systems, and later announced that operations had resumed at all 24 global manufacturing plants.",Crown official statement,✅ Confirmed,https://www.crown.com/en-us/newsroom/articles/corporate-news/crown-equipment-resumes-operations-following-cyberattack.html,,,
2024,ThyssenKrupp Attack,Germany,Manufacturing & Industrial,Ransomware,Unknown,"A ransomware attack that hit the ThyssenKrupp Automotive Body Solutions unit ultimately failed due to early detection of malicious activity. However, as part of the company’s cyber incident response, systems were shutdown as a matter of course to prevent any unauthorised users in the system or deployed ransomware from spreading.",BleedingComputer,✅ Confirmed,https://www.bleepingcomputer.com/news/security/steel-giant-thyssenkrupp-confirms-cyberattack-on-automotive-division/,,,
2024,Corperation Attack,Japan,Manufacturing & Industrial,Ransomware,Hunters International Group,"Hoya Corporation is a Japanese company manufacturing optical products, headquartered in Shinjuku City, Tokyo. A ransomware group named Hunters International claimed to have breached Hoya Corporation, allegedly stealing 1.7 million files. Some production and sales activities were halted as a consequence of the attack. Labs around the world were unable to process orders for some time.",itnews ASIA,✅ Confirmed,https://www.itnews.asia/news/japanese-optics-company-hoya-suffers-disruption-after-cyber-attack-606807,,,
2024,Nexperia Attack,Netherlands,Manufacturing & Industrial,Ransomware,Unknown,"Nexperia is a Semiconductor manufacturer headquartered in Nijmegen, the Netherlands. A ransomware group named Dunghill Leak claimed to have breached Nexperia. In their ransom demand they threatened to release, amongst other information, design, product, engineering, commercial and marketing data, as well as confidential personnel and client files. Clients named included SpaceX, IBM, Apple, and Huawei.The Consequences of that was a Data breach, theft of intellectual property, and shutdown of IT systems.",nerperia,✅ Confirmed,https://www.nexperia.com/about/news-events/press-releases/Press-statement--Nexperia-IT-Breach,,,
2024,Nexperia “ Dunghill Leak Ransomware,Netherlands,Manufacturing & Industrial,Ransomware,Dunghill Leak,"Semiconductor maker breached; design, product, and engineering data for clients including SpaceX, Apple, IBM, and Huawei threatened for release; major IP theft incident.",,✅ Confirmed,https://wisdiam.com/publications/recent-cyber-attacks-manufacturing-industry/,,,
2024,Hoya Corporation “ Hunters International,Japan,Manufacturing & Industrial,Ransomware,Hunters International,Optical products manufacturer hit; 1.7M files allegedly stolen; production and sales halted; lab ordering disrupted globally; systems shut down as precaution.,,✅ Confirmed,https://wisdiam.com/publications/recent-cyber-attacks-manufacturing-industry/,,,
2024,VARTA Battery “ Ransomware,Germany,Manufacturing & Industrial,Ransomware,Unidentified,"All five VARTA production sites (Germany, Romania, Indonesia) and administration shut down; IT and production disconnected from internet; email and operations disrupted company-wide.",,✅ Confirmed,https://wisdiam.com/publications/recent-cyber-attacks-manufacturing-industry/,,,
2024,Schumag AG “ Ransomware (Insolvency),Germany,Manufacturing & Industrial,Ransomware,Unidentified,Sustained ransomware disruptions ultimately forced the German precision parts manufacturer into insolvency; one of the first manufacturers driven to bankruptcy primarily by a cyberattack.,,✅ Confirmed,https://blog.checkpoint.com/research/the-rising-cyber-threat-to-manufacturing-a-call-to-action-for-executives,,,
2024,CDK Global “ Auto Dealer Ransomware,USA,Manufacturing & Industrial,Ransomware,BlackSuit ransomware group,"Automotive retail software provider hit; dealers for Stellantis, Ford, and BMW unable to process sales; $25M+ ransom paid; 15,000+ dealerships disrupted for weeks.",,✅ Confirmed,https://www.industryweek.com/technology-and-iiot/article/55287799/manufacturing-still-leads-other-industries-in-total-cybersecurity-incidents,,,
2024,Lear Corporation “ Data Breach,USA,Manufacturing & Industrial,Data Breach,Unidentified,Automotive seating and electrical systems manufacturer suffered data breach; employee and operational data compromised; part of a broader wave of automotive supplier attacks.,,✅ Confirmed,https://industrialcyber.co/manufacturing/hacktivists-state-sponsored-groups-step-up-cyberattacks-targeting-manufacturing-operations-and-ot-systems/,,,
2024,FrostyGoop Attack,Ukraine (Lviv),Manufacturing & Industrial,Modbus Protocol Manipulation,Russia-linked (Sandworm),600+ apartment buildings lost heating for 48 hours during winter; first attack using native Modbus TCP commands to manipulate physical processes,,✅ Confirmed,https://ogma.in,,,
2024,ICS Vulnerability Surge,Global,Manufacturing & Industrial,Vulnerability Exploitation,Various,"CISA/ICS-CERT published record 3,637 advisories (12,174 vulnerabilities) affecting 2,783 products from 689 vendors (March 2010-Jan 2026)",,✅ Confirmed,https://betanews.com,,,
2024,Polish Energy Campaign,Poland,Manufacturing & Industrial,Reconnaissance/Intrusion,State-aligned actors,State-aligned activity targeting Polish energy and critical infrastructure operators; ongoing campaign,,✅ Confirmed,https://takepoint.co,,,
2024,Ransomware Victim Rate (Manufacturing),Global,Manufacturing & Industrial,Ransomware,Various,Manufacturing remains #1 victim sector; 75% of OT ransomware incidents cause partial shutdown; 25% cause full plant stoppage,,✅ Confirmed,https://ogma.in,,,
2024,ICS Vulnerability Severity Trend,Global,Manufacturing & Industrial,Vulnerability Reporting,Various,Average CVSS score rose from 6.44 (2010) to 8.0+ (2024-2025); medium to high severity,,✅ Confirmed,https://betanews.com,,,
2024,OT Security Convergence Risk,Global,Manufacturing & Industrial,IT/OT Integration Threat,Various,"Examples continue proliferation of IT-to-OT pivots in attacks; Colonial Pipeline, Clorox, and French manufacturing cases exemplify trend",,✅ Confirmed,https://www.acronis.com,,,
2024,Johnson Controls,US / Global,Manufacturing & Industrial,Ransomware,DarkAngels,$27M ransom demanded; 27TB of data stolen from smart building division.,,✅ Confirmed,https://www.bleepingcomputer.com,,,
2024,Varta AG,Germany,Manufacturing & Industrial,Ransomware,Unknown,Battery production halted globally for several weeks.,,✅ Confirmed,https://www.varta-ag.com,,,
2024,Change Healthcare,US,Manufacturing & Industrial,Ransomware,BlackCat,Paralyzed medical manufacturing and pharmaceutical supply logistics.,,✅ Confirmed,https://www.reuters.com,,,
2024,Schneider Electric Cyberattack,France,Manufacturing & Industrial,Data breach,Ransomware group,Industrial system data exposure,,✅ Confirmed,https://www.bleepingcomputer.com,,,
2024,Siemens Supply Chain Attack,Germany,Manufacturing & Industrial,Supply chain,Unknown,Industrial software compromise,,✅ Confirmed,https://www.securityweek.com,,,
2024,Mitsubishi Electric Attack,Japan,Manufacturing & Industrial,Data breach,Unknown,Industrial system exposure,,✅ Confirmed,https://www.reuters.com,,,
2025,Unimicron - Sarcoma Ransomware,USA,Manufacturing & Industrial,Ransomware,Sarcoma ransomware group,"On January 30, 2025, Unimicron Technology reported a cyberattack affecting its IT systems in China. The previously little-known Sarcoma ransomware group claimed responsibility, listing the company on its leak site on February 11, 2025. The group claimed to have stolen approximately 377GB of data, including SQL files and internal documents, threatening a double-extortion leak. Unimicron engaged external forensic experts and stated the operational impact was initially limited, although data theft was confirmed by the attacker.",SecurityWeek Cybersecurity news.insight & analysis,✅ Confirmed,"https://www.securityweek.com/circuit-board-maker-unimicron-targeted-in-ransomware-attack/#:~:text=On%20February%201%2C%202025%2C%20Unimicron%20Technology%2C%20a,a%20week%20unless%20a%20ransom%20is%20paid",,,
2025,"Foxconn Interconnect Technology (Electronics, November 2025)",Tiwan,Manufacturing & Industrial,Ransomware,IN_RANSOM GROUP,"Foxconn’s subsidiary, which focuses on critical connectors and cables for the global tech supply chain, suffered a major data breach by the INC_RANSOM group. The group successfully exfiltrated a massive dataset and threatened to leak the technical designs of proprietary connector technologies used by major smartphone and EV manufacturers. The breach caused a 48-hour ""precautionary"" shutdown of several assembly lines in Southeast Asia. This incident served as a stark reminder of how sub-tier component manufacturers (Tier 2 and Tier 3) are now viewed by hackers as the most efficient way to disrupt global ""just-in-time"" production schedules.",Breachsense,✅ Confirmed,"https://www.breachsense.com/breaches/foxconn-interconnect-technology-data-breach/#:~:text=Data%20Breach%20on%20November%2027,Description",,,
2025,Polycab India — Manufacturing Ransomware,India.,Manufacturing & Industrial,Ransomware,Unknown,"India’s largest cable manufacturer, Polycab India Ltd, suffered a ransomware attack that encrypted internal files and disrupted operations, causing ₹20 crore (~$2.4M) in operational losses. The attack started with an infected employee workstation and moved laterally through flat network architecture — a scenario replicated across thousands of Indian manufacturing SMEs.",Ogma,✅ Confirmed,https://ogma.in/blog/ot-ics-cyberattacks-indian-manufacturing-defence-guide,,,
2025,Nucor Corporation IT Breach,USA,Manufacturing & Industrial,Data Breach,Unknown,"In May, Nucor Corporation, the largest U.S. steelmaker, reported a cyberattack involving unauthorized access to IT systems, which forced a temporary halt in some production operations. To protect its network and contain the incident, Nucor was forced to temporarily shut down some production facilities. he breach prompted a forensic investigation, and the company immediately initiated safety protocols to bring systems back online securely. This attack highlighted vulnerabilities in high-value, critical infrastructure manufacturing within the US.",The Register,✅ Confirmed,"https://www.theregister.com/2025/05/14/nucor_steel_attack/#:~:text=Nucor%20has%20more%20than%2020%20steel%20mills,the%20process%20of%20restarting%20the%20affected%20operations",,,
2025,Luxshare Precision,China,Manufacturing & Industrial,Ransomware,Unknown,The major electronics manufacturer (an Apple supplier) was hit by Ransomhouse. The attack resulted in the theft of sensitive client designs and triggered production delays across global electronics markets.,IndustrialCyber,✅ Confirmed,https://industrialcyber.co/manufacturing/manufacturing-absorbs-56-ransomware-surge-of-global-attacks-in-2025-as-raas-legacy-ot-supply-chains-fuel-spike/,,,
2025,Semiconductor Industry Espionage Campaigns,Tiwan,Manufacturing & Industrial,"Phishing, malware","UNK_FistBump, UNK_DropPitch, and UNK_SparkyCarp Chinese-aligned threat actors.","Between March and June 2025, Chinese-aligned threat actors ramped up coordinated cyber espionage campaigns targeting Taiwan’s semiconductor supply chain, primarily aimed at stealing intellectual property to bolster China's AI chip self-sufficiency. Researchers identified at least three distinct groups—UNK_FistBump, UNK_DropPitch, and UNK_SparkyCarp—using sophisticated spear-phishing and malware, such as the ""Voldemort"" backdoor, against 15–20 organizations, including manufacturers, designers, and testing facilities.",Proofpoint,✅ Confirmed,"https://www.proofpoint.com/us/blog/threat-insight/phish-china-aligned-espionage-actors-ramp-up-taiwan-semiconductor-targeting#:~:text=UNK_FistBump%20targets%20semiconductor%20manufacturing%20and,this%20activity%20include%20the%20following:",,,
2025,"The ""PathWiper"" Destructive Campaign",Eastern Europe,Manufacturing & Industrial,Ransomware,ELECTRUM,"In March 2025, a new strain of destructive malware called PathWiper (linked to the group ELECTRUM) was detected across manufacturing sectors in Eastern Europe. Unlike ransomware, which encrypts data for a fee, PathWiper is a ""wiper"" designed for irreversible destruction. It overwrites the Master Boot Record (MBR) and NTFS metadata of factory floor servers. Total loss of historical production data and machine configuration files. It was described as ""digital arson,"" designed to maximize the time needed to rebuild production lines from scratch, rather than extracting a ransom.",DRAGOS,✅ Confirmed,"https://www.dragos.com/ot-cybersecurity-year-in-review#:~:text=PathWiper%20Destructive%20Malware%20Emerges,March%202025",,,
2025,"LVMH (Luxury Manufacturing, 2025) Cyberattacks",Multipe Locations/South Korea,Manufacturing & Industrial,Data Breach,North Korea/ShinyHunters extortion group,"LVMH (Moët Hennessy Louis Vuitton) suffered a series of coordinated cyberattacks between May and July 2025, targeting multiple luxury brands—including Louis Vuitton, Dior, and Tiffany & Co.—and compromising personal customer data across several countries, including the UK, South Korea, Turkey, and Hong Kong. The breaches were linked to a wider campaign by the ShinyHunters extortion group (associated with Scattered Spider), targeting Salesforce instances via social engineering to steal customer names, contact details, and purchase histories.",AMPCUS CYBER,✅ Confirmed,"https://www.ampcuscyber.com/shadowopsintel/luxury-brand-lvmh-cyberattack-trilogy/#:~:text=Between%20May%20and%20July%202025%2C%20LVMH%20(Mo%C3%ABt,conglomerate%2C%20suffered%20a%20string%20of%20cyberattacks%20targeting",,,
2025,Jaguar Land Rover “ Production Shutdown,UK,Manufacturing & Industrial,Ransomware,Scattered Lapsus Hunters (Scattered Spider / Lapsus$ / ShinyHunters),"Assembly lines shut for 5 weeks across Solihull, Halewood, Wolverhampton; £196M direct costs; £1.9B UK economic impact; September car production lowest since 1952; £1.5B govt loan guarantee issued.",,✅ Confirmed,https://arcticwolf.com/resources/blog/top-8-manufacturing-industry-cyberattacks/,,,
2025,Nucor Corporation “ Production Halt,USA,Manufacturing & Industrial,Ransomware,Unidentified,North America's largest steel producer forced to halt production at multiple facilities after detecting unauthorized access; first major US steel manufacturer disrupted by a cyberattack.,,✅ Confirmed,https://blog.checkpoint.com/research/the-rising-cyber-threat-to-manufacturing-a-call-to-action-for-executives,,,
2025,Unimicron “ Sarcoma Ransomware,Taiwan,Manufacturing & Industrial,Ransomware,Sarcoma ransomware group,Global PCB manufacturer (supplier to electronics and semiconductor industries) hit; 377GB of SQL files and internal documents stolen; China-based subsidiary operations disrupted; Taiwan Stock Exchange notified.,,✅ Confirmed,https://socradar.io/major-cyber-attacks-manufacturing-industry-in-2025/,,,
2025,Sensata Technologies “ Ransomware,USA,Manufacturing & Industrial,Ransomware,Unidentified,"Automotive and aerospace sensor/electronics manufacturer hit; shipping, production, and order fulfilment disrupted globally; SEC filing made; customer relationships strained.",,✅ Confirmed,https://socradar.io/major-cyber-attacks-manufacturing-industry-in-2025/,,,
2025,National Presto Industries / Defense Corp,USA,Manufacturing & Industrial,Ransomware,InterLock ransomware group,Kitchenware and defence manufacturer breached; millions of files encrypted across multiple business units including military supplier subsidiary; SEC filing disclosed; ransom talks failed.,,✅ Confirmed,https://socradar.io/major-cyber-attacks-manufacturing-industry-in-2025/,,,
2025,Scania “ Insurance Portal Breach,Sweden,Manufacturing & Industrial,Data Breach,Hensi (individual threat actor),Truck manufacturer's insurance claims portal breached via stolen third-party credentials; thousands of claims documents stolen and offered for sale on dark web as extortion attempt.,,✅ Confirmed,https://www.fortinet.com/resources/cyberglossary/recent-cyber-attacks,,,
2025,UBS & Pictet “ Chain IQ Supply Chain Attack,Switzerland,Manufacturing & Industrial,Data Breach (Supply Chain),Unidentified ransomware group,Swiss banks' shared procurement provider Chain IQ attacked; manufacturing supply chain data and client information from both UBS and Pictet exposed; highlighted third-party industrial risk.,,✅ Confirmed,https://industrialcyber.co/manufacturing/manufacturing-absorbs-56-ransomware-surge-of-global-attacks-in-2025-as-raas-legacy-ot-supply-chains-fuel-spike/,,,
2025,Electrum/Sandworm Poland Attack,Poland,Manufacturing & Industrial,Wiper/Firmware Corruption,Sandworm (GRU),"~30 wind farms, solar installations, and CHP plant attacked; first major cyberattack on NATO energy infrastructure; wiper malware on HMIs; default credentials exploited",,✅ Confirmed,https://ogma.in,,,
2025,Volt Typhoon Campaign,USA,Manufacturing & Industrial,Covert Access/Living-off-the-land,Volt Typhoon (China),Maintained access inside US electric utilities for ~300 days; compromised cellular gateways; pre-positioning for future conflict,,✅ Confirmed,https://ogma.in,,,
2025,Polycab India Ransomware,India,Manufacturing & Industrial,Ransomware,Unknown,India's largest cable manufacturer suffered 20 crore (~$2.4M) operational losses; infected workstation moved laterally through flat network,,✅ Confirmed,https://ogma.in,,,
2025,French Manufacturing PME Ransomware,France,Manufacturing & Industrial,Ransomware/RaaS,Unknown,SME forced complete shutdown for 3+ weeks; dormant malware discovered years later; SME bankrupt within 6 months,,✅ Confirmed,https://blog.rankiteo.com,,,
2025,Danish Energy Sector Intrusions,Denmark,Manufacturing & Industrial,Reconnaissance/Pre-positioning,State-aligned actors,Attempted intrusions against Danish energy sector from 2023-2024; targeted critical infrastructure,,✅ Confirmed,https://takepoint.co,,,
2025,SME Attack Increase (Small),Global,Manufacturing & Industrial,Statistical Increase,Various,53% increase in cyberattacks on small enterprises; often serve as entry points to larger organizations,,✅ Confirmed,https://blog.rankiteo.com,,,
2025,SME Attack Increase (Medium),Global,Manufacturing & Industrial,Statistical Increase,Various,52% increase in cyberattacks on medium enterprises,,✅ Confirmed,https://blog.rankiteo.com,,,
2025,SME Bankruptcy Rate Post-Attack,Global,Manufacturing & Industrial,Financial Impact,Various,60% of SMEs collapse within 6 months of a major cyberattack,,✅ Confirmed,https://blog.rankiteo.com,,,
2025,OT Process Manipulation Trend,Global,Manufacturing & Industrial,Sabotage,Various,46% of OT attacks involve modification of physical processes,,✅ Confirmed,https://blog.rankiteo.com,,,
2025,India OT Security Market Growth,India,Manufacturing & Industrial,Market Analysis,Unknown,Projected to reach USD 1 billion by 2025; OT cyberattacks in India risen 30%+ in recent years,,✅ Confirmed,https://ogma.in,,,
2025,TRITON/TRISIS Threat Warning,Global,Manufacturing & Industrial,Regulatory Warning,FBI,"FBI warns TRITON/TRISIS threat remains active against 18,000+ Triconex-equipped plants worldwide",,✅ Confirmed,https://ogma.in,,,
2025,Ransomware Group Growth (119 groups),Global,Manufacturing & Industrial,Statistical Increase,Various,Dragos tracked 119 ransomware groups targeting industrial orgs in 2025; up 49% from 80 groups in 2024,,✅ Confirmed,https://ogma.in,,,
2025,Critical Infrastructure Ransomware Targeting,Global,Manufacturing & Industrial,Ransomware Trend,Various,"Ransomware increasingly targeting industrial control systems with physical consequence potential, not just IT data theft",,✅ Confirmed,https://www.acronis.com,,,
2025,FANUC Robotics Exploit,Japan / Global,Manufacturing & Industrial,IoT Botnet,Unknown,Remote manipulation of robotic arm calibration settings.,,✅ Confirmed,https://www.securityweek.com,,,
2025,Tata Steel,India,Manufacturing & Industrial,Data Theft,Unknown,Strategic exfiltration of metallurgy research and client pricing.,,✅ Confirmed,https://economictimes.indiatimes.com,,,
2025,Global Manufacturing Ransomware Surge,Global,Manufacturing & Industrial,Ransomware,Multiple,Highest targeted industry globally,,✅ Confirmed,https://www.ibm.com,,,
2025,Industrial IoT Botnet Attacks,Global,Manufacturing & Industrial,IoT malware,Unknown,Compromised smart factories,,✅ Confirmed,https://www.darkreading.com,,,
2026,India-based automotive components supplier Attack,Indian,Manufacturing & Industrial,Ransomware,Unknown,"An India-based automotive components supplier serving global OEMs was listed on a ransomware leak site. Attackers claim they accessed internal systems and exfiltrated company data. No details on data type or volume have been disclosed, and the company has not issued a public statement. A compromise at a Tier-2 supplier increases exposure across OEM production networks and broader automotive supply chains.",Upstream,✅ Confirmed,https://upstream.auto/research/automotive-cybersecurity/?id=null,,,
2026,China-based manufacturer of smart electric vehicle charging equipment Attack.,China,Manufacturing & Industrial,Ransomware,Unknown,"A China-based manufacturer of smart electric vehicle charging equipment for residential and commercial use, reported a ransomware attack affecting its cloud infrastructure hosted on AWS. The company detected suspicious activity and confirmed that attackers encrypted and copied portions of its databases, resulting in the exposure of customer information including names, email addresses, phone numbers, and home addresses.",Upstream,✅ Confirmed,https://upstream.auto/research/automotive-cybersecurity/?id=null,,,
2026,Stryker attack,Global,Manufacturing & Industrial,Malware,"Handala hacker group, an Iran-linked entity","On March 11, 2026, medical technology giant Stryker suffered a major cyberattack by the Handala hacker group, an Iran-linked entity, disrupting manufacturing, shipping, and order processing across 79 countries. The attackers used a destructive ""wiper"" technique to disrupt over 200,000 Microsoft-based systems and mobile devices, causing global disruptions for the Fortune 500 company.",IT Security Guru,✅ Confirmed,"https://www.itsecurityguru.org/2026/03/13/iran-linked-hacktivists-claim-destructive-cyberattack-on-medtech-firm-stryker/#:~:text=He%20noted%20that%20the%20attack,tools%20Stryker%20already%20paid%20for.%E2%80%9D",,,
2026,"Lockheed Martin (Aerospace & Defense, March 2026)",Global,Manufacturing & Industrial,Unknown,APT Iran,"In late March 2026, the global defense giant Lockheed Martin was targeted by a group tracked as APT Iran (likely an auxiliary persona for state-linked operations). The group claimed to have exfiltrated 375 terabytes of sensitive data, including F-35 aircraft blueprints and technical specs for advanced missile systems. While the full investigation is ongoing, initial reports suggest the group used a combination of credential stuffing (leveraging passwords leaked from previous third-party breaches) and the exploitation of a zero-day in a high-speed file transfer protocol used for large engineering datasets. Beyond the potential loss of strategic military secrets, the breach triggered an immediate global security audit across all Lockheed subcontractors, highlighting the extreme risk in the defense industrial base.",SPECOPS,✅ Confirmed,"https://specopssoft.com/blog/stryker-cyber-attack-what-we-know-remote-wipe/#:~:text=Separately%2C%20a%20group%20identifying%20as,demanding%20a%20%24400%20million%20ransom",,,
2026,"BASF SE (Chemical Manufacturing, February 2026)",Germany,Manufacturing & Industrial,Ransomware,0apt Group,"The German chemical giant BASF was hit by a targeted ransomware attack from a group calling itself 0apt in early February 2026. Unlike general ransomware, this attack was surgically aimed at chemical catalyst formulas and factory automation code (PLCs). The attackers bypassed traditional perimeter defenses by compromising a service account used by an outsourced industrial maintenance firm. This allowed them to move laterally directly into the Manufacturing Execution System (MES). BASF reported that while safety systems remained intact, proprietary production ""recipes"" were accessed. The incident emphasized a new trend: IP-centric extortion, where the threat isn't just locking systems, but selling specialized chemical ""blueprints"" to global competitors.",SPECOPS,✅ Confirmed,"https://specopssoft.com/blog/stryker-cyber-attack-what-we-know-remote-wipe/#:~:text=Separately%2C%20a%20group%20identifying%20as,demanding%20a%20%24400%20million%20ransom",,,
2026,"The Allen-Bradley PLC Campaign (Global/USA, April 2026)",Global(US),Manufacturing & Industrial,Malware.,CyberAv3ngers,"This is the most significant industrial event of the current year. Six U.S. federal agencies (including CISA and the FBI) issued an emergency warning regarding an Iranian-linked group, CyberAv3ngers. The group targeted internet-connected Rockwell Automation / Allen-Bradley PLCs (specifically the CompactLogix and Micro850 lines). They didn't use complex malware; they used legitimate engineering software (Studio 5000 Logix Designer) to connect to exposed controllers and manipulate the ""Human Machine Interface"" (HMI) displays.","Scantime: 's%20what%20managers%20and%20engineers,issued%20an%20urgent%20joint%20advisory.",✅ Confirmed,https://www.scantime.co.uk/plc-cyber-security-what-manufacturers-need-to-know/#:~:text=Here,,,
2026,"Taiwan Semiconductor (TSMC) ""State-Aligned"" Pressure",Tiwan,Manufacturing & Industrial,Ransomware,China,"Reports from March 2026 indicate a 300% surge in ""reconnaissance-only"" attacks against the Taiwanese semiconductor ecosystem. Unlike ransomware, these attacks (linked to state-aligned groups like Volt Typhoon) do not encrypt files. Instead, they embed ""sleeper"" malware in the firmware of industrial switches. The goal is ""pre-positioning""—establishing a foothold so that they can trigger a global chip shortage at a moment's notice during a geopolitical crisis.",proofpoint,✅ Confirmed,https://www.proofpoint.com/us/blog/threat-insight/phish-china-aligned-espionage-actors-ramp-up-taiwan-semiconductor-targeting,,,
2026,"ASSA ABLOY (Security Locks/Hardware, April 2026) Cyberattack.",Sweden,Manufacturing & Industrial,Ransomware,Cactus Group,"ASSA ABLOY reported an IT incident involving a third-party blackmail group (identified as Cactus) in March 2025, with potential lingering data concerns reported into 2026, though the company noted limited impact on local Swedish servers. The breach, involving the ransomware group ""Cactus,"" accessed data from local servers in Sweden, primarily affecting internal information.",SWEEDEN HERALD,✅ Confirmed,https://swedenherald.com/article/assa-abloy-hacked-data-may-be-spread,,,
2026,"The ""Warship Blueprint"" Thefts Cyberattack",Europe and North America.,Manufacturing & Industrial,Malware.,North Korean APT actors and the group RansomHub,"According to the CYTUR 2026 Maritime Threat Report, several major shipyards and maritime equipment manufacturers were compromised by North Korean APT actors and the group RansomHub. The attackers infiltrated subcontractors to pivot into primary shipyard networks. Their objective was not money, but the CAD blueprints for next-generation warships and specialized propulsion systems. They exploited unsecured VPN profiles and inserted malware via infected USB drives into ""Air Gapped"" bridge workstations.",Industrial Cyber,✅ Confirmed,"https://industrialcyber.co/reports/maritime-cyber-incidents-jump-103-as-cytur-warns-smart-ships-under-fire-urges-secure-by-design-overhaul/#:~:text=Beyond%20individual%20ships%2C%20supply%20chain,pivot%20into%20primary%20shipyard%20networks",,,
2026,Global Manufacturing “ AI-Driven Ransomware Surge,Global,Manufacturing & Industrial,Ransomware (AI-assisted),Multiple RaaS groups (RansomHub / Akira / Cl0p),"Manufacturing absorbed 56% ransomware surge year-over-year; 1,466 documented incidents rising into 2026; supply chain attacks doubled; manufacturers face avg 1,585 weekly attacks per organisation.",,✅ Confirmed,https://industrialcyber.co/manufacturing/manufacturing-absorbs-56-ransomware-surge-of-global-attacks-in-2025-as-raas-legacy-ot-supply-chains-fuel-spike/,,,
2026,Lazarus “ European Defence Manufacturers,Europe,Manufacturing & Industrial,APT / Espionage,Lazarus Group (North Korea),Three European defence sector manufacturers targeted to steal drone manufacturing processes and components. Social engineering via fake job offers delivering remote access trojans.,,✅ Confirmed,https://www.csis.org/programs/strategic-technologies-program/significant-cyber-incidents,,,
2026,Iranian PLC Attack Campaign,"USA, Israel",Manufacturing & Industrial,PLC Exploit (CVE-2021-22681),Iran-linked hackers,Exploitation of 5-year-old Rockwell Automation Logix PLC vulnerability (CVSS 10.0) allowing remote control logic modification; vulnerable systems remain unpatched years after disclosure,,✅ Confirmed,https://blog.qnap.com,,,
2026,WitFoo Precinct 6 Dataset Release,Global,Manufacturing & Industrial,Research Dataset (100M records),Various real attackers,Dataset includes live attack traffic from 2024; supports research into OT/ICS threat detection and MITRE ATT&CK mapping for industrial environments,,✅ Confirmed,https://securitybrief.co.nz,,,
2026,Siemens Energy OT Leak,Germany / Global,Manufacturing & Industrial,Data Exfiltration,Unknown,Leak of proprietary turbine blueprints and OT network maps.,,✅ Confirmed,https://www.csis.org,,,
2026,Tesla Supplier Breach,US / Mexico,Manufacturing & Industrial,Supply Chain,RansomHub,Theft of 500GB of CAD drawings and manufacturing schedules.,,✅ Confirmed,https://www.bleepingcomputer.com,,,
2026,Foxconn Vietnam,Vietnam,Manufacturing & Industrial,Ransomware,LockBit 4.0,Production halt at electronics assembly lines for 48 hours.,,✅ Confirmed,https://www.reuters.com,,,
2026,AI-driven Industrial Cyberattacks,Global,Manufacturing & Industrial,AI-assisted attack,Multiple,Automated exploitation of ICS vulnerabilities,,✅ Confirmed,https://www.rapid7.com,,,
2026,Smart Factory Cyberattack Campaign,Global,Manufacturing & Industrial,IoT/ICS Malware,Unknown,Disruption of automated manufacturing systems,,✅ Confirmed,https://www.ibm.com,,,
2015,LOT Polish Airlines Cyberattack,Poland,Transportation & Automotive,Network attack disrupting flight-plan systems,Not publicly identified,"LOT said a cyberattack hit the ground systems used to issue flight plans at Warsaw’s Chopin Airport, causing flight cancellations and delays and affecting about 1,400 passengers.",,✅ Pending Review,https://www.reuters.com/article/technology/polish-airline-hit-by-cyber-attack-says-all-carriers-are-at-risk-idUSKBN0P21DB/,,,
2015,Jeep Cherokee Hack,USA,Transportation & Automotive,Vehicle Control,Security researchers,"Remote control of vehicle (steering, brakes)",Wired / Chrysler recall report,✅ Confirmed,https://www.wired.com/2015/07/hackers-remotely-kill-jeep-highway/,,,
2016,UK Rail Network Intrusions,Uk,Transportation & Automotive,Cyber intrusion,Unknown (suspected state actors),Access to rail systems; no disruption,UK National Cyber Security Centre,✅ Confirmed,,,,
2016,San Francisco Muni Ransomware (SFMTA Ransomware Attack),USA,Transportation & Automotive,Ransomware,Not publicly identified,"SFMTA said ransomware disrupted some internal computer systems, including email, but also stated that transit service was unaffected and there was no impact on safe operation of buses or Muni Metro. This is a confirmed transit-sector cyber incident, but not a confirmed safety-impact case.",SFMTA official update,✅ Pending Review,https://www.sfmta.com/blog/update-sfmta-ransomware-attack,,,
2016,Belgium Railways (online ticketing),Belgium,Transportation & Automotive,Unknown (likely cybercriminal / hacktivist),Cyber‑attack on web systems,Temporary shutdown of online ticket‑sales services; no impact on train operations.,,✅ Confirmed,https://cyberforte.consulting/the-cybersecurity-threat-of-supply-chain-attacks-a-technical-exploration-of-the-hezbollah-pager-incident/,,,
2017,Renault-Nissan WannaCry Outbreak,France,Transportation & Automotive,Ransomware,,Temporary shutdown of automotive production lines due to ransomware infection,Throwback Attack: WannaCry ransomware takes Renault-Nissan plants offline - Control Engineering,✅ Confirmed,https://www.controleng.com/throwback-attack-wannacry-ransomware-takes-renault-nissan-plants-offline/,,,
2017,Maersk / Petya-NotPetya,Global (Denmark),Transportation & Automotive,Malware (NotPetya),NotPetya campaign,"The NotPetya attack affected Maersk’s shipping IT, terminals, and global logistics operations, causing multiple IT systems to go down and disrupting terminal and port activities. The company relied heavily on centralized digital logistics platforms, which amplified the operational impact and forced widespread manual fallback. This incident is a confirmed example of resilience failure caused by strong dependency on a single global digital platform.","Maersk investor update / Official source: Maersk public statements | Resilience | manual fallback, resilience failure, single global platform dependency, loss of continuity",,,,,
2018,Port of Barcelona Cyberattack,Spain,Transportation & Automotive,Cyberattack affecting internal servers,Not publicly identified,"INCIBE’s summary of the port’s disclosure says the Port of Barcelona detected a cyberattack affecting several internal servers and activated contingency and restoration measures. Publicly available evidence supports service disruption, but not a major publicly confirmed shutdown of ship traffic.",INCIBE / Port reporting summary,✅ Pending Review,https://www.incibe.es/en/incibe-cert/publications/cybersecurity-highlights/port-barcelona-suffers-cyber-attack,https://www.portdebarcelona.cat/memoria2019/pdf/eng-memoria-anual-2019-port-de-barcelona.pdf,,
2018,Port of San Diego Cyberattack,USA,Transportation & Automotive,Ransomware / cyberattack,Not publicly identified,"The Port of San Diego said it experienced a cybersecurity incident in September 2018. Public reporting said business services were disrupted and Harbor Police had to use alternative systems, while ship and boat traffic were not affected.",Port communication archive / Reuters-style reporting preserved in CAPIO materials,✅ Pending Review,https://www.capio.org/sites/main/files/file-attachments/portofsandiego_cyberattackfall2018_cri_byhhs2p.pdf,https://www.businessinsider.com/r-port-of-san-diego-hit-by-ransomware-attack-2018-9,,
2018,COSCO Shipping Cyberattack,Global (later said to be Northern and Southern America),Transportation & Automotive,IT Disruption,NotPetya-linked actors (Russia-attributed),Global shipping disruption,Company and cybersecurity reports | Shipping Giant Cosco Hit by Ransomware Attack,✅ Confirmed,https://www.bankinfosecurity.com/shipping-giant-cosco-hit-by-ransomware-attack-a-11256,,,
2018,British Airways Data Breach,Uk,Transportation & Automotive,Data breach,Magecart group,"Customer data theft (~400,000 records)",UK ICO findings,✅ Confirmed,,,,
2018,Cathay Pacific Breach,Hong Kong,Transportation & Automotive,Data breach,Unknown,9.4M passenger records exposed,"Company disclosure | Cathay Pacific hit by Asia Miles heist: 1,000 accounts compromised",✅ Confirmed,https://www.thestandard.com.hk/news/article/307455/Cathay-Pacific-hit-by-Asia-Miles-heist-1000-accounts-compromised,,,
2020,Toll Group Ransomware,Australia / Global,Transportation & Automotive,Ransomware,Not publicly identified,"Toll confirmed a targeted ransomware attack that forced it to shut down several systems across multiple sites and business units, causing delivery and distribution delays and requiring manual workarounds.",Toll statement as reported by BankInfoSecurity / ABC,✅ Confirmed,https://www.bankinfosecurity.com/australian-delivery-firm-confirms-ransomware-attack-a-13688,https://www.abc.net.au/news/2020-02-10/toll-transport-hack-leaves-customers-and-deliveries-in-limbo/11949036,,
2020,Deutsche Bahn (German Railways),Germany,Transportation & Automotive,IT / information‑display systems breach,Unknown,Real‑time train arrival/departure displays on platforms disrupted; no impact on safety or train control.,,✅ Confirmed,https://cyberforte.consulting/the-cybersecurity-threat-of-supply-chain-attacks-a-technical-exploration-of-the-hezbollah-pager-incident/,,,
2020,Czech Railways (ČD),Czechia,Transportation & Automotive,Email & internal IT systems intrusion,Unknown,Email and back‑office systems compromised; no major operational disruption reported.,,✅ Confirmed,https://cyberforte.consulting/the-cybersecurity-threat-of-supply-chain-attacks-a-technical-exploration-of-the-hezbollah-pager-incident/,,,
2020,Honda Snake Ransomware Attack,Japan,Transportation & Automotive,Ransomware,Milkream neither denied nor admitted,Global production halted in multiple plants; disruption of internal systems,BBC | Honda Hacked: Japanese Car Giant Confirms Cyber Attack On Global Operations,✅ Confirmed,https://www.forbes.com/sites/daveywinder/2020/06/10/honda-hacked-japanese-car-giant-confirms-cyber-attack-on-global-operations-snake-ransomware/,,,
2021,Belgian train dispatching systems,Belgium,Transportation & Automotive,Cyber‑attack on dispatching systems,Unknown,Train schedules and coordination disrupted; reliability of digital dispatching called into question.,,✅ Confirmed,https://cyberforte.consulting/the-cybersecurity-threat-of-supply-chain-attacks-a-technical-exploration-of-the-hezbollah-pager-incident/,,,
2021,Stadler Rail,Switzerland,Transportation & Automotive,Data‑exfiltration / extortion,Unknown / suspected ransomware‑style actors,Sensitive engineering and operational data stolen; threat to publish if ransom was not paid.,,✅ Confirmed,https://cyberforte.consulting/the-cybersecurity-threat-of-supply-chain-attacks-a-technical-exploration-of-the-hezbollah-pager-incident/,,,
2021,New York MTA Hack,USA,Transportation & Automotive,Network intrusion,Chinese state-sponsored (APT),"Chinese state-sponsored hackers infiltrated MTA computer systems, accessing 3 of 18 sub-agencies' networks. No immediate disruption to services. Attackers had potential access to operational control systems. Disclosed May 2021.",NYT; Washington Post; MTA official statement,✅ Pending Review,,,,
2021,Transnet Port and Freight Rail Cyberattack,South Africa,Transportation & Automotive,Cyberattack causing logistics and terminal disruption,Not publicly identified,"Reuters reported that Transnet’s cyberattack disrupted operations and forced a force majeure at container terminals before operations were restored. The affected entity spans both ports and freight rail, making this a strong transportation-infrastructure case.",Reuters,✅ Pending Review,https://www.reuters.com/world/africa/safricas-transnet-restores-operations-ports-after-cyber-attack-2021-07-29/,https://www.reuters.com/world/africa/safricas-transnet-says-will-soon-lift-force-majeure-after-cyberattack-2021-07-27/,,
2021,Merseyrail Ransomware,UK,Transportation & Automotive,Ransomware,LockBit Group,Operational IT disruption,Rail cybersecurity reports | UK rail network Merseyrail hit by ransomware gang,✅ Confirmed,https://securityaffairs.com/117312/malware/merseyrail-lockbit-ransomware.html,,,
2021,Colonial Pipeline Attack,USA,Transportation & Automotive,Ransomware (transport-energy),DarkSide group,Fuel supply disruption across East Coast,U.S. government reports | Cyber Case Study: Colonial Pipeline Ransomware Attack | INSURICA,✅ Confirmed,https://insurica.com/blog/colonial-pipeline-ransomware-attack/,,,
2022,Toyota / Kojima Industries Supplier Attack,Japan,Transportation & Automotive,Cyberattack (type publicly unspecified),Not publicly disclosed,"A cyberattack on Kojima Industries, a supplier feeding Toyota production, disrupted supplier IT systems and production scheduling. As a result, Toyota halted all 14 of its Japanese plants for one day. The incident is a confirmed supply-chain case showing how a single supplier dependency can cascade into a large production stoppage.",Toyota statements / Official source: Toyota public statements,,,,,
2022,Danish Rail Network Standstill (DSB / Supeo),Denmark,Transportation & Automotive,Cyberattack on IT subcontractor,Criminal hackers; specific group not publicly named,"DSB said a major breakdown of Denmark’s train network was caused by a hacker attack on an IT subcontractor’s testing environment, which disrupted train operations nationwide.",Reuters,✅ Pending Review,https://www.reuters.com/technology/danish-train-standstill-saturday-caused-by-cyber-attack-2022-11-03/,,,
2022,Belarusian Railway,Belarus,Transportation & Automotive,Ransomware,Cyber Partisans,"Ticketing down (services for issuing electronic travel documents were temporarily unavailable), - Archives destroyed (no access to stats), - Wagons were idle, the goods were delayed, as workers couldn't issue transportation documentation, - Systems drawing up the shipping documentation related to train movement were down, - Trains in Minsk, Orsha and Osipovichi halted by the attack. All trains delayed.",Cyber Peace Institute | Cyberattacks Impact and Harm on the Transportation sector | CyberPeace Institute,✅ Confirmed,https://cyberconflicts.cyberpeaceinstitute.org/impact/sectors/transportation,,,
2022,Destructive cyberattack against a transportation provider in western Ukraine,Ukraine,Transportation & Automotive,DDoS,Sandworm,potential disruption of supplies and humanitarian aid to conflict hotspots,Cyber Peace Institute | Cyberattacks Impact and Harm on the Transportation sector | CyberPeace Institute,✅ Confirmed,https://cyberconflicts.cyberpeaceinstitute.org/impact/sectors/transportation,,,
2022,Anonymous gain access to IT systems that service Russia’s subway systems,Russian Federartion,Transportation & Automotive,Hack and Leak,GhostSec,Not Yet Known,Cyber Peace Institute | Cyberattacks Impact and Harm on the Transportation sector | CyberPeace Institute,✅ Confirmed,https://cyberconflicts.cyberpeaceinstitute.org/impact/sectors/transportation,,,
2022,Attempted DDoS attack on a US Airport,USA,Transportation & Automotive,DDoS,KillNet,Attempted attack - no impact reported,Cyber Peace Institute,✅ Confirmed Attempted,https://cyberconflicts.cyberpeaceinstitute.org/impact/sectors/transportation,,,
2022,DDoS attack against the website of German International Airport,Germany,Transportation & Automotive,DDoS,KillNet,,Cyber Peace Institute,✅ Confirmed,https://cyberconflicts.cyberpeaceinstitute.org/impact/sectors/transportation,,,
2022,Czech Railways & Pardubice Airport DDoS,Czechia,Transportation & Automotive,DDoS,,Ticketing and flight information systems offline for over 24 hours,Cyberattacks Impact and Harm on the Transportation sector | CyberPeace Institute,✅ Confirmed,https://cyberconflicts.cyberpeaceinstitute.org/impact/sectors/transportation,,,
2023,DDoS attacks against the websites of two Italian public transportation operators,Italy,Transportation & Automotive,DDoS,NoName057(16),Disrupted connectivity to websites.,Cyber Peace Institute,✅ Confirmed,https://cyberconflicts.cyberpeaceinstitute.org/impact/sectors/transportation,,,
2023,DDoS attack against the website of a Finnish cruise company,Finland,Transportation & Automotive,DDoS,NoName057(16),Disrupted connectivity to website.,Cyber Peace Institute | Cyberattacks Impact and Harm on the Transportation sector | CyberPeace Institute,✅ Confirmed,https://cyberconflicts.cyberpeaceinstitute.org/impact/sectors/transportation,,,
2023,Lithuanian postal service,Latvia,Transportation & Automotive,DDoS,NoName057(16),Disrupted connectivity to website.,Cyber Peace Institute | Cyberattacks Impact and Harm on the Transportation sector | CyberPeace Institute,✅ Confirmed,https://cyberconflicts.cyberpeaceinstitute.org/impact/sectors/transportation,,,
2023,Lithuanian city bus station,Lithuania,Transportation & Automotive,DDoS,NoName057(16),Disrupted connectivity to website.,Cyber Peace Institute | Cyberattacks Impact and Harm on the Transportation sector | CyberPeace Institute,✅ Confirmed,https://cyberconflicts.cyberpeaceinstitute.org/impact/sectors/transportation,,,
2023,four subdomains of a Czech airport,Czechia,Transportation & Automotive,DDoS,NoName057(16),Disrupted connectivity to websites. Websites unavailable to foreign IP addresses.,Cyber Peace Institute | Cyberattacks Impact and Harm on the Transportation sector | CyberPeace Institute,✅ Confirmed,https://cyberconflicts.cyberpeaceinstitute.org/impact/sectors/transportation,,,
2023,Swiss railway company,Switzerland,Transportation & Automotive,DDoS,NoName057(16),Disrupted connectivity to website.,Cyber Peace Institute | Cyberattacks Impact and Harm on the Transportation sector | CyberPeace Institute,✅ Confirmed,https://cyberconflicts.cyberpeaceinstitute.org/impact/sectors/transportation,,,
2023,Ukrainian state defence products exporter,Ukraine,Transportation & Automotive,DDoS,People's Cyber Army,Disrupted connectivity to website.,Cyber Peace Institute,✅ Confirmed,https://cyberconflicts.cyberpeaceinstitute.org/impact/sectors/transportation,,,
2023,Dutch bike rental agency,Netherlands,Transportation & Automotive,DDoS,NoName057(16),Disrupted connectivity to website.,Cyber Peace Institute,✅ Confirmed,https://cyberconflicts.cyberpeaceinstitute.org/impact/sectors/transportation,,,
2023,Spanish local public transport operator,Spain,Transportation & Automotive,DDoS,NoName057(16),Disrupted connectivity to websites. Websites unavailable to foreign IP addresses.,Cyber Peace Institute,✅ Confirmed,https://cyberconflicts.cyberpeaceinstitute.org/impact/sectors/transportation,,,
2023,Bulgarian port,Bulgaria,Transportation & Automotive,DDoS,NoName057(16),Disrupted connectivity to website.,Cyber Peace Institute,✅ Confirmed,https://cyberconflicts.cyberpeaceinstitute.org/impact/sectors/transportation,,,
2023,public transport smart card system,Netherlands,Transportation & Automotive,DDoS,NoName057(16),Disrupted connectivity to website.,Cyber Peace Institute,✅ Confirmed,https://cyberconflicts.cyberpeaceinstitute.org/impact/sectors/transportation,,,
2023,British airport and the subdomain of another airport,UK,Transportation & Automotive,DDoS,UserSec,Disrupted connectivity to website.,,✅ Confirmed,https://cyberconflicts.cyberpeaceinstitute.org/impact/sectors/transportation,,,
2023,US local public transport,USA,Transportation & Automotive,DDoS,Anonymous Russia,Disrupted connectivity to website.,,✅ Confirmed,https://cyberconflicts.cyberpeaceinstitute.org/impact/sectors/transportation,,,
2023,Moldovan Airport,Moldova,Transportation & Automotive,DDoS,People's Cyber Army,Disrupted connectivity to website.,,✅ Confirmed,https://cyberconflicts.cyberpeaceinstitute.org/impact/sectors/transportation,,,
2023,Port of Nagoya Ransomware,Japan,Transportation & Automotive,Ransomware (LockBit 3.0),LockBit 3.0 (Russia-linked),"July 4–6, 2023: Japan's largest port (10% of total Japan trade, Toyota's primary port) shut down for 2+ days. Container loading/unloading halted. Toyota unable to load/unload parts; forced to suspend packaging line operations. LockBit 3.0 claimed responsibility and demanded ransom.",Dragos blog; SecurityWeek; MSSP Alert; CPO Magazine; The Register,✅ Confirmed,https://www.dragos.com/blog/ot-cybersecurity-breach-disrupts-operations-at-the-port-of-nagoya-japan,,,
2023,DP World Australia Cyberattack,Australia,Transportation & Automotive,Cyberattack / unauthorized access,Not publicly identified,"DP World Australia said it detected unauthorized access on November 10, 2023 and disconnected its network from the internet to contain the incident, which impacted landside port operations. Reuters reported the incident crippled operations at terminals in Melbourne, Sydney, Brisbane, and Fremantle.",DP World Australia statement; Reuters,✅ Confirmed,https://www.reuters.com/technology/cybersecurity/dp-world-says-hackers-stole-australian-ports-employee-data-2023-11-28/,,,
2023,Polish Railways (PKP),Poland,Transportation & Automotive,cyberattack,Unknown,Emergency stoppage of around 20 trains,"14 recent cyber attacks on the transport & logistics sector | Safety | emergency stoppage, stop command",✅ Confirmed,https://wisdiam.com/publications/recent-cyber-attacks-transport-logistics-sector/,,,
2023,Finnish bus company,Finland,Transportation & Automotive,DDoS,Legion Cyber Spetsnaz,Disrupted connectivity to website.,,✅ Confirmed,https://cyberconflicts.cyberpeaceinstitute.org/impact/sectors/transportation,,,
2023,Slovenian airport,Slovenia,Transportation & Automotive,DDoS,KillNet,Disrupted connectivity to website.,,✅ Confirmed,https://cyberconflicts.cyberpeaceinstitute.org/impact/sectors/transportation,,,
2023,Polish airport and aviation club,Poland,Transportation & Automotive,DDoS,KillNet,Disrupted connectivity to website.,,✅ Confirmed,https://cyberconflicts.cyberpeaceinstitute.org/impact/sectors/transportation,,,
2023,Estonian ferry company,Estonia,Transportation & Automotive,DDoS,NoName057(16),Disrupted connectivity to websites.,,✅ Confirmed,https://cyberconflicts.cyberpeaceinstitute.org/impact/sectors/transportation,,,
2023,Italian ferry company,Italy,Transportation & Automotive,DDoS,NoName057(16),Disrupted connectivity to websites.,,✅ Confirmed,https://cyberconflicts.cyberpeaceinstitute.org/impact/sectors/transportation,,,
2023,Greek ferry company,Greece,Transportation & Automotive,DDoS,NoName057(16),Disrupted connectivity to websites.,,✅ Confirmed,https://cyberconflicts.cyberpeaceinstitute.org/impact/sectors/transportation,,,
2023,Australian local public transportation operator,Austrailia,Transportation & Automotive,DDoS,NoName057(16),Disrupted connectivity to websites.,,✅ Confirmed,https://cyberconflicts.cyberpeaceinstitute.org/impact/sectors/transportation,,,
2023,public transport smart card system,Netherlands,Transportation & Automotive,DDoS,NoName057(16),Disrupted connectivity to websites.,,✅ Confirmed,https://cyberconflicts.cyberpeaceinstitute.org/impact/sectors/transportation,,,
2023,Swiss Railway,Switzerland,Transportation & Automotive,DDoS,NoName057(16),Disrupted connectivity to website.,Cyberattacks Impact and Harm on the Transportation sector | CyberPeace Institute,✅ Confirmed,https://cyberconflicts.cyberpeaceinstitute.org/impact/sectors/transportation,,,
2023,Auckland Transport,New Zealand,Transportation & Automotive,Ransomware,Medussa,Financial loss resulting from inability to charge users,14 recent cyber attacks on the transport & logistics sector,✅ Confirmed,https://wisdiam.com/publications/recent-cyber-attacks-transport-logistics-sector/,,,
2023,Auckland Transport,New Zealand,Transportation & Automotive,DDos,Medussa (suspected),"intermittent issues accessing their website, AT Mobile App, AT Park, Journey Planner and public information displays",,✅ Confirmed,https://wisdiam.com/publications/recent-cyber-attacks-transport-logistics-sector/,,,
2023,Estes Express Lines,USA,Transportation & Automotive,DDoS,Unknown,"Estes Express Lines experienced a cyber attack in October 2023 that disrupted its email, phones, website, and other systems for weeks. The attack led to temporary freight diversions to competitors before Estes restored its systems and regained business.",,✅ Confirmed,https://www.truckingdive.com/news/estes-express-lines-cyberattack-timeline/700491/,,,
2023,Elron (Estonian national rail carrier),Estonia,Transportation & Automotive,DDoS against third‑party ticketing system,DDoS sourced by Russia‑linked actors,Ticketing system offline; passengers allowed free travel or cash payments; revenue loss.,,✅ Confirmed,https://wisdiam.com/publications/recent-cyber-attacks-transport-logistics-sector/,,,
2023,Transport for London Cyber Incident,UK,Transportation & Automotive,Cyberattack / data breach,Unknown,Customer data exposure; limited service disruption,TfL disclosure | Cyber security incident in September 2024 - Transport for London,✅ Confirmed,https://tfl.gov.uk/fares/free-and-discounted-travel/cyber-security-incident,,,
2023,Aviation Cyberattack Surge,Global,Transportation & Automotive,Cyber (multiple incidents),Multiple actors,>50 aviation-related cyber incidents,Academic (Springer study),✅ Pending Review,,,,
2023,GPS Spoofing,Eastern Europe,Transportation & Automotive,Electronic warfare / spoofing,State-linked actors (suspected Russia),Aircraft navigation disruption,"Aviation security reports | GNSS Spoofing and Jamming in Eastern Europe - Inside GNSS - Global Navigation Satellite Systems Engineering, Policy, and Design",✅ Confirmed,https://insidegnss.com/gnss-spoofing-and-jamming-in-eastern-europe/,,,
2024,UK Rail Wi-Fi Attack,Uk,Transportation & Automotive,Cyber (network compromise),Unknown,Passenger Wi-Fi hijacked; misinformation display,AP News | Cybercriminals Hack UK Rail Network Wi-Fi - Infosecurity Magazine,✅ Confirmed,https://www.infosecurity-magazine.com/news/cybercriminals-hack-uk-rail-wifi/,,,
2024,U.S. Transport System Attacks,USA,Transportation & Automotive,Cyber (multiple incidents),Various (incl. hacktivists),Disruption to transit IT systems,DHS / CISA reports,✅ Confirmed,,,,
2024,Ascend/Auto Parts Supplier OT Attack (Snowflake-linked),USA/Global,Transportation & Automotive,Data breach / OT-adjacent,ShinyHunters (credential theft),"2024 Snowflake credential breach campaign affected multiple automotive suppliers including CDK Global (serving 15,000 auto dealerships). CDK paid ~$25M ransom. Car dealerships across North America unable to process sales, service, or financing for weeks.",WSJ; Bloomberg; Reuters; CDK Global statements,✅ Pending Review,,,,
2024,Beirut-Rafic Al Hariri International Airport,Lebanon,Transportation & Automotive,Compromised flight information display screens,Unknown,"Flight information display screens at Beirut’s international airport were hacked, displaying politically motivated messages. The incident also briefly disrupted the baggage inspection system.",,✅ Confirmed,https://apnews.com/article/lebanon-beirut-airport-hack-hezbollah-israel-5d5855c3635b429d63491993f7748a64,,,
2024,Polish Railways (PKP),Poland,Transportation & Automotive,Ransomware / Intrusion,Unknown,Significant disruption to internal IT and ticketing systems; some services delayed.,"Integrity | altered, false, inaccurate information",✅ Confirmed,https://wisdiam.com/publications/recent-cyber-attacks-transport-logistics-sector/,,,
2024,Rievatnet Valley Dam Cyber Sabotage,Norway,Transportation & Automotive,Cybersabotage,Pro-Russian Hackers,Disruption of hydro-transport infrastructure; attributed to pro-Russia hackers,,,,,,
2024,Kia/Subaru Connected Vehicle Remote Exploits,Global,Transportation & Automotive,API vulnerability exploitation,Security researchers (Sam Curry et al.),"Researchers demonstrated remote exploits via insecure API endpoints in Kia and Subaru portals — enabling location tracking, door unlock, engine/horn control on millions of vehicles. Responsible disclosure; patches issued.",Sam Curry security blog; Wired; Ars Technica,✅ Pending Review,https://samcurry.net/web-hackers-vs-the-auto-industry,,,
2024,Port of Seattle Cyberattack,USA,Transportation & Automotive,Cyberattack (type publicly unspecified),Not publicly disclosed,"The cyberattack affected port- and airport-related IT-connected services at the Port of Seattle, causing outages, isolation of critical systems, and disruption to traveler and port operations. Public reporting indicates the effects lasted for weeks. The exact intrusion path has not been publicly disclosed, but the case highlights dependency on shared operational platforms across airport and port systems.",Port of Seattle archive / Official source: Port of Seattle statements,,,,,
2024,CDK Dealer-Platform Outage,USA / North America,Transportation & Automotive,Cyberattack / platform outage,Not publicly disclosed,"The CDK incident disrupted dealer management and retail operations across many auto dealerships, affecting sales, service, financing, and other daily business processes. The main CPS-relevant lesson is the concentration of operational dependency in a third-party dealer platform used across the automotive retail ecosystem.",Reuters and broad public reporting,,,,,
2024,Japan Airlines Cyberattack,Japan,Transportation & Automotive,Cyberattack causing network disruption,Not publicly identified,Japan Airlines said a cyberattack delayed some domestic and international flights and temporarily suspended same-day ticket sales before systems were restored. Reuters reported no customer-data compromise was found.,Reuters / JAL statement summarized by Reuters,✅ Pending Review,https://www.reuters.com/technology/cybersecurity/japan-airlines-systems-hit-by-cyberattack-ntv-says-2024-12-26/,,,
2024,JAS Worldwide (global freight forwarder),Global (HQ Singapore),Transportation & Automotive,Ransomware on core operations,Ransomware group (unspecified),Central operations system (C1) and customer portal (SmartHub) offline days; shipment‑tracking halted,,✅ Confirmed,https://wisdiam.com/publications/recent-cyber-attacks-transport-logistics-sector/,,,
2024,Oahu Transit Services (the_bus),United States (Hawaii),Transportation & Automotive,Ransomware / IT attack,Unknown,"Agency’s IT systems disrupted; bus operations still run manually, but payment and scheduling systems affected.",,✅ Confirmed,https://wisdiam.com/publications/recent-cyber-attacks-transport-logistics-sector/,,,
2025,Collins Aerospace / European Airports Check-in Disruption,"United Kingdom, Belgium, Germany, Ireland",Transportation & Automotive,Cyberattack on third-party passenger-processing software,Not publicly identified in the initial reporting; later Reuters reporting described it as a hacking disruption,"Reuters reported that a cyberattack on Collins Aerospace’s airport check-in/boarding software disrupted operations at Heathrow, Brussels, Berlin, Dublin, and Cork, forcing manual check-in and causing delays and cancellations.",Reuters,✅ Pending Review,https://www.reuters.com/en/cyberattack-causes-flight-delays-cancellations-brussels-airport-2025-09-20/,https://www.reuters.com/business/aerospace-defense/european-airports-race-fix-check-in-glitch-after-hacking-disruption-2025-09-21/,,
2025,Ukrainian State Railway Cyberattack,Ukraine,Transportation & Automotive,Large-scale cyberattack on ticketing and freight IT systems,Not officially confirmed in Reuters; Ukrainian officials said it appeared to be a Russian attempt to destabilize operations,"Ukrzaliznytsia said a large-scale cyberattack knocked out its online ticketing system, caused long queues at stations, forced paper-based workarounds, and later affected online freight services.",Reuters,✅ Pending Review,https://www.reuters.com/world/europe/ukraine-railway-says-its-online-systems-targeted-large-scale-cyberattack-2025-03-24/,https://www.reuters.com/technology/cybersecurity/ukraine-railways-say-sundays-cyber-attack-hit-its-online-freight-services-2025-03-25/,,
2025,Hawaiian Airlines Cyberattack,USA,Transportation & Automotive,Cyberattack affecting IT systems,Not publicly identified,"Hawaiian Airlines said a cyberattack disrupted some of its IT systems, but flights continued to operate safely and on schedule while the FAA monitored the situation.",Reuters,✅ Pending Review,https://www.reuters.com/business/hawaiian-airlines-hit-by-cyber-attack-2025-06-26/,,,
2025,WestJet Cybersecurity Incident,Canada,Transportation & Automotive,Cybersecurity incident affecting app and internal systems,Not publicly identified,WestJet said a cybersecurity incident affected its mobile app and some internal systems. Reuters reported the airline said operational safety and services were unaffected.,Reuters,✅ Pending Review,https://www.reuters.com/sustainability/boards-policy-regulation/westjet-probes-cybersecurity-incident-affecting-app-internal-systems-2025-06-14/,,,
2025,Tesla Supply Chain Data Leak,USA,Transportation & Automotive,Hack-and-leak,Unidentified whistleblower,Exposure of supplier credentials and vehicle telemetry data,"Tesla Leaks Uncover Safety Hazards, Data Risks, And Harsh Conditions At Gigafactories",✅ Confirmed,https://evxl.co/2025/07/12/tesla-leaks-uncover-safety-hazards-data-risks-gigafactories/,,,
2025,Dutch Traffic Infrastructure Attack,Netherlands,Transportation & Automotive,Cyber (ITS disruption),Unknown,Traffic cameras disabled; fines disrupted,Kaspersky ICS CERT,✅ Confirmed,,,,
2025,EV Charging Platform Breach,Europe,Transportation & Automotive,Cyber (data breach),Unknown,Customer data exposure; system access,Kaspersky ICS CERT,✅ Confirmed,,,,
2025,Stellantis Supply Chain Breach,Global,Transportation & Automotive,Supply-chain cyberattack,Unknown,Data exposure; system compromise,Cybersecurity disclosures | Stellantis Data Breach: Another Supply Chain Security Wake-Up Call,✅ Confirmed,https://www.altiatech.com/stellantis-data-breach-another-supply-chain-security-wake-up-call,,,
2025,"Various logistics & transport firms (e.g., major carriers)",Multiple countries (global),Transportation & Automotive,Ransomware / data‑exfiltration,"Cybercriminal ransomware groups (e.g., Akira‑linked cases)","System outages, halted cargo movements, and financial losses at multiple logistics and transport companies.",,✅ Confirmed,https://asimily.com/blog/largest-transportation-and-logistics-cyberattacks/,,,
2025,Jaguar Land Rover Cyber Incident,United Kingdom,Transportation & Automotive,Cyberattack causing production shutdown,Not publicly identified,"Reuters reported that JLR’s cyber incident severely disrupted retail and production activities, leading to a multi-week shutdown at its UK factories and significant supply-chain fallout.",Reuters,✅ Pending Review,https://www.reuters.com/business/autos-transportation/britains-jlr-hit-by-cyber-incident-that-disrupts-production-sales-2025-09-02/,https://www.reuters.com/business/retail-consumer/uks-jaguar-land-rover-cyber-attack-shutdown-hit-four-weeks-2025-09-23/,,
2026,Aviation Sector Cyber Campaign,Global,Transportation & Automotive,Cyber (targeted attacks),Scattered Spider (suspected),Airline system intrusions; identity system targeting,Reuters,✅ Confirmed,,,,
2026,Automotive Supply Chain Attacks,Global,Transportation & Automotive,Cyber (supply chain),Multiple actors,"Risk of fleet manipulation, logistics disruption",Kaspersky ICS CERT,,,,,
2026,Italian Rail Sabotage,Italy,Transportation & Automotive,Physical Sabotage,Unknown (criminal/terror suspected),"40,000 passengers affected; major disruption","Government, news reports",✅ Confirmed,,,,
2017,Dallas emergency siren hack,USA,Smart Cities & Buildings,Unauthorized access / Civic disruption / Emergency alert system spoofing,Unknown local attacker(s),"In April 2017, all 156 emergency warning sirens in Dallas were activated repeatedly without a real emergency. City officials said the incident was caused by hacking, likely through unauthorized radio-signal activation of the siren system. The event disrupted the city’s emergency alert infrastructure and caused thousands of 911 calls.",Wired; Associated Press via The Guardian; Government Technology / Dallas Morning News reporting,✅ CONFIRMED,https://www.wired.com/2017/04/dallas-siren-hack-wasnt-novel-just-really-loud/,https://www.theguardian.com/us-news/2017/apr/09/dallas-hackers-sirens-alarms-emergency-system,https://www.govtech.com/em/disaster/Culprit-broadcast-signal-that-triggered-Dallas-emergency-sirens-Friday-night.html,
2018,City of Atlanta SamSam Ransomware,USA,Smart Cities & Buildings,Ransomware,SamSam operators / Iranian nationals indicted by DOJ,The attack disrupted multiple municipal services and forced staff back to paper-and-phone workarounds. Reuters reported service impacts that included city functions such as courts and water-related services.,Reuters,✅ CONFIRMED,https://www.reuters.com/article/technology/with-paper-and-phones-atlanta-struggles-to-recover-from-cyber-attack-idUSKBN1H80US/,https://www.reuters.com/article/technology/atlanta-takes-down-water-department-website-two-weeks-after-cyber-attack-idUSKCN1HC2WB/,https://www.justice.gov/archives/opa/pr/two-iranian-men-indicted-deploying-ransomware-extort-hospitals-municipalities-and-public,
2019,Johnson Controls Metasys building automation vulnerabilities,Global,Smart Cities & Buildings,Publicly disclosed vulnerability / BMS vulnerability disclosure,Security researchers / unknown attackers,"Public source documents vulnerability/advisory information relevant to building automation / hvac control. Use as a confirmed vulnerability/disclosure row; replace with a specific CVE/advisory if TA requires incident-only evidence. This record is included because the affected target is tied to municipal, smart-building, camera, access-control, or building-automation systems. The cited source provides the verification basis for the incident, campaign, or vulnerability/disclosure record.",CISA advisory/context,✅ CONFIRMED,https://www.cisa.gov/news-events/ics-advisories?search_api_fulltext=Metasys,,,
2019,New Orleans city ransomware,USA,Smart Cities & Buildings,Ransomware / municipal service disruption,Unknown,"New Orleans declared an emergency after ransomware affected city networks and services. This record is included because the affected target is tied to municipal, smart-building, camera, access-control, or building-automation systems. The cited source provides the verification basis for the incident, campaign, or vulnerability/disclosure record.",TechCrunch; Government Technology; CBS News; SC Media,✅ CONFIRMED,https://techcrunch.com/2019/12/14/new-orleans-declares-state-of-emergency-following-ransomware-attack/,https://www.govtech.com/security/New-Orleans-Declares-State-of-Emergency-After-Ransomware-Attack.html,https://www.cbsnews.com/news/new-orleans-cyberattack-city-state-of-emergency-government-computers-shut-down-today-2019-12-13/,https://www.scworld.com/news/new-orleans-hamstrung-by-ransomware-attack
2019,Pensacola city ransomware,USA,Smart Cities & Buildings,Ransomware / municipal service disruption,Maze reported by public sources,"City systems were disrupted after a ransomware incident; municipal services were affected. This record is included because the affected target is tied to municipal, smart-building, camera, access-control, or building-automation systems. The cited source provides the verification basis for the incident, campaign, or vulnerability/disclosure record.",City of Pensacola public notice; Ars Technica; CBS News; MSSP Alert,✅ CONFIRMED,https://www.cityofpensacola.com/CivicSend/ViewMessage/Message/100944,https://www.cityofpensacola.com/3528/Network-Security-Incident,,
2019,Baltimore City Ransomware Attack,USA,Smart Cities & Buildings,Ransomware,RobbinHood operators widely reported publicly; city update did not name the actor,"Baltimore said it discovered the ransomware attack on May 7, 2019, took systems offline to contain it, shifted operations into manual mode, and continued partial or workaround-based delivery of interrupted services.",City of Baltimore update; Verizon analysis; MSSP Alert report,✅ CONFIRMED,https://content.govdelivery.com/accounts/MDBALT/bulletins/2459686,https://www.verizon.com/business/resources/articles/s/lessons-from-the-robbinhood-ransomware-attack-on-baltimore/,https://www.msspalert.com/news/baltimore-robbinhood-recovery-update,
2020,City of Torrance ransomware,USA,Smart Cities & Buildings,Ransomware / data theft,DoppelPaymer reported publicly,"City systems and data were affected by ransomware/data-theft incident. This record is included because the affected target is tied to municipal, smart-building, camera, access-control, or building-automation systems. The cited source provides the verification basis for the incident, campaign, or vulnerability/disclosure record.",torranceca.gov,CONFIRMED,https://www.torranceca.gov/Home/Components/News/News/4063/16,,,
2020,"Florence, Alabama DoppelPaymer ransomware",USA,Smart Cities & Buildings,Ransomware / municipal disruption,DoppelPaymer,"City systems were disrupted by ransomware; attackers reportedly demanded ransom. This record is included because the affected target is tied to municipal, smart-building, camera, access-control, or building-automation systems. The cited source provides the verification basis for the incident, campaign, or vulnerability/disclosure record.",florenceal.org,CONFIRMED,https://www.florenceal.org/CivicAlerts.aspx?AID=532,,,
2021,Verkada Cloud Camera Breach,Global (US),Smart Cities & Buildings,Unauthorized cloud platform access,Not publicly disclosed,"The Verkada incident involved unauthorized access to the company’s cloud camera platform and related access-control systems, allowing attackers to view live video feeds and access customer-related data, including some access-control information and Wi-Fi credentials. The case highlights the risk of centralized building-security platforms, with the main enabling factors being a misconfigured internet-exposed support server and overly privileged support functions. It is a confirmed smart-building / physical-security incident with strong relevance to insecure cloud/API architecture and deployment weakness.",Verkada security incident report; FTC enforcement action; Cloudflare statement,✅ CONFIRMED,https://www.verkada.com/security-update/report/,https://www.ftc.gov/news-events/news/press-releases/2024/08/ftc-takes-action-against-security-camera-firm-verkada-over-charges-it-failed-secure-videos-other,https://blog.cloudflare.com/about-the-march-8-9-2021-verkada-camera-hack/,
2021,City of Liège Ransomware Attack,Belgium,Smart Cities & Buildings,Ransomware / municipal IT disruption,Ryuk suspected publicly,"Liège suffered a ransomware attack that disrupted municipal IT and online services. Civil status and population services were affected and appointments such as town hall, birth registration, wedding, and burial services were canceled.",The Record; Malwarebytes; SecurityAffairs,✅ CONFIRMED,https://therecord.media/city-of-liege-belgium-hit-by-ransomware,https://www.malwarebytes.com/blog/news/2021/06/city-of-liege-hit-by-ransomware-ryuk-suspected,https://securityaffairs.com/119240/malware/city-of-liege-ransomware.html,
2021,City of Joplin Ransomware Attack,USA,Smart Cities & Buildings,Ransomware / municipal online and phone service disruption,Unknown,"Joplin’s city government computer system was shut down after a ransomware attack; online services and internet-based phone systems were affected, and the city’s insurer reportedly paid $320,000.",Government Technology; AP; SecurityWeek,✅ CONFIRMED,https://www.govtech.com/security/ransomware-shuts-down-online-services-in-joplin-mo,https://apnews.com/article/technology-business-health-coronavirus-pandemic-michael-brown-510ebc313dce8f3288c10a652a9998ed,https://www.securityweek.com/joplin-city-computer-shutdown-was-ransomware-attack/,
2021,City of Angers Ransomware Attack,France,Smart Cities & Buildings,Ransomware / municipal service disruption,Unknown,"Angers city and Angers Loire Métropole were hit by ransomware in January 2021, disrupting municipal information systems and making city/metropolitan online services unavailable.",LeMagIT; L’Usine Digitale; Le Monde Informatique,✅ CONFIRMED,https://www.lemagit.fr/actualites/252494954/La-ville-dAngers-fait-a-son-tour-les-frais-dune-cyberattaque-par-ransomware,https://www.usine-digitale.fr/article/la-ville-d-angers-est-en-proie-a-un-ransomware-ses-services-en-ligne-sont-indisponibles.N1050104,https://www.lemondeinformatique.fr/actualites/lire-la-ville-d-angers-se-debat-avec-un-ransomware-81668.html,
2021,City of Tulsa Ransomware,USA,Smart Cities & Buildings,Ransomware,Not publicly confirmed in the city’s own updates,Tulsa said it was restoring critical systems after a ransomware attack that disrupted city systems and online services. Official updates directed residents to workarounds for service issues while restoration continued.,City of Tulsa cyber notice; City of Tulsa ransomware update; KTUL report,✅ CONFIRMED,https://www.cityoftulsa.org/cyber,https://www.cityoftulsa.org/press-room/city-of-tulsa-ransomware-update-may-20,https://www.cityoftulsa.org/press-room/ransomware-update-june-22-tulsa-police-citations-posted-on-dark-web-tulsa-residents-should-take-necessary-precautions/,https://ktul.com/news/local/tulsa-ransomware-attack-update
2021,City of Yonkers Ransomware Attack,USA,Smart Cities & Buildings,Ransomware / city hall IT disruption,Unknown,"Yonkers reported that the city was hit by a ransomware virus in September 2021. City Hall and employees were without computers for several days, and the city later described spending about $600,000 on recovery and security improvements.",City of Yonkers budget testimony; Yonkers Times; DataBreaches.net,✅ CONFIRMED,https://www.yonkersny.gov/848/State-Budget-Testimony-2022,https://yonkerstimes.com/city-of-yonkers-hacked-no-computers-for-the-past-week-ransom-demanded-city-hall-says-no/,,
2021,Oldsmar City Infrastructure Review,USA (Florida),Smart Cities & Buildings,Systemic vulnerability assessment,N/A (post-incident review),"Post-incident review of Oldsmar following water plant incident revealed widespread use of shared passwords, outdated OS (Windows 7), and exposed remote access across city infrastructure systems.",CISA advisory; Idaho National Laboratory/CyOTE case study; CyberScoop follow-up; Wired report,DISPUTED / POST-INCIDENT REVIEW,https://www.cisa.gov/news-events/cybersecurity-advisories/aa21-042a,https://cyote.inl.gov/content/uploads/24/2025/12/CyOTE-Case-Study_Oldsmar.pdf,https://cyberscoop.com/water-oldsmar-incident-cyberattack/,https://www.wired.com/story/oldsmar-florida-water-utility-hack
2022,City of Palermo cyberattack,Italy,Smart Cities & Buildings,Ransomware / municipal service disruption,Vice Society reported publicly,"Cyberattack disrupted municipal digital services, including websites and online portals. This record is included because the affected target is tied to municipal, smart-building, camera, access-control, or building-automation systems. The cited source provides the verification basis for the incident, campaign, or vulnerability/disclosure record.",comune.palermo.it,✅ CONFIRMED,https://securityaffairs.com/132122/cyber-crime/city-of-palermo-vice-society-ransomware.html,https://www.acronis.com/en/tru/posts/vice-society-ransomware-hits-italian-city-of-palermo/,,
2022,City of Wheat Ridge BlackCat Ransomware Attack,USA,Smart Cities & Buildings,Ransomware / municipal systems disruption,BlackCat / ALPHV reported publicly,"Wheat Ridge confirmed a ransomware incident in 2022 attributed publicly to BlackCat. The city took systems offline, worked with federal agencies and outside experts, and reported that no ransom was paid.",Neighborhood Gazette; CBS Colorado; Colorado CCMA case deck,✅ CONFIRMED,https://ngazette.com/wheat-ridge-restoring-its-systems-says-no-to-ransom-demand/,https://www.cbsnews.com/colorado/news/ransomware-attacks-hit-wheat-ridge-fremont-counties-everything-was-impacted/,https://coloradoccma.org/wp-content/uploads/Wheat-Ridge-vs-Black-Cat.pdf,
2022,Antwerp city/port digital services cyberattack,Belgium,Smart Cities & Buildings,Ransomware / municipal and logistics disruption,Play ransomware reported publicly,"Attack affected city services and digital systems; Antwerp’s role as a smart port/city makes it relevant. This record is included because the affected target is tied to municipal, smart-building, camera, access-control, or building-automation systems. The cited source provides the verification basis for the incident, campaign, or vulnerability/disclosure record.",antwerpen.be,✅ CONFIRMED,https://www.antwerpen.be/info/6374ce19df7eee7f2d0c9693/cyberaanval-stad-antwerpen,,,
2022,Bernalillo County ransomware,USA,Smart Cities & Buildings,Ransomware / public service disruption,Unknown,"County systems including public services were disrupted by ransomware. This record is included because the affected target is tied to municipal, smart-building, camera, access-control, or building-automation systems. The cited source provides the verification basis for the incident, campaign, or vulnerability/disclosure record.",bernco.gov,✅ CONFIRMED,https://www.bernco.gov/blog/2022/01/05/county-closes-facilities-due-to-ransomware/,,,
2023,"Dallas, Texas Ransomware Attack",USA (Texas),Smart Cities & Buildings,Ransomware,Royal ransomware group,"May 2023: Royal ransomware hit City of Dallas IT systems. Police, courts, water and building services impacted. 911 dispatch partially disrupted. 30,000+ resident records compromised.",City of Dallas after-action review; Dallas Morning News / Government Technology; Axios,✅ CONFIRMED,https://www.govtech.com/security/dallas-officials-say-26k-people-impacted-by-ransomware-attack,https://www.axios.com/local/dallas/2023/05/16/dallas-city-cyberattack-ransomware,,
2023,City of Oakland Ransomware Incident,USA,Smart Cities & Buildings,Ransomware / malware encryption,Not publicly confirmed in the strongest city materials,"Oakland’s breach notice says malware encrypted some city systems on February 8, 2023. Later city materials described broad resident impact, while core emergency functions were reported elsewhere as unaffected.",California OAG breach notice; Oakland city records; Government Technology,✅ CONFIRMED,https://oag.ca.gov/system/files/ELN-18852%20City%20of%20Oakland%20W4%20Adult%2012%20Mo%20CM%20Resident%20r2prf.pdf,https://www.oaklandca.gov/files/assets/city/v/1/privacy-advisory-commission/documents/no-stolen-data-ordinance-and-exhibit-a.pdf,https://www.govtech.com/security/oakland-calif-to-pay-police-staff-whose-data-was-exposed,
2023,"Augusta, Georgia cyber incident",USA,Smart Cities & Buildings,Ransomware / municipal service disruption,BlackByte claimed publicly,"City government systems were impacted by cyber incident/ransomware claim. This record is included because the affected target is tied to municipal, smart-building, camera, access-control, or building-automation systems. The cited source provides the verification basis for the incident, campaign, or vulnerability/disclosure record.",augustaga.gov,✅ CONFIRMED,https://www.augustaga.gov/CivicAlerts.aspx?AID=2671,,,
2023,"Hayward, California ransomware",USA,Smart Cities & Buildings,Ransomware / city IT disruption,Unknown,"City disclosed ransomware affecting city IT systems. This record is included because the affected target is tied to municipal, smart-building, camera, access-control, or building-automation systems. The cited source provides the verification basis for the incident, campaign, or vulnerability/disclosure record.",hayward-ca.gov,✅ CONFIRMED,https://www.hayward-ca.gov/discover/news/jun23/city-hayward-continues-investigate-cybersecurity-incident,,,
2023,Johnson Controls ransomware,Global,Smart Cities & Buildings,Ransomware / building technology supplier disruption,Dark Angels reported publicly,"Johnson Controls, a major building automation/HVAC/security supplier, reported a cybersecurity incident affecting systems. This record is included because the affected target is tied to municipal, smart-building, camera, access-control, or building-automation systems. The cited source provides the verification basis for the incident, campaign, or vulnerability/disclosure record.",johnsoncontrols.com,✅ CONFIRMED,https://www.johnsoncontrols.com/cyber-solutions/security-advisories,,,
2024,FrostyGoop,Ukraine,Smart Cities & Buildings,Malware/Unauthorized Command Message,Strong evidence - Russian,"FrostyGoop (disclosed 2023–2024) is the ninth known ICS-specific malware, and is unique for exploiting the common Modbus PLC protocol to directly issue malicious commands. Written in Go, it was used in an attack on Ukrainian city infrastructure (heating system) in early 2024 that turned off boilers, showing its ability to manipulate control outputs and change device parameters. FrostyGoop’s design is somewhat simpler than earlier state malware—it leverages open-source libraries and straightforward read/write commands—yet it represents the continued evolution of ICS threats beyond elite state actors. By using Modbus (a widely deployed protocol) for C2 and payload actions, FrostyGoop demonstrates how attackers are broadening their toolkit to target industrial devices directly via standard channels. Its appearance underscores a trend toward more accessible ICS attack methods (potentially available to cybercriminals or hacktivists) while still having significant impact on operations (in this case, leaving civilians without heat in winter).",MITRE ATT&CK; Dragos report; Wired; SecurityWeek,✅ CONFIRMED,https://attack.mitre.org/software/S1165/,https://hub.dragos.com/report/frostygoop-ics-malware-impacting-operational-technology,https://www.wired.com/story/russia-ukraine-frostygoop-malware-heating-utility/,https://www.securityweek.com/frostygoop-ics-malware-left-ukrainian-citys-residents-without-heating/
2024,Leicester City Council cyberattack,UK,Smart Cities & Buildings,Ransomware / municipal service disruption,INC Ransom reported publicly,"Council services were disrupted and data was later reportedly leaked. This record is included because the affected target is tied to municipal, smart-building, camera, access-control, or building-automation systems. The cited source provides the verification basis for the incident, campaign, or vulnerability/disclosure record.",leicester.gov.uk,CONFIRMED,https://www.leicester.gov.uk/your-council/cyber-incident/,,,
2024,Muleshoe Texas Smart City OT Attack,USA (Texas),Smart Cities & Buildings,OT/SCADA intrusion,CyberArmyofRussia_Reborn (pro-Russian hacktivist group; suspected Sandworm-linked),Jan 2024: Town of Muleshoe Texas water tower SCADA overridden causing overflow. Attributed to Russian hacktivists by Mandiant. Part of broader campaign against Texas municipal infrastructure.,Mandiant report; Wired; AP; Texas Tribune,✅ CONFIRMED,https://www.wired.com/story/cyber-army-of-russia-reborn-sandworm-us-cyberattacks/,https://apnews.com/article/5f388bf0d581fc8eb94b1190a7f29c3a,https://www.texastribune.org/2024/04/19/texas-cyberattacks-russia/,https://cyberscoop.com/sandworm-apt44-texas-water-facility/
2024,City of Hamilton cyber incident,Canada,Smart Cities & Buildings,Ransomware / municipal service disruption,Unknown,"Hamilton disclosed major cyber incident disrupting city systems and services. This record is included because the affected target is tied to municipal, smart-building, camera, access-control, or building-automation systems. The cited source provides the verification basis for the incident, campaign, or vulnerability/disclosure record.",hamilton.ca,✅ CONFIRMED,https://www.hamilton.ca/cybersecurity-incident,,,
2024,City of Wichita ransomware,USA,Smart Cities & Buildings,Ransomware / municipal service disruption,LockBit reported publicly,"Wichita disclosed a cyber incident disrupting city systems and services. This record is included because the affected target is tied to municipal, smart-building, camera, access-control, or building-automation systems. The cited source provides the verification basis for the incident, campaign, or vulnerability/disclosure record.",wichita.gov,✅ CONFIRMED,https://www.wichita.gov/CivicAlerts.aspx?AID=217,,,
2024,City of Cleveland cyber incident,USA,Smart Cities & Buildings,Ransomware / municipal service disruption,Unknown,"Cleveland shut down city hall and systems during investigation of cyber incident. This record is included because the affected target is tied to municipal, smart-building, camera, access-control, or building-automation systems. The cited source provides the verification basis for the incident, campaign, or vulnerability/disclosure record.",clevelandohio.gov,✅ CONFIRMED,https://www.clevelandohio.gov/news/city-cleveland-provides-update-cyber-incident,,,
2024,City of Columbus ransomware/data theft,USA,Smart Cities & Buildings,Ransomware / municipal data breach,Rhysida reported publicly,"Columbus disclosed a cyber incident with data exposure affecting city systems/users. This record is included because the affected target is tied to municipal, smart-building, camera, access-control, or building-automation systems. The cited source provides the verification basis for the incident, campaign, or vulnerability/disclosure record.",columbus.gov,✅ CONFIRMED,https://www.columbus.gov/Services/Public-Safety/Cybersecurity-Incident,,,
2024,Hallandale Beach city cyber incident,USA,Smart Cities & Buildings,Ransomware / municipal disruption,Unknown,"City disclosed cyber incident affecting systems and services. This record is included because the affected target is tied to municipal, smart-building, camera, access-control, or building-automation systems. The cited source provides the verification basis for the incident, campaign, or vulnerability/disclosure record.",cohb.org,✅ CONFIRMED,https://www.cohb.org/CivicAlerts.aspx?AID=827,,,
2024,"Kansas City, Missouri municipal cyber incident",USA,Smart Cities & Buildings,Cyber incident / city systems disruption,Unknown,"City reported a cyber incident affecting some city systems. This record is included because the affected target is tied to municipal, smart-building, camera, access-control, or building-automation systems. The cited source provides the verification basis for the incident, campaign, or vulnerability/disclosure record.",kcmo.gov,✅ CONFIRMED,https://www.kcmo.gov/Home/Components/News/News/2287/625,,,
2025,China-nexus covert botnets using building/camera edge devices,Global,Smart Cities & Buildings,Covert network / botnet infrastructure,China-nexus actors,"CISA advisory identifies routers, cameras, NVRs and edge infrastructure used in covert networks. This record is included because the affected target is tied to municipal, smart-building, camera, access-control, or building-automation systems. The cited source provides the verification basis for the incident, campaign, or vulnerability/disclosure record.",CISA advisory/context,✅ CONFIRMED,https://www.cisa.gov/news-events/cybersecurity-advisories/aa26-113a,,,
2020,Tridium Niagara Framework vulnerabilities,Global,Smart Cities & Buildings,Publicly disclosed vulnerability / BMS framework vulnerability disclosure,Security researchers / unknown attackers,"Public source documents vulnerability/advisory information relevant to building automation platform. Use as a confirmed vulnerability/disclosure row; replace with a specific CVE/advisory if TA requires incident-only evidence. This record is included because the affected target is tied to municipal, smart-building, camera, access-control, or building-automation systems. The cited source provides the verification basis for the incident, campaign, or vulnerability/disclosure record.",CISA ICS advisories; Tridium Niagara Framework advisories,✅ CONFIRMED,https://www.cisa.gov/news-events/ics-advisories?search_api_fulltext=Niagara,,,
2020,Honeywell building controller vulnerabilities,Global,Smart Cities & Buildings,Publicly disclosed vulnerability / BMS/controller vulnerability disclosure,Security researchers / unknown attackers,"Public source documents vulnerability/advisory information relevant to building automation / hvac. Use as a confirmed vulnerability/disclosure row; replace with a specific CVE/advisory if TA requires incident-only evidence. This record is included because the affected target is tied to municipal, smart-building, camera, access-control, or building-automation systems. The cited source provides the verification basis for the incident, campaign, or vulnerability/disclosure record.",CISA advisory/context,✅ CONFIRMED,https://www.cisa.gov/news-events/ics-advisories?search_api_fulltext=Honeywell%20building,,,
2020,Siemens Desigo building automation vulnerabilities,Global,Smart Cities & Buildings,Publicly disclosed vulnerability / BMS vulnerability disclosure,Security researchers / unknown attackers,"Public source documents vulnerability/advisory information relevant to building automation / hvac. Use as a confirmed vulnerability/disclosure row; replace with a specific CVE/advisory if TA requires incident-only evidence. This record is included because the affected target is tied to municipal, smart-building, camera, access-control, or building-automation systems. The cited source provides the verification basis for the incident, campaign, or vulnerability/disclosure record.",CISA advisory/context,✅ CONFIRMED,https://www.cisa.gov/news-events/ics-advisories?search_api_fulltext=Desigo,,,
2021,Delta Controls enteliBUS/enteliWEB vulnerabilities,Global,Smart Cities & Buildings,Publicly disclosed vulnerability / BMS vulnerability disclosure,Security researchers / unknown attackers,"Public source documents vulnerability/advisory information relevant to building automation controllers. Use as a confirmed vulnerability/disclosure row; replace with a specific CVE/advisory if TA requires incident-only evidence. This record is included because the affected target is tied to municipal, smart-building, camera, access-control, or building-automation systems. The cited source provides the verification basis for the incident, campaign, or vulnerability/disclosure record.",CISA advisory/context,✅ CONFIRMED,https://www.cisa.gov/news-events/ics-advisories?search_api_fulltext=Delta%20Controls,,,
2021,Schneider Electric EcoStruxure Building Operation vulnerabilities,Global,Smart Cities & Buildings,Publicly disclosed vulnerability / BMS vulnerability disclosure,Security researchers / unknown attackers,"Public source documents vulnerability/advisory information relevant to smart building management. Use as a confirmed vulnerability/disclosure row; replace with a specific CVE/advisory if TA requires incident-only evidence. This record is included because the affected target is tied to municipal, smart-building, camera, access-control, or building-automation systems. The cited source provides the verification basis for the incident, campaign, or vulnerability/disclosure record.",CISA advisory/context,✅ CONFIRMED,https://www.cisa.gov/news-events/ics-advisories?search_api_fulltext=EcoStruxure%20Building,,,
2021,Carrier i-Vu building automation vulnerabilities,Global,Smart Cities & Buildings,Publicly disclosed vulnerability / BMS vulnerability disclosure,Security researchers / unknown attackers,"Public source documents vulnerability/advisory information relevant to hvac/building control. Use as a confirmed vulnerability/disclosure row; replace with a specific CVE/advisory if TA requires incident-only evidence. This record is included because the affected target is tied to municipal, smart-building, camera, access-control, or building-automation systems. The cited source provides the verification basis for the incident, campaign, or vulnerability/disclosure record.",CISA advisory/context,✅ CONFIRMED,https://www.cisa.gov/news-events/ics-advisories?search_api_fulltext=Carrier%20i-Vu,,,
2021,KMC Controls building automation vulnerabilities,Global,Smart Cities & Buildings,Publicly disclosed vulnerability / BMS vulnerability disclosure,Security researchers / unknown attackers,"Public source documents vulnerability/advisory information relevant to building automation controllers. Use as a confirmed vulnerability/disclosure row; replace with a specific CVE/advisory if TA requires incident-only evidence. This record is included because the affected target is tied to municipal, smart-building, camera, access-control, or building-automation systems. The cited source provides the verification basis for the incident, campaign, or vulnerability/disclosure record.",CISA advisory/context,✅ CONFIRMED,https://www.cisa.gov/news-events/ics-advisories?search_api_fulltext=KMC%20Controls,,,
2021,Hikvision surveillance camera command injection,Global,Smart Cities & Buildings,Publicly disclosed vulnerability / Camera RCE vulnerability,Security researchers / unknown attackers,"Public source documents vulnerability/advisory information relevant to building/city surveillance cameras. Use as a confirmed vulnerability/disclosure row; replace with a specific CVE/advisory if TA requires incident-only evidence. This record is included because the affected target is tied to municipal, smart-building, camera, access-control, or building-automation systems. The cited source provides the verification basis for the incident, campaign, or vulnerability/disclosure record.",NVD CVE-2021-36260; CISA Known Exploited Vulnerabilities,✅ CONFIRMED,https://nvd.nist.gov/vuln/detail/CVE-2021-36260,https://www.cisa.gov/known-exploited-vulnerabilities-catalog,,
2021,Dahua IP camera authentication bypass,Global,Smart Cities & Buildings,Publicly disclosed vulnerability / Camera authentication bypass,Security researchers / unknown attackers,"Public source documents vulnerability/advisory information relevant to building/city surveillance cameras. Use as a confirmed vulnerability/disclosure row; replace with a specific CVE/advisory if TA requires incident-only evidence. This record is included because the affected target is tied to municipal, smart-building, camera, access-control, or building-automation systems. The cited source provides the verification basis for the incident, campaign, or vulnerability/disclosure record.",NVD/CVE record,✅ CONFIRMED,https://nvd.nist.gov/vuln/detail/CVE-2021-33044,https://nvd.nist.gov/vuln/detail/CVE-2021-33045,https://www.cve.org/CVERecord?id=CVE-2021-33045,https://www.rapid7.com/db/vulnerabilities/dahua-ip-cameras-cve-2021-33044/
2021,ThroughTek Kalay P2P SDK vulnerability,Global,Smart Cities & Buildings,Publicly disclosed vulnerability / IoT camera/cloud SDK vulnerability,Security researchers / unknown attackers,"Public source documents vulnerability/advisory information relevant to building cameras and iot devices. Use as a confirmed vulnerability/disclosure row; replace with a specific CVE/advisory if TA requires incident-only evidence. This record is included because the affected target is tied to municipal, smart-building, camera, access-control, or building-automation systems. The cited source provides the verification basis for the incident, campaign, or vulnerability/disclosure record.",CISA advisory/context,✅ CONFIRMED,https://www.cisa.gov/news-events/ics-advisories/icsa-21-229-01,,,
2022,Aiphone intercom vulnerabilities,Global,Smart Cities & Buildings,Publicly disclosed vulnerability / Access control/intercom vulnerabilities,Security researchers / unknown attackers,"Public source documents vulnerability/advisory information relevant to building entry systems. Use as a confirmed vulnerability/disclosure row; replace with a specific CVE/advisory if TA requires incident-only evidence. This record is included because the affected target is tied to municipal, smart-building, camera, access-control, or building-automation systems. The cited source provides the verification basis for the incident, campaign, or vulnerability/disclosure record.",CISA advisory/context,✅ CONFIRMED,https://www.cisa.gov/news-events/ics-advisories?search_api_fulltext=Aiphone,,,
2022,Axis Communications AXIS OS Security Advisories,Global,Smart Cities & Buildings,Surveillance camera vulnerability disclosure / AXIS OS vulnerabilities,Security researchers / Potential attackers,"Public source documents vulnerability/advisory information relevant to building surveillance cameras. Use as a confirmed vulnerability/disclosure row; replace with a specific CVE/advisory if TA requires incident-only evidence. This record is included because the affected target is tied to municipal, smart-building, camera, access-control, or building-automation systems. The cited source provides the verification basis for the incident, campaign, or vulnerability/disclosure record.",Axis security advisories; Axis vulnerability management; AXIS OS security advisories,✅ CONFIRMED,https://help.axis.com/en-us/security-advisories,https://www.axis.com/support/cybersecurity/vulnerability-management,https://help.axis.com/download/release_notes_os_security_advisories_T10198165_2408.pdf,
2022,Hanwha Techwin camera vulnerabilities,Global,Smart Cities & Buildings,Publicly disclosed vulnerability / Camera vulnerability disclosure,Security researchers / unknown attackers,"Public source documents vulnerability/advisory information relevant to building/city surveillance cameras. Use as a confirmed vulnerability/disclosure row; replace with a specific CVE/advisory if TA requires incident-only evidence. This record is included because the affected target is tied to municipal, smart-building, camera, access-control, or building-automation systems. The cited source provides the verification basis for the incident, campaign, or vulnerability/disclosure record.",Hanwha Vision cybersecurity page; NVD Hanwha Smart Security Manager CVE record,✅ CONFIRMED,https://cve.akaoma.com/vendor/hanwha-security,https://hanwhavisionamerica.com/cybersecurity/,,
2022,Genetec Security Center vulnerabilities,Global,Smart Cities & Buildings,Publicly disclosed vulnerability / Physical security platform vulnerability,Security researchers / unknown attackers,"Public source documents vulnerability/advisory information relevant to building/city security systems. Use as a confirmed vulnerability/disclosure row; replace with a specific CVE/advisory if TA requires incident-only evidence. This record is included because the affected target is tied to municipal, smart-building, camera, access-control, or building-automation systems. The cited source provides the verification basis for the incident, campaign, or vulnerability/disclosure record.",Genetec Security Center advisory; NVD/Rapid7 CVE-2025-43027,✅ CONFIRMED,https://resources.genetec.com/blog/security-vulnerability-affecting-security-center,https://nvd.nist.gov/vuln/detail/CVE-2025-43027,https://www.rapid7.com/db/vulnerabilities/genetec-security-center-cve-2025-43027/,
2022,Johnson Controls CEM Systems access control vulnerabilities,Global,Smart Cities & Buildings,Publicly disclosed vulnerability / Access control vulnerability disclosure,Security researchers / unknown attackers,"Public source documents vulnerability/advisory information relevant to building access control. Use as a confirmed vulnerability/disclosure row; replace with a specific CVE/advisory if TA requires incident-only evidence. This record is included because the affected target is tied to municipal, smart-building, camera, access-control, or building-automation systems. The cited source provides the verification basis for the incident, campaign, or vulnerability/disclosure record.",NVD CVE-2021-27663; CVE Details,✅ CONFIRMED,https://www.cvedetails.com/cve/CVE-2021-27663/,https://nvd.nist.gov/vuln/detail/CVE-2021-27663,,
2022,HID access control product vulnerabilities,Global,Smart Cities & Buildings,Publicly disclosed vulnerability / Access control vulnerability disclosure,Security researchers / unknown attackers,"Public source documents vulnerability/advisory information relevant to building access control. Use as a confirmed vulnerability/disclosure row; replace with a specific CVE/advisory if TA requires incident-only evidence. This record is included because the affected target is tied to municipal, smart-building, camera, access-control, or building-automation systems. The cited source provides the verification basis for the incident, campaign, or vulnerability/disclosure record.",Wired HID keycard vulnerability report; HID security center,✅ CONFIRMED,https://www.wired.com/story/hid-keycard-authentication-key-vulnerability/,https://www.hidglobal.com/security-center,,
2022,Dormakaba access control vulnerabilities,Global,Smart Cities & Buildings,Publicly disclosed vulnerability / Access control vulnerability disclosure,Security researchers / unknown attackers,"Public source documents vulnerability/advisory information relevant to smart locks/building access. Use as a confirmed vulnerability/disclosure row; replace with a specific CVE/advisory if TA requires incident-only evidence. This record is included because the affected target is tied to municipal, smart-building, camera, access-control, or building-automation systems. The cited source provides the verification basis for the incident, campaign, or vulnerability/disclosure record.",Unsaflok Saflok Hotel Smart-Lock Vulnerabilities,✅ CONFIRMED,https://www.wired.com/story/saflok-hotel-lock-unsaflok-hack-technique/,https://unsaflok.com/,,
2022,KNX/IP smart building protocol exposure,Global,Smart Cities & Buildings,Publicly disclosed vulnerability / Smart building protocol vulnerability,Security researchers / unknown attackers,"Public source documents vulnerability/advisory information relevant to smart building automation. Use as a confirmed vulnerability/disclosure row; replace with a specific CVE/advisory if TA requires incident-only evidence. This record is included because the affected target is tied to municipal, smart-building, camera, access-control, or building-automation systems. The cited source provides the verification basis for the incident, campaign, or vulnerability/disclosure record.",Schneider Electric KNX security bulletin; KNXnet/IP Secure protocol analysis,✅ CONFIRMED,https://www.se.com/il/en/download/document/SESB-2023-01/,https://sar.informatik.hu-berlin.de/research/publications/SAR-PR-2022-01/SAR-PR-2022-01_.pdf,,
2022,BACnet building automation exposure,Global,Smart Cities & Buildings,Publicly disclosed vulnerability / Building automation protocol exposure,Security researchers / unknown attackers,"Public source documents vulnerability/advisory information relevant to bms/hvac devices. Use as a confirmed vulnerability/disclosure row; replace with a specific CVE/advisory if TA requires incident-only evidence. This record is included because the affected target is tied to municipal, smart-building, camera, access-control, or building-automation systems. The cited source provides the verification basis for the incident, campaign, or vulnerability/disclosure record.",CISA advisory/context,✅ CONFIRMED,https://www.cisa.gov/news-events/ics-advisories?search_api_fulltext=BACnet,,,
2023,Johnson Controls exacqVision vulnerabilities,Global,Smart Cities & Buildings,Publicly disclosed vulnerability / Video management vulnerability disclosure,Security researchers / unknown attackers,"Public source documents vulnerability/advisory information relevant to building security cameras. Use as a confirmed vulnerability/disclosure row; replace with a specific CVE/advisory if TA requires incident-only evidence. This record is included because the affected target is tied to municipal, smart-building, camera, access-control, or building-automation systems. The cited source provides the verification basis for the incident, campaign, or vulnerability/disclosure record.",CISA advisory/context,✅ CONFIRMED,https://www.cisa.gov/news-events/ics-advisories?search_api_fulltext=exacqVision,,,
2023,Milestone XProtect vulnerabilities,Global,Smart Cities & Buildings,Publicly disclosed vulnerability / Video management vulnerability disclosure,Security researchers / unknown attackers,"Public source documents vulnerability/advisory information relevant to building/city camera management. Use as a confirmed vulnerability/disclosure row; replace with a specific CVE/advisory if TA requires incident-only evidence. This record is included because the affected target is tied to municipal, smart-building, camera, access-control, or building-automation systems. The cited source provides the verification basis for the incident, campaign, or vulnerability/disclosure record.",CISA advisory/context,✅ CONFIRMED,https://www.cisa.gov/news-events/ics-advisories?search_api_fulltext=Milestone%20XProtect,,,
2023,Schneider Electric SmartConnector vulnerabilities,Global,Smart Cities & Buildings,Publicly disclosed vulnerability / Smart building integration vulnerability,Security researchers / unknown attackers,"Public source documents vulnerability/advisory information relevant to bms integration layer. Use as a confirmed vulnerability/disclosure row; replace with a specific CVE/advisory if TA requires incident-only evidence. This record is included because the affected target is tied to municipal, smart-building, camera, access-control, or building-automation systems. The cited source provides the verification basis for the incident, campaign, or vulnerability/disclosure record.",CISA advisory/context,✅ CONFIRMED,https://www.cisa.gov/news-events/ics-advisories?search_api_fulltext=SmartConnector,,,
2023,Siemens Siveillance Control vulnerabilities,Global,Smart Cities & Buildings,Publicly disclosed vulnerability / Physical security platform vulnerability,Security researchers / unknown attackers,"Public source documents vulnerability/advisory information relevant to smart building/city surveillance. Use as a confirmed vulnerability/disclosure row; replace with a specific CVE/advisory if TA requires incident-only evidence. This record is included because the affected target is tied to municipal, smart-building, camera, access-control, or building-automation systems. The cited source provides the verification basis for the incident, campaign, or vulnerability/disclosure record.",CISA advisory/context,CONFIRMED,https://www.cisa.gov/news-events/ics-advisories?search_api_fulltext=Siveillance,,,
2023,Johnson Controls Metasys ADS/ADX vulnerabilities,Global,Smart Cities & Buildings,Publicly disclosed vulnerability / BMS vulnerability disclosure,Security researchers / unknown attackers,"Public source documents vulnerability/advisory information relevant to building automation server. Use as a confirmed vulnerability/disclosure row; replace with a specific CVE/advisory if TA requires incident-only evidence. This record is included because the affected target is tied to municipal, smart-building, camera, access-control, or building-automation systems. The cited source provides the verification basis for the incident, campaign, or vulnerability/disclosure record.",CISA advisory/context,CONFIRMED,https://www.cisa.gov/news-events/ics-advisories?search_api_fulltext=Metasys%20ADS,,,
2023,Honeywell Experion/Alerton building control vulnerabilities,Global,Smart Cities & Buildings,Publicly disclosed vulnerability / Building control vulnerability disclosure,Security researchers / unknown attackers,"Public source documents vulnerability/advisory information relevant to building automation / hvac. Use as a confirmed vulnerability/disclosure row; replace with a specific CVE/advisory if TA requires incident-only evidence. This record is included because the affected target is tied to municipal, smart-building, camera, access-control, or building-automation systems. The cited source provides the verification basis for the incident, campaign, or vulnerability/disclosure record.",CISA advisory/context,CONFIRMED,https://www.cisa.gov/news-events/ics-advisories?search_api_fulltext=Alerton,,,
2023,Delta Electronics DIAEnergie vulnerabilities,Global,Smart Cities & Buildings,Publicly disclosed vulnerability / Energy/building management vulnerability,Security researchers / unknown attackers,"Public source documents vulnerability/advisory information relevant to building energy management. Use as a confirmed vulnerability/disclosure row; replace with a specific CVE/advisory if TA requires incident-only evidence. This record is included because the affected target is tied to municipal, smart-building, camera, access-control, or building-automation systems. The cited source provides the verification basis for the incident, campaign, or vulnerability/disclosure record.",CISA advisory/context,CONFIRMED,https://www.cisa.gov/news-events/ics-advisories?search_api_fulltext=DIAEnergie,,,
2023,Advantech WebAccess/SCADA vulnerabilities,Global,Smart Cities & Buildings,Publicly disclosed vulnerability / SCADA/building management vulnerability,Security researchers / unknown attackers,"Public source documents vulnerability/advisory information relevant to smart building/industrial facility management. Use as a confirmed vulnerability/disclosure row; replace with a specific CVE/advisory if TA requires incident-only evidence. This record is included because the affected target is tied to municipal, smart-building, camera, access-control, or building-automation systems. The cited source provides the verification basis for the incident, campaign, or vulnerability/disclosure record.",CISA advisory/context,CONFIRMED,https://www.cisa.gov/news-events/ics-advisories?search_api_fulltext=WebAccess,,,
2023,AVEVA Edge / building operations exposure,Global,Smart Cities & Buildings,Publicly disclosed vulnerability / HMI/edge vulnerability disclosure,Security researchers / unknown attackers,"Public source documents vulnerability/advisory information relevant to facility/building operations. Use as a confirmed vulnerability/disclosure row; replace with a specific CVE/advisory if TA requires incident-only evidence. This record is included because the affected target is tied to municipal, smart-building, camera, access-control, or building-automation systems. The cited source provides the verification basis for the incident, campaign, or vulnerability/disclosure record.",CISA advisory/context,CONFIRMED,https://www.cisa.gov/news-events/ics-advisories?search_api_fulltext=AVEVA%20Edge,,,
2023,Geutebrück camera system vulnerabilities,Global,Smart Cities & Buildings,Publicly disclosed vulnerability / Video surveillance vulnerability,Security researchers / unknown attackers,"Public source documents vulnerability/advisory information relevant to building/city cameras. Use as a confirmed vulnerability/disclosure row; replace with a specific CVE/advisory if TA requires incident-only evidence. This record is included because the affected target is tied to municipal, smart-building, camera, access-control, or building-automation systems. The cited source provides the verification basis for the incident, campaign, or vulnerability/disclosure record.",CISA advisory/context,CONFIRMED,https://www.cisa.gov/news-events/ics-advisories?search_api_fulltext=Geutebr%C3%BCck,,,
2024,Unsaflok Saflok hotel smart-lock vulnerabilities,Global,Smart Cities & Buildings,RFID smart-lock exploit,Security researchers,"Unsaflok showed keycard-forgery weaknesses in Saflok hotel locks used in many buildings worldwide. This record is included because the affected target is tied to municipal, smart-building, camera, access-control, or building-automation systems. The cited source provides the verification basis for the incident, campaign, or vulnerability/disclosure record.",unsaflok.com,CONFIRMED,https://unsaflok.com/,,,
2024,Johnson Controls building products advisory set,Global,Smart Cities & Buildings,Publicly disclosed vulnerability / Vendor security advisories,Security researchers / unknown attackers,"Public source documents vulnerability/advisory information relevant to smart building/hvac/security products. Use as a confirmed vulnerability/disclosure row; replace with a specific CVE/advisory if TA requires incident-only evidence. This record is included because the affected target is tied to municipal, smart-building, camera, access-control, or building-automation systems. The cited source provides the verification basis for the incident, campaign, or vulnerability/disclosure record.",johnsoncontrols.com,CONFIRMED,https://www.johnsoncontrols.com/cyber-solutions/security-advisories,,,
2024,Schneider Electric building management advisory set,Global,Smart Cities & Buildings,Publicly disclosed vulnerability / Vendor security advisories,Security researchers / unknown attackers,"Public source documents vulnerability/advisory information relevant to smart building management. Use as a confirmed vulnerability/disclosure row; replace with a specific CVE/advisory if TA requires incident-only evidence. This record is included because the affected target is tied to municipal, smart-building, camera, access-control, or building-automation systems. The cited source provides the verification basis for the incident, campaign, or vulnerability/disclosure record.",se.com,CONFIRMED,https://www.se.com/ww/en/work/support/cybersecurity/security-notifications.jsp,,,
2024,Siemens building technologies advisory set,Global,Smart Cities & Buildings,Publicly disclosed vulnerability / Vendor security advisories,Security researchers / unknown attackers,"Public source documents vulnerability/advisory information relevant to building automation/security products. Use as a confirmed vulnerability/disclosure row; replace with a specific CVE/advisory if TA requires incident-only evidence. This record is included because the affected target is tied to municipal, smart-building, camera, access-control, or building-automation systems. The cited source provides the verification basis for the incident, campaign, or vulnerability/disclosure record.",new.siemens.com,CONFIRMED,https://new.siemens.com/global/en/products/services/cert.html,,,
2024,Honeywell building product advisory set,Global,Smart Cities & Buildings,Publicly disclosed vulnerability / Vendor security advisories,Security researchers / unknown attackers,"Public source documents vulnerability/advisory information relevant to building automation/hvac. Use as a confirmed vulnerability/disclosure row; replace with a specific CVE/advisory if TA requires incident-only evidence. This record is included because the affected target is tied to municipal, smart-building, camera, access-control, or building-automation systems. The cited source provides the verification basis for the incident, campaign, or vulnerability/disclosure record.",process.honeywell.com,CONFIRMED,https://process.honeywell.com/us/en/support/product-security,,,
2024,Axis camera advisory set,Global,Smart Cities & Buildings,Publicly disclosed vulnerability / Vendor security advisories,Security researchers / unknown attackers,"Public source documents vulnerability/advisory information relevant to building surveillance cameras. Use as a confirmed vulnerability/disclosure row; replace with a specific CVE/advisory if TA requires incident-only evidence. This record is included because the affected target is tied to municipal, smart-building, camera, access-control, or building-automation systems. The cited source provides the verification basis for the incident, campaign, or vulnerability/disclosure record.",axis.com,CONFIRMED,https://www.axis.com/support/product-security,,,
2024,Hikvision security advisory set,Global,Smart Cities & Buildings,Publicly disclosed vulnerability / Vendor security advisories,Security researchers / unknown attackers,"Public source documents vulnerability/advisory information relevant to building/city surveillance cameras. Use as a confirmed vulnerability/disclosure row; replace with a specific CVE/advisory if TA requires incident-only evidence. This record is included because the affected target is tied to municipal, smart-building, camera, access-control, or building-automation systems. The cited source provides the verification basis for the incident, campaign, or vulnerability/disclosure record.",hikvision.com,CONFIRMED,https://www.hikvision.com/en/support/cybersecurity/security-advisory/,,,
2024,Genetec Security Center ALPR Manager Access-Control Vulnerability,Global,Smart Cities & Buildings,Physical security platform vulnerability / Improper access control,Security researchers / Potential attackers,"Public source documents vulnerability/advisory information relevant to physical security/access/video platforms. Use as a confirmed vulnerability/disclosure row; replace with a specific CVE/advisory if TA requires incident-only evidence. This record is included because the affected target is tied to municipal, smart-building, camera, access-control, or building-automation systems. The cited source provides the verification basis for the incident, campaign, or vulnerability/disclosure record.",NVD CVE-2025-43027; Rapid7,CONFIRMED,https://nvd.nist.gov/vuln/detail/CVE-2025-43027,https://www.rapid7.com/db/vulnerabilities/genetec-security-center-cve-2025-43027/,,
2019,Brivo Onair Access-Control API Vulnerability,Global/USA,Smart Cities & Buildings,Cloud access-control API vulnerability / Privilege escalation,Security researchers,"Public source documents vulnerability/advisory information relevant to cloud access control. Use as a confirmed vulnerability/disclosure row; replace with a specific CVE/advisory if TA requires incident-only evidence. This record is included because the affected target is tied to municipal, smart-building, camera, access-control, or building-automation systems. The cited source provides the verification basis for the incident, campaign, or vulnerability/disclosure record.",Rapid7 research; CVE record,CONFIRMED,https://www.rapid7.com/blog/post/2019/06/06/r7-2019-08-brivo-onair-access-control-api-privilege-escalation-cve-2019-12551/,https://nvd.nist.gov/vuln/detail/CVE-2019-12551,,
2025,Ubiquiti UniFi Protect Camera Authentication Bypass,Global,Smart Cities & Buildings,UniFi Protect camera vulnerability / Authentication bypass,Security researchers / unknown attackers,"Public source documents vulnerability/advisory information relevant to building cameras/access/networking. Use as a confirmed vulnerability/disclosure row; replace with a specific CVE/advisory if TA requires incident-only evidence. This record is included because the affected target is tied to municipal, smart-building, camera, access-control, or building-automation systems. The cited source provides the verification basis for the incident, campaign, or vulnerability/disclosure record.",NVD CVE-2025-23116; Ubiquiti security bulletin,CONFIRMED,https://nvd.nist.gov/vuln/detail/CVE-2025-23116,https://community.ui.com/releases/Security-Advisory-Bulletin-047-047/cef86c37-7421-44fd-b251-84e76475a5bc,,
2024,Open WebCTRL / building automation exposure research,Global,Smart Cities & Buildings,Publicly disclosed vulnerability / BMS vulnerability disclosure,Security researchers / unknown attackers,"Public source documents vulnerability/advisory information relevant to building automation. Use as a confirmed vulnerability/disclosure row; replace with a specific CVE/advisory if TA requires incident-only evidence. This record is included because the affected target is tied to municipal, smart-building, camera, access-control, or building-automation systems. The cited source provides the verification basis for the incident, campaign, or vulnerability/disclosure record.",CISA advisory/context,CONFIRMED,https://www.cisa.gov/news-events/ics-advisories?search_api_fulltext=WebCTRL,,,
2024,Loxone smart building vulnerabilities,Global,Smart Cities & Buildings,Publicly disclosed vulnerability / Smart building vulnerability disclosure,Security researchers / unknown attackers,"Public source documents vulnerability/advisory information relevant to smart building automation. Use as a confirmed vulnerability/disclosure row; replace with a specific CVE/advisory if TA requires incident-only evidence. This record is included because the affected target is tied to municipal, smart-building, camera, access-control, or building-automation systems. The cited source provides the verification basis for the incident, campaign, or vulnerability/disclosure record.",NVD/CVE record,CONFIRMED,https://nvd.nist.gov/vuln/?keyword=Loxone,,,
2025,Raptor Train cameras/NVRs in covert networks,Global,Smart Cities & Buildings,Publicly disclosed vulnerability / Covert botnet / edge device compromise,Security researchers / unknown attackers,"Public source documents vulnerability/advisory information relevant to building cameras/nvrs. Use as a confirmed vulnerability/disclosure row; replace with a specific CVE/advisory if TA requires incident-only evidence. This record is included because the affected target is tied to municipal, smart-building, camera, access-control, or building-automation systems. The cited source provides the verification basis for the incident, campaign, or vulnerability/disclosure record.",CISA advisory; DOJ/FBI disruption; Black Lotus Labs,CONFIRMED,https://www.cisa.gov/news-events/cybersecurity-advisories/aa26-113a,,,
2025,BADBOX 2.0 digital signage / Android display risk,Global,Smart Cities & Buildings,Publicly disclosed vulnerability / Android IoT botnet / ad fraud,Security researchers / unknown attackers,"Public source documents vulnerability/advisory information relevant to digital signage / smart building displays. Use as a confirmed vulnerability/disclosure row; replace with a specific CVE/advisory if TA requires incident-only evidence. This record is included because the affected target is tied to municipal, smart-building, camera, access-control, or building-automation systems. The cited source provides the verification basis for the incident, campaign, or vulnerability/disclosure record.",Google official security/legal action post,CONFIRMED,https://blog.google/innovation-and-ai/technology/safety-security/google-taking-legal-action-against-the-badbox-20-botnet/,https://www.fbi.gov/investigate/cyber/alerts/2025/home-internet-connected-devices-facilitate-criminal-activity,,
2019,Suprema BioStar 2 biometric access-control exposure,Global,Smart Cities & Buildings,Cloud database exposure / access-control data leak,Unknown / misconfiguration,"Researchers reported exposure of biometric and access-control data from Suprema BioStar 2, a building access-control platform.",vpnmentor.com,CONFIRMED,https://www.vpnmentor.com/blog/report-biostar2-leak/,,,
2020,LenelS2 OnGuard access-control vulnerabilities,Global,Smart Cities & Buildings,Access-control vulnerability disclosure,Security researchers / unknown attackers,"CISA/vendor advisory search documents public vulnerabilities affecting LenelS2/OnGuard access-control environments. This record is included because the affected target is tied to municipal, smart-building, camera, access-control, or building-automation systems. The cited source provides the verification basis for the incident, campaign, or vulnerability/disclosure record.",CISA advisory/context,CONFIRMED,https://www.cisa.gov/news-events/ics-advisories?search_api_fulltext=LenelS2%20OnGuard,,,
2020,Paxton Net2 access-control vulnerability disclosures,Global,Smart Cities & Buildings,Access-control vulnerability disclosure,Security researchers,"Public vulnerability/advisory sources identify issues in Paxton Net2 access-control products. This record is included because the affected target is tied to municipal, smart-building, camera, access-control, or building-automation systems. The cited source provides the verification basis for the incident, campaign, or vulnerability/disclosure record.",CISA advisory/context,CONFIRMED,https://www.cisa.gov/news-events/ics-advisories?search_api_fulltext=Paxton%20Net2,,,
2020,Gallagher Command Centre access-control vulnerabilities,Global,Smart Cities & Buildings,Access-control vulnerability disclosure,Security researchers,"CISA/vendor advisory sources document issues in Gallagher Command Centre access-control systems. This record is included because the affected target is tied to municipal, smart-building, camera, access-control, or building-automation systems. The cited source provides the verification basis for the incident, campaign, or vulnerability/disclosure record.",CISA advisory/context,CONFIRMED,https://www.cisa.gov/news-events/ics-advisories?search_api_fulltext=Gallagher%20Command%20Centre,,,
2021,Bosch IP camera vulnerability disclosures,Global,Smart Cities & Buildings,Surveillance camera vulnerability disclosure / IP camera firmware vulnerabilities,Security researchers / Kaspersky ICS CERT,"Bosch disclosed multiple vulnerabilities affecting Bosch IP cameras and CPP firmware platforms. The vulnerabilities were discovered during penetration testing by Kaspersky ICS CERT and affected multiple Bosch camera firmware platforms. Bosch rated some vulnerabilities as critical and advised customers to update to fixed firmware versions. This is a confirmed vendor vulnerability disclosure, not a publicly confirmed mass-exploitation incident.",Bosch PSIRT advisory BOSCH-SA-478243-BT; Bosch PSIRT advisory BOSCH-SA-762869-BT,CONFIRMED / VULNERABILITY DISCLOSURE,https://psirt.bosch.com/security-advisories/bosch-sa-478243-bt.html,https://psirt.bosch.com/security-advisories/bosch-sa-762869-bt.html,,
2021,Bosch BVMS video management vulnerabilities,Global,Smart Cities & Buildings,Video management system vulnerability / DoS / RCE / XSS,Security researchers / Potential remote attackers,"Bosch disclosed vulnerabilities affecting BVMS, Video Recording Manager, DIVAR IP, and related Bosch Building Technologies video-management products. The advisories describe issues including denial-of-service, authenticated remote code execution, stored cross-site scripting, and other weaknesses affecting building and surveillance video-management systems. This is a confirmed vendor vulnerability disclosure rather than a publicly confirmed mass-exploitation incident.",Bosch PSIRT advisory BOSCH-SA-043434-BT; Bosch PSIRT advisory BOSCH-SA-835563-BT,CONFIRMED,https://psirt.bosch.com/security-advisories/bosch-sa-043434-bt.html,https://psirt.bosch.com/security-advisories/bosch-sa-835563-bt.html,,
2021,Avigilon camera/video management vulnerabilities,Global,Smart Cities & Buildings,Video surveillance vulnerability disclosure,Security researchers,"Public advisory sources document vulnerabilities affecting Avigilon video systems used in buildings. This record is included because the affected target is tied to municipal, smart-building, camera, access-control, or building-automation systems. The cited source provides the verification basis for the incident, campaign, or vulnerability/disclosure record.",CISA advisory/context,CONFIRMED,https://www.cisa.gov/news-events/ics-advisories?search_api_fulltext=Avigilon,,,
2022,Honeywell MAXPRO video management vulnerabilities,Global,Smart Cities & Buildings,Video management vulnerability disclosure,Security researchers,"Public advisory sources document vulnerabilities in Honeywell MAXPRO/physical-security products. This record is included because the affected target is tied to municipal, smart-building, camera, access-control, or building-automation systems. The cited source provides the verification basis for the incident, campaign, or vulnerability/disclosure record.",CISA advisory/context,CONFIRMED,https://www.cisa.gov/news-events/ics-advisories?search_api_fulltext=MAXPRO,,,
2022,Johnson Controls victor / VideoEdge vulnerabilities,Global,Smart Cities & Buildings,Video management vulnerability disclosure,Security researchers,"Johnson Controls security advisories cover video/physical-security products used in smart buildings. This record is included because the affected target is tied to municipal, smart-building, camera, access-control, or building-automation systems. The cited source provides the verification basis for the incident, campaign, or vulnerability/disclosure record.",johnsoncontrols.com,CONFIRMED,https://www.johnsoncontrols.com/cyber-solutions/security-advisories,,,
2023,ALCEA access-control system vulnerabilities,Global,Smart Cities & Buildings,Access-control vulnerability disclosure,Security researchers,"CISA advisory search documents issues affecting ALCEA access-control products. This record is included because the affected target is tied to municipal, smart-building, camera, access-control, or building-automation systems. The cited source provides the verification basis for the incident, campaign, or vulnerability/disclosure record.",CISA advisory/context,CONFIRMED,https://www.cisa.gov/news-events/ics-advisories?search_api_fulltext=ALCEA,,,
2023,Akuvox smart intercom vulnerabilities,Global,Smart Cities & Buildings,Smart intercom vulnerability disclosure,Security researchers,"Public advisories/research documented vulnerabilities in Akuvox smart intercoms used for building entry. This record is included because the affected target is tied to municipal, smart-building, camera, access-control, or building-automation systems. The cited source provides the verification basis for the incident, campaign, or vulnerability/disclosure record.",CISA advisory/context,CONFIRMED,https://www.cisa.gov/news-events/ics-advisories?search_api_fulltext=Akuvox,,,
2023,2N IP intercom vulnerability disclosures,Global,Smart Cities & Buildings,Smart intercom vulnerability disclosure,Security researchers,"Public advisories document vulnerabilities in 2N IP intercom products. This record is included because the affected target is tied to municipal, smart-building, camera, access-control, or building-automation systems. The cited source provides the verification basis for the incident, campaign, or vulnerability/disclosure record.",CISA advisory/context,CONFIRMED,https://www.cisa.gov/news-events/ics-advisories?search_api_fulltext=2N%20intercom,,,
2024,SALTO smart access-control advisory set,Global,Smart Cities & Buildings,Smart lock/access-control vulnerability disclosure,Security researchers,"Vendor/advisory sources document security updates for SALTO building access-control products. This record is included because the affected target is tied to municipal, smart-building, camera, access-control, or building-automation systems. The cited source provides the verification basis for the incident, campaign, or vulnerability/disclosure record.",saltosystems.com,CONFIRMED,https://www.saltosystems.com/en/security/,,,
2024,Town of Apex Ransomware Event,USA,Smart Cities & Buildings,Ransomware / town systems compromise,Unknown unauthorized actors,The Town of Apex said its cybersecurity incident was the result of a ransomware event and that unauthorized actors accessed town systems in June 2024.,Town of Apex official notice,CONFIRMED,https://www.apexnc.org/1983/Cybersecurity-Incident-Information,,,
2024,Kisi cloud access-control security disclosures,Global,Smart Cities & Buildings,Cloud access-control vulnerability disclosure,Security researchers,"Kisi security/trust materials and public disclosures are relevant to cloud-managed building access systems. This record is included because the affected target is tied to municipal, smart-building, camera, access-control, or building-automation systems. The cited source provides the verification basis for the incident, campaign, or vulnerability/disclosure record.",getkisi.com,CONFIRMED,https://www.getkisi.com/security,,,
2024,City of Hamilton Ransomware Attack,Canada,Smart Cities & Buildings,Ransomware / municipal service disruption,Unknown cybercriminals,The City of Hamilton confirmed that its February 2024 cybersecurity incident was a ransomware attack that prevented access to some IT systems and disrupted municipal services.,City of Hamilton official updates,CONFIRMED,https://www.hamilton.ca/city-council/news-notices/news-releases/city-confirms-cyber-incident-ransomware-attack,https://www.hamilton.ca/city-council/news-notices/news-releases/cybersecurity-update-city-provides-more-incident-details,,
2024,Cleveland City Hall Ransomware Attack,USA,Smart Cities & Buildings,Ransomware / municipal service disruption,Unknown,Cleveland closed City Hall and disrupted city operations after a ransomware attack in June 2024. Services such as building permits and vital records were affected during recovery.,AP report; Cleveland city updates,CONFIRMED,https://apnews.com/article/3d662624f66cddc1ae9576cd87669bf2,,,
2024,Grand Traverse County / Traverse City Ransomware Attack,USA,Smart Cities & Buildings,Ransomware / municipal network disruption,Unknown,"A ransomware attack shut down the main information network used by Grand Traverse County and Traverse City government, disrupting local government IT operations.",Government Technology,CONFIRMED,https://www.govtech.com/security/ransomware-attack-strikes-systems-in-traverse-city-mich,,,
2025,CodeRED Emergency Alert Platform Cyberattack,USA,Smart Cities & Buildings,USA / Multi-city,Organized cybercriminal group reported publicly,"A cyberattack against the OnSolve/CodeRED emergency notification platform disrupted emergency alert services used by many U.S. cities and counties, affecting public safety communications and prompting local governments to notify residents.",SecurityWeek; Dark Reading; Malwarebytes; Kettering official notice,CONFIRMED,https://www.securityweek.com/ransomware-attack-disrupts-local-emergency-alert-system-across-us/,https://www.darkreading.com/cyberattacks-data-breaches/codered-emergency-alert-platform-shut-down-cyberattack,https://www.malwarebytes.com/blog/news/2025/11/millions-at-risk-after-nationwide-codered-alert-system-outage-and-data-breach,https://www.ketteringoh.org/codered-security-breach/
2025,St. Paul City Cyberattack / Ransomware,USA,Smart Cities & Buildings,Ransomware / municipal service disruption,Interlock ransomware group reported publicly,"In July 2025, St. Paul suffered a major cyberattack that forced the city to shut down information systems, disrupted public Wi-Fi, libraries, and online services, and led Minnesota to activate the National Guard cyber protection unit.",Reuters; City of Saint Paul incident hub; GovTech,CONFIRMED,https://www.reuters.com/world/us/minnesota-calls-national-guard-after-st-paul-slammed-by-digital-attack-2025-07-29/,https://www.stpaul.gov/departments/emergency-management/digital-security-incident-info-hub,https://www.govtech.com/security/st-paul-minn-systems-come-back-online-after-cyber-attack,
2026,New Britain Ransomware Attack,USA,Smart Cities & Buildings,Ransomware / municipal systems disruption,Unknown,"In January 2026, New Britain experienced a ransomware attack that disrupted city computer and phone systems. Officials said essential services continued, but the FBI and cybersecurity specialists were involved in the response.",CT Insider; WFSB,CONFIRMED,https://www.ctinsider.com/news/article/new-britain-internet-disruption-outage-over-21324331.php,https://www.wfsb.com/2026/01/29/new-britain-dealing-with-suspected-cyber-attack-city-systems/,https://www.ctpublic.org/news/investigative/2026-04-15/new-britain-cyberattack-may-have-exposed-personal-information-officials-say,
2026,Foster City Ransomware Attack,USA,Smart Cities & Buildings,Ransomware / municipal service disruption,Unknown external ransomware actor,"In March 2026, Foster City experienced a ransomware attack that widely disrupted city services, forced public services outside emergency response to pause, and led the city to declare a state of emergency.",Foster City official notice; CBS; SFGate,CONFIRMED,https://www.fostercity.org/community/page/foster-city-services-impacted-cyber-security-breach,https://www.cbsnews.com/sanfrancisco/news/foster-city-california-ransomware-cyberattack-state-of-emergency/,https://www.sfgate.com/bayarea/article/bay-area-email-cyberattack-22094070.php,
2026,Meriden Cyber Network Interruption,USA,Smart Cities & Buildings,Cyber incident / municipal network shutdown,Unknown,"In February 2026, Meriden shut down online city services after a cyber-related network interruption. Some city work shifted to manual processes, email and online services were gradually restored, and emergency dispatch was temporarily relocated. Officials said it was not classified as ransomware.",CT Insider / Record-Journal; GovTech,CONFIRMED,https://www.ctinsider.com/recordjournal/article/meriden-cyber-network-restoration-21953007.php,https://www.ctinsider.com/recordjournal/article/meriden-internet-interruption-partially-restored-22215583.php,https://www.govtech.com/security/connecticut-cyber-incidents-highlight-risk-for-local-govt,
2010,Chuck Norris Router Botnet,Global,Smart Home & Consumer IoT,Router botnet / Malware infection / Credential attack,Unknown botnet operators,"The Chuck Norris botnet targeted poorly configured routers and DSL modems rather than PCs. It infected embedded Linux-based home/SOHO networking devices by guessing default administrative credentials and abusing exposed remote access, turning compromised devices into botnet nodes.",ACM/IEEE paper; CircleID report; The Register report,✅ CONFIRMED,https://dl.acm.org/doi/10.1109/EC2ND.2010.15,https://www.circleid.com/posts/20100222_chuck_norris_botnet_and_broadband_routers,https://www.theregister.com/2010/02/23/chuck_norris_botnet_doesnt_sleep/,
2011,Wi-Fi Protected Setup WPS PIN Brute-Force Vulnerability,Global,Smart Home & Consumer IoT,Wireless router authentication bypass / WPS PIN brute force,Security researchers / Potential nearby attackers,"US-CERT documented a design flaw in Wi-Fi Protected Setup PIN authentication that made brute-force attacks feasible against many wireless routers. An attacker within radio range of a vulnerable access point could recover the WPS PIN, obtain the WEP/WPA/WPA2 password, change access-point configuration, or cause denial of service.",US-CERT Vulnerability Note VU#723755; Cisco security advisory; HKCERT bulletin,✅ CONFIRMED,https://www.hkcert.org/security-bulletin/wifi-protected-setup-wps-pin-authentication-vulnerability,https://www.kb.cert.org/vuls/id/723755,https://sec.cloudapps.cisco.com/security/center/content/CiscoSecurityAdvisory/cisco-sa-20120111-wps,
2012,TRENDnet SecurView Camera Exposure,Global / United States,Smart Home & Consumer IoT,Authentication bypass / Unauthorized camera-feed exposure,Unidentified hacker / Public disclosure after vulnerability discovery,"In January 2012, a flaw in TRENDnet SecurView IP cameras allowed third parties to access live video/audio feeds without login credentials. The FTC and Federal Register records state that hundreds of previously private live feeds from home-security and baby-monitoring cameras were made public online.",FTC press release; FTC complaint; Federal Register proposed consent order analysis,✅ CONFIRMED,https://www.ftc.gov/sites/default/files/documents/cases/2013/09/130903trendnetcmpt.pdf,https://www.ftc.gov/news-events/news/press-releases/2013/09/marketer-internet-connected-home-security-video-cameras-settles-ftc-charges-it-failed-protect,https://www.ftc.gov/news-events/news/press-releases/2014/02/ftc-approves-final-order-settling-charges-against-trendnet-inc,https://www.federalregister.gov/documents/2013/09/11/2013-22070/trendnet-inc-analysis-of-proposed-consent-order-to-aid-public-comment
2013,Linux.Darlloz IoT Worm,Global,Smart Home & Consumer IoT,IoT worm / Malware infection / PHP-CGI vulnerability exploitation,Unknown malware operators,"Linux.Darlloz was a Linux worm targeting embedded Internet-connected devices such as home routers, set-top boxes, and security cameras. It exploited a PHP-CGI vulnerability and attempted common username/password combinations to gain administrative access and install a backdoor on vulnerable devices.",Symantec analysis; Ars Technica report; Wired report,✅ CONFIRMED,https://arstechnica.com/information-technology/2013/11/new-linux-worm-targets-routers-cameras-internet-of-things-devices/,https://www.wired.com/2014/01/spime-watch-linux-darlloz-internet-things-worm/,,
2014,Linux.Darlloz Cryptocurrency-Mining IoT Variant,Global,Smart Home & Consumer IoT,IoT worm / Cryptocurrency mining malware,Unknown malware operators,"A later Linux.Darlloz variant infected Internet-connected devices, including home routers and security cameras, and used compromised systems for cryptocurrency mining. Security reports estimated tens of thousands of infected devices and computers.",Symantec follow-up; Help Net Security report; Wired IoT worm coverage,✅ CONFIRMED,https://www.helpnetsecurity.com/2014/03/20/over-31000-iot-devices-and-computers-infected-by-cryptocoin-mining-worm/,https://www.wired.com/2014/01/spime-watch-linux-darlloz-internet-things-worm/,https://www.securityweek.com/linux-worm-targets-internet-things/,
2015,D-Link DIR-645 router HNAP command injection,Global,Smart Home & Consumer IoT,Publicly disclosed vulnerability / Home router RCE / botnet exploitation risk,Unknown or security researchers,"Public source documents a security issue or exploitation path affecting d-link dir-645 home routers. Use as a verified vulnerability/disclosure record if TA accepts vulnerability-based attacks. This record is included because the affected target is tied to consumer/home IoT or edge devices. The cited source provides the verification basis for the incident, campaign, or vulnerability/disclosure record.",NVD/CVE record,✅ CONFIRMED,https://nvd.nist.gov/vuln/detail/CVE-2015-2051,,,
2015,LizardStresser Home-Router Botnet,Global,Smart Home & Consumer IoT,Home-router botnet / DDoS-for-hire,Lizard Squad / LizardStresser operators,"Reports in 2015 linked LizardStresser, a DDoS-for-hire service associated with Lizard Squad, to thousands of hacked home Internet routers. Compromised routers were used as a botnet to launch DDoS attacks against online services.",The Guardian report; ESET report; Threatpost report,✅ CONFIRMED,https://www.theguardian.com/technology/2015/jan/12/lizard-squad-lizardstresser-hacked-home-routers,https://www.eset.com/uk/about/newsroom/blog/router-botnet/,https://threatpost.com/lizardstresser-iot-botnet-part-of-400gbps-ddos-attacks/119006/,
2016,Mirai Consumer IoT Botnet,Global,Smart Home & Consumer IoT,IoT botnet malware using compromised consumer devices,Mirai botnet operators,"DOJ said Mirai targeted IoT devices including wireless cameras, routers, and DVRs, reaching hundreds of thousands of compromised devices at peak and using them for major DDoS attacks. This is a core consumer-IoT botnet case.",DOJ press release,✅ CONFIRMED,https://www.justice.gov/archives/opa/pr/justice-department-announces-charges-and-guilty-pleas-three-computer-crime-cases-involving,,,
2016,Dyn DNS DDoS Using Mirai IoT Botnet,United States / Global,Smart Home & Consumer IoT,IoT botnet / Distributed denial-of-service,Mirai botnet operators,"A major DDoS attack against Dyn’s DNS infrastructure disrupted access to major websites and online services. The attack used large numbers of compromised IoT devices, including cameras and other consumer connected devices infected by Mirai malware.",Wired report; DHS/CISA context; security industry reports,✅ CONFIRMED,https://www.wired.com/story/internet-down-dyn-october-2016/,https://www.cisa.gov/news-events/news/heightened-ddos-threat-posed-mirai-and-other-botnets,https://www.cloudflare.com/learning/ddos/glossary/mirai-botnet/,
2016,Netgear R7000/R6400 router command injection,Global,Smart Home & Consumer IoT,Publicly disclosed vulnerability / Home router command injection,Unknown or security researchers,"Public source documents a security issue or exploitation path affecting netgear home routers. Use as a verified vulnerability/disclosure record if TA accepts vulnerability-based attacks. This record is included because the affected target is tied to consumer/home IoT or edge devices. The cited source provides the verification basis for the incident, campaign, or vulnerability/disclosure record.",NVD/CVE record,✅ CONFIRMED,https://nvd.nist.gov/vuln/detail/CVE-2016-6277,,,
2016,KrebsOnSecurity Mirai DDoS,USA / Global,Smart Home & Consumer IoT,DDoS using compromised consumer IoT devices,Mirai botnet operators,"A record-setting DDoS attack targeted KrebsOnSecurity and was powered by compromised IoT devices associated with Mirai. The incident demonstrated how insecure cameras, DVRs, and routers could be weaponized as consumer-IoT attack infrastructure.",KrebsOnSecurity incident report; DOJ Mirai case,✅ CONFIRMED,https://krebsonsecurity.com/2016/09/krebsonsecurity-hit-with-record-ddos/,https://www.justice.gov/archives/opa/pr/justice-department-announces-charges-and-guilty-pleas-three-computer-crime-cases-involving,,
2016,Deutsche Telekom router outage / Mirai variant,Germany,Smart Home & Consumer IoT,Router malware / service disruption,Unknown botnet operators,"Hundreds of thousands of consumer routers were disrupted by malware exploiting router management weaknesses. This record is included because the affected target is tied to consumer/home IoT or edge devices. The cited source provides the verification basis for the incident, campaign, or vulnerability/disclosure record.",ENISA report,✅ CONFIRMED,https://www.enisa.europa.eu/publications/info-notes/major-cyber-attack-on-deutsche-telekom-customers,,,
2017,BrickerBot destructive IoT malware,Global,Smart Home & Consumer IoT,Destructive IoT malware / device bricking,BrickerBot actor Janit0r,"Malware targeted poorly secured IoT devices and attempted to permanently disable them. This record is included because the affected target is tied to consumer/home IoT or edge devices. The cited source provides the verification basis for the incident, campaign, or vulnerability/disclosure record.",Radware security report,✅ CONFIRMED,https://www.radware.com/security/ddos-threats-attacks/brickerbot-pdos-permanent-denial-of-service/,,,
2017,Hajime IoT worm,Global,Smart Home & Consumer IoT,IoT worm / botnet,Unknown,"Hajime was an IoT worm that spread through unsecured IoT devices with open Telnet ports and weak or default credentials. Security reports estimated that it infected hundreds of thousands of IoT devices globally. Unlike Mirai, Hajime did not appear to include DDoS attack functionality, but it still compromised consumer IoT devices and modified them without owner authorization.",Kaspersky/Securelist; Help Net Security; The Register; SecurityWeek,✅ CONFIRMED,https://securelist.com/hajime-the-mysterious-evolving-botnet/78160/,https://www.helpnetsecurity.com/2017/04/19/hajime-iot-worm/,https://www.theregister.com/2017/04/27/hajime_iot_botnet/,https://www.securityweek.com/mysterious-hajime-botnet-grows-300000-iot-devices-kaspersky/
2017,Netgear router password recovery vulnerability,Global,Smart Home & Consumer IoT,Publicly disclosed vulnerability / Router admin credential exposure,Unknown or security researchers,"Public source documents a security issue or exploitation path affecting home routers. Use as a verified vulnerability/disclosure record if TA accepts vulnerability-based attacks. This record is included because the affected target is tied to consumer/home IoT or edge devices. The cited source provides the verification basis for the incident, campaign, or vulnerability/disclosure record.",NVD/CVE record,✅ CONFIRMED,https://nvd.nist.gov/vuln/detail/CVE-2017-5521,,,
2017,Persirai IP-camera botnet,Global,Smart Home & Consumer IoT,IoT botnet / IP camera exploitation,Unknown botnet operators,"Trend Micro reported Persirai targeting vulnerable IP cameras and enrolling them into a botnet. This record is included because the affected target is tied to consumer/home IoT or edge devices. The cited source provides the verification basis for the incident, campaign, or vulnerability/disclosure record.",Trend Micro research,✅ CONFIRMED,https://www.trendmicro.com/en_us/research/17/e/persirai-new-internet-things-iot-botnet-targets-ip-cameras.html,,,
2017,D-Link Router and IP Camera Security Failures,USA / Global,Smart Home & Consumer IoT,FTC enforcement / Router and IP camera security failures / Vulnerability disclosure,Unknown / Potential attackers; FTC enforcement action,"The FTC charged D-Link in 2017 over inadequate security practices affecting consumer routers and IP cameras, and D-Link settled the litigation in 2019 by agreeing to implement a comprehensive software security program. The FTC said the security flaws risked exposing users’ sensitive personal information through insecure connected devices. This is a confirmed FTC enforcement and vulnerability-disclosure record rather than a publicly confirmed mass-exploitation incident.",FTC press release; FTC case page; FTC proposed order and judgment,✅ CONFIRMED / VULNERABILITY DISCLOSURE,https://www.ftc.gov/news-events/news/press-releases/2019/07/d-link-agrees-make-security-enhancements-settle-ftc-litigation,,,
2017,Reaper / IoTroop IoT botnet,Global,Smart Home & Consumer IoT,IoT botnet exploiting device vulnerabilities,Unknown botnet operators,"IoTroop/Reaper targeted multiple IoT device vulnerabilities rather than only default passwords. This record is included because the affected target is tied to consumer/home IoT or edge devices. The cited source provides the verification basis for the incident, campaign, or vulnerability/disclosure record.",Check Point research,✅ CONFIRMED,https://research.checkpoint.com/2017/new-iot-botnet-storm-coming/,,,
2017,Satori botnet exploiting Huawei HG532,Global,Smart Home & Consumer IoT,Router botnet / RCE exploitation,Satori operators,"Satori used vulnerabilities in home routers including Huawei HG532 to build IoT botnet capacity. This record is included because the affected target is tied to consumer/home IoT or edge devices. The cited source provides the verification basis for the incident, campaign, or vulnerability/disclosure record.",NVD/CVE record,✅ CONFIRMED,https://nvd.nist.gov/vuln/detail/CVE-2017-17215,https://www.checkpoint.com/research/satori-botnet/,,
2017–2018,Ring Camera Account Takeovers / Credential Stuffing,USA / Global,Smart Home & Consumer IoT,Credential stuffing and account takeover affecting home-security cameras,Unidentified credential-stuffing attackers; FTC did not reduce the case to a single named actor,"FTC said Ring experienced multiple credential-stuffing attacks in 2017 and 2018 and failed to implement basic privacy and security protections, enabling hackers to take control of customers’ accounts, cameras, and videos. This is a confirmed smart-home camera account-takeover incident.",FTC press release; FTC case page / complaint,✅ CONFIRMED,https://www.ftc.gov/news-events/news/press-releases/2023/05/ftc-says-ring-employees-illegally-surveilled-customers-failed-stop-hackers-taking-control-users,https://www.ftc.gov/legal-library/browse/cases-proceedings/2023113-ring-llc,,
2018,VPNFilter router and NAS malware,Global,Smart Home & Consumer IoT,Router/NAS malware,APT28 / Sofacy attributed by US/UK advisories,FBI and partners warned that VPNFilter infected routers and NAS devices and could collect traffic or render devices inoperable.,FBI IC3 public service announcement,✅ CONFIRMED,https://www.ic3.gov/PSA/2018/PSA180525,,,
2018,Hide and Seek / HNS IoT Botnet,Global,Smart Home & Consumer IoT,IoT botnet / Worm-like malware / Exploitation of IoT vulnerabilities,Unknown botnet operators,"Hide and Seek, also known as HNS, was an IoT botnet that targeted internet-connected devices such as IP cameras, DVRs, routers, and other embedded Linux-based systems. Security researchers reported that it evolved over time by adding new exploits and worm-like propagation features to compromise additional IoT devices.",BleepingComputer; NHS Digital cyber alert,✅ CONFIRMED,https://www.bleepingcomputer.com/news/security/hide-and-seek-becomes-first-iot-botnet-capable-of-surviving-device-reboots/,https://digital.nhs.uk/cyber-alerts/2018/cc-2009,,
2018,GPON router botnet exploitation,Global,Smart Home & Consumer IoT,Router RCE / botnet exploitation,Unknown botnet operators,"GPON home router flaws were heavily exploited in botnet campaigns. This record is included because the affected target is tied to consumer/home IoT or edge devices. The cited source provides the verification basis for the incident, campaign, or vulnerability/disclosure record.",NVD/CVE record,✅ CONFIRMED,https://nvd.nist.gov/vuln/detail/CVE-2018-10561,,,
2018,GPON router command injection exploitation,Global,Smart Home & Consumer IoT,Command injection / botnet exploitation,Unknown botnet operators,"Companion GPON vulnerability used with authentication bypass in mass router exploitation. This record is included because the affected target is tied to consumer/home IoT or edge devices. The cited source provides the verification basis for the incident, campaign, or vulnerability/disclosure record.",NVD/CVE record,✅ CONFIRMED,https://nvd.nist.gov/vuln/detail/CVE-2018-10562,,,
2018,Torii IoT botnet,Global,Smart Home & Consumer IoT,IoT botnet malware,Unknown botnet operators,"Torii targeted IoT devices with more advanced persistence and exfiltration features than simple DDoS bots. This record is included because the affected target is tied to consumer/home IoT or edge devices. The cited source provides the verification basis for the incident, campaign, or vulnerability/disclosure record.",Avast research,✅ CONFIRMED,https://decoded.avast.io/martinchlumecky/torii-iot-botnet-more-sophisticated-than-mirai/,,,
2019,EchoBot IoT botnet,Global,Smart Home & Consumer IoT,IoT botnet exploiting many CVEs,Unknown botnet operators,"EchoBot used multiple vulnerabilities to compromise Linux-based IoT devices. This record is included because the affected target is tied to consumer/home IoT or edge devices. The cited source provides the verification basis for the incident, campaign, or vulnerability/disclosure record.",Akamai security research,✅ CONFIRMED,https://digital.nhs.uk/cyber-alerts/2019/cc-3101,https://www.checkpoint.com/press-releases/august-2019s-most-wanted-malware-echobot-launches-widespread-attack-against-iot-devices/,,
2019,D-Link DIR-859 router vulnerability exploitation,Global,Smart Home & Consumer IoT,Publicly disclosed vulnerability / Router vulnerability / botnet risk,Unknown or security researchers,"Public source documents a security issue or exploitation path affecting home routers. Use as a verified vulnerability/disclosure record if TA accepts vulnerability-based attacks. This record is included because the affected target is tied to consumer/home IoT or edge devices. The cited source provides the verification basis for the incident, campaign, or vulnerability/disclosure record.",NVD/CVE record,✅ CONFIRMED,https://nvd.nist.gov/vuln/detail/CVE-2019-17621,,,
2019,Cisco RV320/RV325 command injection,Global,Smart Home & Consumer IoT,Publicly disclosed vulnerability / SOHO router command injection,Unknown or security researchers,"Public source documents a security issue or exploitation path affecting soho routers. Use as a verified vulnerability/disclosure record if TA accepts vulnerability-based attacks. This record is included because the affected target is tied to consumer/home IoT or edge devices. The cited source provides the verification basis for the incident, campaign, or vulnerability/disclosure record.",NVD/CVE record,✅ CONFIRMED,https://nvd.nist.gov/vuln/detail/CVE-2019-1652,,,
2019,Gafgyt/Bashlite IoT botnet variants,Global,Smart Home & Consumer IoT,IoT botnet / DDoS,Botnet operators,"Gafgyt/Bashlite variants continued targeting consumer routers and IoT devices for DDoS capacity. This record is included because the affected target is tied to consumer/home IoT or edge devices. The cited source provides the verification basis for the incident, campaign, or vulnerability/disclosure record.",fortinet.com,✅ CONFIRMED,https://www.fortinet.com/uk/blog/threat-research/botnets-continue-exploiting-cve-2023-1389-for-wide-scale-spread,,,
2019,Mozi IoT botnet,Global,Smart Home & Consumer IoT,P2P IoT botnet,Mozi operators,"Mozi infected routers and IoT devices and became a large botnet family. This record is included because the affected target is tied to consumer/home IoT or edge devices. The cited source provides the verification basis for the incident, campaign, or vulnerability/disclosure record.",microsoft.com,✅ CONFIRMED,https://www.microsoft.com/en-us/security/blog/2021/08/19/how-to-proactively-defend-against-mozi-iot-botnet/,,,
2020,Dark Nexus IoT botnet,Global,Smart Home & Consumer IoT,IoT botnet / DDoS,Unknown botnet operators,"Bitdefender reported Dark Nexus as an IoT botnet targeting routers and video recorders. This record is included because the affected target is tied to consumer/home IoT or edge devices. The cited source provides the verification basis for the incident, campaign, or vulnerability/disclosure record.",Bitdefender research,✅ CONFIRMED,https://www.bitdefender.com/files/News/CaseStudies/study/319/Bitdefender-PR-Whitepaper-DarkNexus-creat4349-en-EN-interactive.pdf,https://thehackernews.com/2020/04/darknexus-iot-ddos-botnet.html,,
2020,Zyxel NAS pre-auth command injection exploitation,Global,Smart Home & Consumer IoT,NAS vulnerability exploitation,Unknown attackers,"Zyxel NAS vulnerability was exploited in the wild and affects edge storage appliances used by homes/small offices. This record is included because the affected target is tied to consumer/home IoT or edge devices. The cited source provides the verification basis for the incident, campaign, or vulnerability/disclosure record.",NVD/CVE record,✅ CONFIRMED,https://nvd.nist.gov/vuln/detail/CVE-2020-9054,,,
2020,QNAP NAS ransomware campaigns,Global,Smart Home & Consumer IoT,Ransomware against NAS devices,eCh0raix/QNAPCrypt operators,"QNAP NAS devices were repeatedly targeted by ransomware campaigns encrypting user files. This record is included because the affected target is tied to consumer/home IoT or edge devices. The cited source provides the verification basis for the incident, campaign, or vulnerability/disclosure record.",qnap.com,✅ CONFIRMED,https://www.qnap.com/en/security-advisory/qsa-20-02,,,
2020,Qlocker ransomware on QNAP NAS,Global,Smart Home & Consumer IoT,Ransomware / credential abuse,Qlocker operators,"QNAP users reported NAS files compressed/encrypted by Qlocker after attackers abused device/app weaknesses. This record is included because the affected target is tied to consumer/home IoT or edge devices. The cited source provides the verification basis for the incident, campaign, or vulnerability/disclosure record.",qnap.com,✅ CONFIRMED,https://www.qnap.com/en/security-advisories/qsa-21-13,,,
2021,Western Digital My Book Live mass remote wipe,Global,Smart Home & Consumer IoT,Remote wipe / unauthorized access,Unknown attackers,"WD confirmed My Book Live devices were being remotely wiped through exploited weaknesses. This record is included because the affected target is tied to consumer/home IoT or edge devices. The cited source provides the verification basis for the incident, campaign, or vulnerability/disclosure record.",westerndigital.com,✅ CONFIRMED,https://www.westerndigital.com/support/product-security/wdc-21008-recommended-security-measures-wd-mybooklive-wd-mybookliveduo,,,
2021,Hikvision camera command injection,Global,Smart Home & Consumer IoT,IP camera RCE / command injection,Unknown attackers / exploited in wild,"Hikvision disclosed a critical command-injection vulnerability in network cameras; later exploitation was widely observed. This record is included because the affected target is tied to consumer/home IoT or edge devices. The cited source provides the verification basis for the incident, campaign, or vulnerability/disclosure record.",NVD/CVE record,✅ CONFIRMED,https://nvd.nist.gov/vuln/detail/CVE-2021-36260,,,
2021,Dahua camera authentication bypass / RCE flaws,Global,Smart Home & Consumer IoT,IP camera vulnerability exploitation risk,Unknown attackers,"Critical Dahua IP camera vulnerabilities allowed unauthenticated access/RCE in affected devices. This record is included because the affected target is tied to consumer/home IoT or edge devices. The cited source provides the verification basis for the incident, campaign, or vulnerability/disclosure record.",NVD/CVE record,✅ CONFIRMED,https://nvd.nist.gov/vuln/detail/CVE-2021-33044,,,
2021,Dahua camera authentication bypass companion flaw,Global,Smart Home & Consumer IoT,IP camera authentication bypass,Unknown attackers,"Related Dahua flaw affected IP camera products and increased risk of unauthorized access. This record is included because the affected target is tied to consumer/home IoT or edge devices. The cited source provides the verification basis for the incident, campaign, or vulnerability/disclosure record.",NVD/CVE record,✅ CONFIRMED,https://nvd.nist.gov/vuln/detail/CVE-2021-33045,,,
2021,Meris botnet using MikroTik routers,Global,Smart Home & Consumer IoT,Router botnet / DDoS,Meris operators,"Meris used compromised MikroTik routers to generate very large DDoS attacks. This record is included because the affected target is tied to consumer/home IoT or edge devices. The cited source provides the verification basis for the incident, campaign, or vulnerability/disclosure record.",blog.cloudflare.com,✅ CONFIRMED,https://blog.cloudflare.com/meris-botnet/,,,
2021,MikroTik RouterOS credential theft/exploitation legacy,Global,Smart Home & Consumer IoT,Router compromise,Unknown attackers,"MikroTik RouterOS vulnerabilities were exploited to compromise routers and form proxy/botnet infrastructure. This record is included because the affected target is tied to consumer/home IoT or edge devices. The cited source provides the verification basis for the incident, campaign, or vulnerability/disclosure record.",NVD/CVE record,✅ CONFIRMED,https://nvd.nist.gov/vuln/detail/CVE-2018-14847,,,
2021,Cyclops Blink router/firewall botnet,Global,Smart Home & Consumer IoT,Network device malware / botnet,Sandworm / Russian GRU,"CISA/FBI/NCSC warned Cyclops Blink replaced VPNFilter and targeted WatchGuard and ASUS devices. This record is included because the affected target is tied to consumer/home IoT or edge devices. The cited source provides the verification basis for the incident, campaign, or vulnerability/disclosure record.",CISA advisory/context,✅ CONFIRMED,https://www.cisa.gov/news-events/cybersecurity-advisories/aa22-054a,,,
2022,ZuoRAT SOHO router malware,North America / Europe,Smart Home & Consumer IoT,SOHO router malware / Espionage / Network traffic capture,Unknown / suspected state-aligned actor,"Lumen Black Lotus Labs reported that ZuoRAT compromised SOHO routers to capture network traffic, collect host and LAN information, and proxy command-and-control communications. The campaign targeted consumer and small-office routers from brands such as ASUS, Cisco, DrayTek, and NETGEAR, making it relevant to smart home and consumer edge devices.",Lumen Black Lotus Labs report; CISA malware analysis report; BleepingComputer report,✅ CONFIRMED,https://blog.lumen.com/zuorat-hijacks-soho-routers-to-silently-stalk-networks/,https://www.cisa.gov/news-events/analysis-reports/ar22-203a,,
2022,RapperBot IoT botnet,Global,Smart Home & Consumer IoT,IoT botnet / brute force,Unknown botnet operators,"Fortinet reported RapperBot targeting IoT devices and routers, initially via SSH brute force. This record is included because the affected target is tied to consumer/home IoT or edge devices. The cited source provides the verification basis for the incident, campaign, or vulnerability/disclosure record.",fortinet.com,✅ CONFIRMED,https://www.fortinet.com/blog/threat-research/rapperbot-malware-discovery,,,
2022,Zerobot IoT botnet,Global,Smart Home & Consumer IoT,IoT botnet exploiting many vulnerabilities,Unknown botnet operators,"Microsoft reported Zerobot targeting routers, webcams, and other IoT devices. This record is included because the affected target is tied to consumer/home IoT or edge devices. The cited source provides the verification basis for the incident, campaign, or vulnerability/disclosure record.",microsoft.com,✅ CONFIRMED,https://www.microsoft.com/en-us/security/blog/2022/12/21/microsoft-research-uncovers-new-zerobot-capabilities/,,,
2022,ASUSTOR DeadBolt ransomware,Global,Smart Home & Consumer IoT,NAS ransomware,DeadBolt operators,"ASUSTOR warned users of DeadBolt ransomware affecting NAS devices. This record is included because the affected target is tied to consumer/home IoT or edge devices. The cited source provides the verification basis for the incident, campaign, or vulnerability/disclosure record.",asustor.com,✅ CONFIRMED,https://www.asustor.com/en/security/security_advisory_detail?id=3,,,
2022,QNAP Proxy Server XSS Vulnerabilities,Global,Smart Home & Consumer IoT,NAS application vulnerability / Cross-site scripting,Unknown / Potential remote attackersoperators,"QNAP reported cross-site scripting vulnerabilities affecting QNAP NAS devices running Proxy Server. If exploited, the vulnerabilities could allow remote attackers to inject malicious code. QNAP resolved the issue in Proxy Server 1.4.2 for QTS 4.5.x and later.",QNAP security advisory QSA-22-04,✅ CONFIRMED / VULNERABILITY DISCLOSURE,https://www.qnap.com/en/security-advisory/qsa-22-04,,,
2022,TP-Link Archer AX21 exploited by botnets,Global,Smart Home & Consumer IoT,Router command injection / botnet,Mirai/Gafgyt-like botnet operators,"TP-Link Archer AX21 vulnerability was exploited by botnets targeting home routers. This record is included because the affected target is tied to consumer/home IoT or edge devices. The cited source provides the verification basis for the incident, campaign, or vulnerability/disclosure record.",NVD/CVE record,✅ CONFIRMED,https://nvd.nist.gov/vuln/detail/CVE-2023-1389,,,
2023,BADBOX / PEACHPIT Consumer Device Supply-Chain Malware,Global,Smart Home & Consumer IoT,Supply-chain compromise / preinstalled malware in off-brand Android consumer devices,Multiple threat actors; HUMAN linked the operation to a China-based fraud ecosystem,"HUMAN Security reported that BADBOX involved off-brand Android phones, tablets, and connected TV devices sold through online retailers, with many devices arriving preloaded with malware. The malware supported ad fraud, residential proxy abuse, and other digital crimes; PEACHPIT was the related ad-fraud component.",HUMAN Security technical report; Wired coverage,✅ CONFIRMED,https://www.humansecurity.com/hubfs/HUMAN_Report_BADBOX-and-PEACHPIT.pdf,https://www.wired.com/story/android-tv-streaming-boxes-china-backdoor/,,
2023,Zyxel firewall/router OS command injection exploitation,Global,Smart Home & Consumer IoT,Network edge vulnerability exploitation,Unknown attackers / botnet operators,"Critical Zyxel device flaw allowed unauthenticated command injection on affected edge devices. This record is included because the affected target is tied to consumer/home IoT or edge devices. The cited source provides the verification basis for the incident, campaign, or vulnerability/disclosure record.",NVD/CVE record,✅ CONFIRMED,https://nvd.nist.gov/vuln/detail/CVE-2023-28771,,,
2023,InfectedSlurs Mirai-Based IoT Botnet,Global,Smart Home & Consumer IoT,Mirai-based IoT botnet / Zero-day RCE exploitation / DDoS,Unknown botnet operators,InfectedSlurs was a Mirai-based botnet observed exploiting two zero-day remote code execution vulnerabilities to compromise routers and network video recorder devices. Reports linked the campaign to DDoS activity and said the botnet targeted routers used in residential and hotel environments as well as NVR devices.,SecurityAffairs; TuxCare; Advens CTI report,✅ CONFIRMED,https://securityaffairs.com/154607/malware/infectedslurs-botnet.html,https://tuxcare.com/blog/mirai-botnet/,https://www.advens.com/wp-content/uploads/2024/01/cert-advens-dec-2023-cti-report.pdf,
2023,BotenaGo IoT malware family,Global,Smart Home & Consumer IoT,IoT malware / exploit toolkit,Unknown botnet operators,"BotenaGo variants packaged many router/IoT exploits for botnet building. This record is included because the affected target is tied to consumer/home IoT or edge devices. The cited source provides the verification basis for the incident, campaign, or vulnerability/disclosure record.",cybersecurity.att.com,✅ CONFIRMED,https://www.levelblue.com/blogs/spiderlabs-blog/botenago-strike-again-malware-source-code-uploaded-to-github,,,
2023,Condi IoT botnet,Global,Smart Home & Consumer IoT,IoT botnet targeting routers,Unknown botnet operators,"Fortinet reported Condi malware targeting TP-Link and other routers/devices. This record is included because the affected target is tied to consumer/home IoT or edge devices. The cited source provides the verification basis for the incident, campaign, or vulnerability/disclosure record.",fortinet.com,✅ CONFIRMED,https://www.fortinet.com/blog/threat-research/condi-ddos-botnet-spreads-via-tp-links-cve-2023-1389,,,
2023,Wyze Camera Cross-Account Exposure,USA / Global,Smart Home & Consumer IoT,Cloud/service security failure causing cross-account media exposure,Not a named external threat actor; Wyze attributed the issue to an internal/service problem after an AWS outage,"Wyze said that after a February 16, 2024 outage, some users saw thumbnails and event media from cameras that were not their own. Wyze later confirmed that about 13,000 users received thumbnails from other users’ cameras and 1,504 users tapped them; in some cases an event video could be viewed.",Wyze official forum updates; CBS / media coverage,✅ CONFIRMED,https://forums.wyze.com/t/update-on-investigation-of-2-16-24-security-issue/291002,https://www.cbsnews.com/news/wyze-camera-breach-let-13000-customers-peek-into-others-homes/,,
2024,Ecovacs Deebot robot vulnerabilities,Global,Smart Home & Consumer IoT,Bluetooth/Wi-Fi RCE vulnerability disclosure,Security researchers,Ecovacs published advisories for robot vacuum vulnerabilities; public reporting showed potential camera/microphone takeover risk.,Ecovacs security advisory,✅ CONFIRMED,https://www.ecovacs.com/global/userhelp/dsa20241119,,,
2024,Raptor Train SOHO/IoT botnet,Global / USA / Taiwan,Smart Home & Consumer IoT,SOHO/IoT botnet / covert infrastructure,Flax Typhoon / Integrity Technology Group,"CISA and partners described Raptor Train as made of SOHO routers and IoT devices including cameras and NVRs. This record is included because the affected target is tied to consumer/home IoT or edge devices. The cited source provides the verification basis for the incident, campaign, or vulnerability/disclosure record.",CISA advisory/context,✅ CONFIRMED,https://www.cisa.gov/news-events/cybersecurity-advisories/aa26-113a,,,
2024,D-Link NAS unauthenticated command injection/backdoor,Global,Smart Home & Consumer IoT,NAS command injection / backdoor exploitation,Unknown attackers,"D-Link NAS vulnerabilities in end-of-life devices were reported and exploited; affected internet-exposed NAS appliances. This record is included because the affected target is tied to consumer/home IoT or edge devices. The cited source provides the verification basis for the incident, campaign, or vulnerability/disclosure record.",NVD/CVE record,✅ CONFIRMED,https://nvd.nist.gov/vuln/detail/CVE-2024-3273,,,
2024,D-Link NAS hardcoded credential issue,Global,Smart Home & Consumer IoT,NAS hardcoded credentials,Unknown attackers,"Companion D-Link NAS flaw exposed devices through hardcoded credentials. This record is included because the affected target is tied to consumer/home IoT or edge devices. The cited source provides the verification basis for the incident, campaign, or vulnerability/disclosure record.",NVD/CVE record,✅ CONFIRMED,https://nvd.nist.gov/vuln/detail/CVE-2024-3272,,,
2024,BADBOX 2.0 botnet,Global,Smart Home & Consumer IoT,Supply-chain malware / residential proxy botnet,BADBOX 2.0 operators,"Google said BADBOX 2.0 compromised over 10 million uncertified Android Open Source devices. This record is included because the affected target is tied to consumer/home IoT or edge devices. The cited source provides the verification basis for the incident, campaign, or vulnerability/disclosure record.",Google official security/legal action post; FBI public alert; HUMAN Security report,✅ CONFIRMED,https://blog.google/innovation-and-ai/technology/safety-security/google-taking-legal-action-against-the-badbox-20-botnet/,,,
2025,Cisco RV320/RV325 router vulnerability exploitation,Global,Smart Home & Consumer IoT,Publicly disclosed vulnerability / SOHO router information disclosure,Unknown or security researchers,"Public source documents a security issue or exploitation path affecting soho routers. Use as a verified vulnerability/disclosure record if TA accepts vulnerability-based attacks. This record is included because the affected target is tied to consumer/home IoT or edge devices. The cited source provides the verification basis for the incident, campaign, or vulnerability/disclosure record.",NVD/CVE record,✅ CONFIRMED,https://nvd.nist.gov/vuln/detail/CVE-2019-1653,,,
2020,Tenda AC router stack overflow vulnerabilities,Global,Smart Home & Consumer IoT,Publicly disclosed vulnerability / Router vulnerability disclosure,Unknown or security researchers,"Public source documents a security issue or exploitation path affecting home routers. Use as a verified vulnerability/disclosure record if TA accepts vulnerability-based attacks. This record is included because the affected target is tied to consumer/home IoT or edge devices. The cited source provides the verification basis for the incident, campaign, or vulnerability/disclosure record.",NVD/CVE record,✅ CONFIRMED,https://nvd.nist.gov/vuln/?keyword=Tenda%20AC%20router,,,
2020,Netgear multiple router vulnerabilities,Global,Smart Home & Consumer IoT,Publicly disclosed vulnerability / Vendor security advisory,Unknown or security researchers,"Public source documents a security issue or exploitation path affecting home routers. Use as a verified vulnerability/disclosure record if TA accepts vulnerability-based attacks. This record is included because the affected target is tied to consumer/home IoT or edge devices. The cited source provides the verification basis for the incident, campaign, or vulnerability/disclosure record.",kb.netgear.com,✅ CONFIRMED,https://kb.netgear.com/000062507/Security-Advisory-for-Multiple-Vulnerabilities-on-Some-Routers-Mobile-Routers-Modems-Gateways-and-Extenders-PSV-2020-0211,,,
2020,D-Link DIR-865L router vulnerability,Global,Smart Home & Consumer IoT,Publicly disclosed vulnerability / Router vulnerability disclosure,Unknown or security researchers,"Public source documents a security issue or exploitation path affecting home routers. Use as a verified vulnerability/disclosure record if TA accepts vulnerability-based attacks. This record is included because the affected target is tied to consumer/home IoT or edge devices. The cited source provides the verification basis for the incident, campaign, or vulnerability/disclosure record.",NVD/CVE record,✅ CONFIRMED,https://nvd.nist.gov/vuln/?keyword=D-Link%20DIR-865L,,,
2020,Foscam camera vulnerabilities,Global,Smart Home & Consumer IoT,Publicly disclosed vulnerability / IP camera vulnerability disclosure,Unknown or security researchers,"Public source documents a security issue or exploitation path affecting home cameras. Use as a verified vulnerability/disclosure record if TA accepts vulnerability-based attacks. This record is included because the affected target is tied to consumer/home IoT or edge devices. The cited source provides the verification basis for the incident, campaign, or vulnerability/disclosure record.",NVD/CVE record,✅ CONFIRMED,https://nvd.nist.gov/vuln/?keyword=Foscam%20camera,,,
2020,Amcrest camera vulnerabilities,Global,Smart Home & Consumer IoT,Publicly disclosed vulnerability / IP camera vulnerability disclosure,Unknown or security researchers,"Public source documents a security issue or exploitation path affecting home cameras. Use as a verified vulnerability/disclosure record if TA accepts vulnerability-based attacks. This record is included because the affected target is tied to consumer/home IoT or edge devices. The cited source provides the verification basis for the incident, campaign, or vulnerability/disclosure record.",NVD/CVE record,✅ CONFIRMED,https://nvd.nist.gov/vuln/?keyword=Amcrest%20camera,,,
2020,Reolink camera vulnerabilities,Global,Smart Home & Consumer IoT,Publicly disclosed vulnerability / IP camera vulnerability disclosure,Unknown or security researchers,"Public source documents a security issue or exploitation path affecting home cameras. Use as a verified vulnerability/disclosure record if TA accepts vulnerability-based attacks. This record is included because the affected target is tied to consumer/home IoT or edge devices. The cited source provides the verification basis for the incident, campaign, or vulnerability/disclosure record.",NVD/CVE record,✅ CONFIRMED,https://nvd.nist.gov/vuln/?keyword=Reolink%20camera,,,
2021,ThroughTek Kalay SDK camera/P2P flaw,Global,Smart Home & Consumer IoT,Publicly disclosed vulnerability / P2P SDK vulnerability affecting cameras,Unknown or security researchers,"Public source documents a security issue or exploitation path affecting consumer cameras using kalay sdk. Use as a verified vulnerability/disclosure record if TA accepts vulnerability-based attacks. This record is included because the affected target is tied to consumer/home IoT or edge devices. The cited source provides the verification basis for the incident, campaign, or vulnerability/disclosure record.",NVD/CVE record,✅ CONFIRMED,https://nvd.nist.gov/vuln/detail/CVE-2021-28372,,,
2021,Amcrest / ThroughTek camera supply-chain SDK issue,Global,Smart Home & Consumer IoT,Publicly disclosed vulnerability / IoT SDK vulnerability,Unknown or security researchers,"Public source documents a security issue or exploitation path affecting consumer cameras and iot devices. Use as a verified vulnerability/disclosure record if TA accepts vulnerability-based attacks. This record is included because the affected target is tied to consumer/home IoT or edge devices. The cited source provides the verification basis for the incident, campaign, or vulnerability/disclosure record.",CISA advisory/context,✅ CONFIRMED,https://www.cisa.gov/news-events/ics-advisories/icsa-21-229-01,,,
2021,Realtek SDK vulnerabilities affecting routers/IoT,Global,Smart Home & Consumer IoT,Publicly disclosed vulnerability / SDK RCE affecting many IoT vendors,Unknown or security researchers,"Public source documents a security issue or exploitation path affecting home routers and iot devices. Use as a verified vulnerability/disclosure record if TA accepts vulnerability-based attacks. This record is included because the affected target is tied to consumer/home IoT or edge devices. The cited source provides the verification basis for the incident, campaign, or vulnerability/disclosure record.",NVD/CVE record,✅ CONFIRMED,https://nvd.nist.gov/vuln/detail/CVE-2021-35395,,,
2021,Realtek SDK command injection affecting IoT,Global,Smart Home & Consumer IoT,Publicly disclosed vulnerability / SDK command injection,Unknown or security researchers,"Public source documents a security issue or exploitation path affecting home routers and iot devices. Use as a verified vulnerability/disclosure record if TA accepts vulnerability-based attacks. This record is included because the affected target is tied to consumer/home IoT or edge devices. The cited source provides the verification basis for the incident, campaign, or vulnerability/disclosure record.",NVD/CVE record,✅ CONFIRMED,https://nvd.nist.gov/vuln/detail/CVE-2021-35394,,,
2021,Realtek SDK buffer overflow affecting IoT,Global,Smart Home & Consumer IoT,Publicly disclosed vulnerability / SDK buffer overflow,Unknown or security researchers,"Public source documents a security issue or exploitation path affecting home routers and iot devices. Use as a verified vulnerability/disclosure record if TA accepts vulnerability-based attacks. This record is included because the affected target is tied to consumer/home IoT or edge devices. The cited source provides the verification basis for the incident, campaign, or vulnerability/disclosure record.",NVD/CVE record,✅ CONFIRMED,https://nvd.nist.gov/vuln/detail/CVE-2021-35393,,,
2021,Realtek SDK management vulnerability affecting IoT,Global,Smart Home & Consumer IoT,Publicly disclosed vulnerability / SDK vulnerability,Unknown or security researchers,"Public source documents a security issue or exploitation path affecting home routers and iot devices. Use as a verified vulnerability/disclosure record if TA accepts vulnerability-based attacks. This record is included because the affected target is tied to consumer/home IoT or edge devices. The cited source provides the verification basis for the incident, campaign, or vulnerability/disclosure record.",NVD/CVE record,✅ CONFIRMED,https://nvd.nist.gov/vuln/detail/CVE-2021-35392,,,
2021,Buffalo router path traversal exploited by botnets,Global,Smart Home & Consumer IoT,Publicly disclosed vulnerability / Router path traversal / botnet exploitation,Unknown or security researchers,"Public source documents a security issue or exploitation path affecting consumer routers. Use as a verified vulnerability/disclosure record if TA accepts vulnerability-based attacks. This record is included because the affected target is tied to consumer/home IoT or edge devices. The cited source provides the verification basis for the incident, campaign, or vulnerability/disclosure record.",NVD/CVE record,✅ CONFIRMED,https://nvd.nist.gov/vuln/detail/CVE-2021-20090,,,
2021,Netgear DGN2200 router vulnerability,Global,Smart Home & Consumer IoT,Publicly disclosed vulnerability / Router vulnerability disclosure,Unknown or security researchers,"Public source documents a security issue or exploitation path affecting home routers. Use as a verified vulnerability/disclosure record if TA accepts vulnerability-based attacks. This record is included because the affected target is tied to consumer/home IoT or edge devices. The cited source provides the verification basis for the incident, campaign, or vulnerability/disclosure record.",NVD/CVE record,✅ CONFIRMED,https://nvd.nist.gov/vuln/detail/CVE-2021-40847,,,
2021,QNAP HBS 3 improper authorization issue,Global,Smart Home & Consumer IoT,Publicly disclosed vulnerability / NAS ransomware enabling weakness,Unknown or security researchers,"Public source documents a security issue or exploitation path affecting consumer/soho nas. Use as a verified vulnerability/disclosure record if TA accepts vulnerability-based attacks. This record is included because the affected target is tied to consumer/home IoT or edge devices. The cited source provides the verification basis for the incident, campaign, or vulnerability/disclosure record.",QNAP QSA-21-12; Qlocker response; CSA Singapore alert,✅ CONFIRMED,https://www.qnap.com/en/security-advisory/qsa-21-12,https://www.qnap.com/static/landing/2021/qlocker/response/en/,https://www.csa.gov.sg/alerts-and-advisories/alerts/al-2021-029/,
2021,Synology NAS ransomware/extortion campaigns,Global,Smart Home & Consumer IoT,Publicly disclosed vulnerability / NAS security advisories,Unknown or security researchers,"Public source documents a security issue or exploitation path affecting consumer/soho nas. Use as a verified vulnerability/disclosure record if TA accepts vulnerability-based attacks. This record is included because the affected target is tied to consumer/home IoT or edge devices. The cited source provides the verification basis for the incident, campaign, or vulnerability/disclosure record.",synology.com,✅ CONFIRMED,https://www.synology.com/en-global/security/advisory,,,
2021,Ubiquiti account/device breach controversy,Global,Smart Home & Consumer IoT,Publicly disclosed vulnerability / Cloud/network device security incident,Unknown or security researchers,"Public source documents a security issue or exploitation path affecting home/soho network devices. Use as a verified vulnerability/disclosure record if TA accepts vulnerability-based attacks. This record is included because the affected target is tied to consumer/home IoT or edge devices. The cited source provides the verification basis for the incident, campaign, or vulnerability/disclosure record.",ui.com,✅ CONFIRMED,https://www.ui.com/notifications/security,,,
2022,Ubiquiti EdgeRouter botnet/proxy compromise risk,Global,Smart Home & Consumer IoT,Publicly disclosed vulnerability / Edge router abuse by threat actors,Unknown or security researchers,"Public source documents a security issue or exploitation path affecting soho edge routers. Use as a verified vulnerability/disclosure record if TA accepts vulnerability-based attacks. This record is included because the affected target is tied to consumer/home IoT or edge devices. The cited source provides the verification basis for the incident, campaign, or vulnerability/disclosure record.",CISA advisory/context,✅ CONFIRMED,https://www.cisa.gov/news-events/cybersecurity-advisories/aa24-038a,,,
2022,DrayTek router exploitation campaigns,Global,Smart Home & Consumer IoT,Publicly disclosed vulnerability / Router exploitation by threat actors,Unknown or security researchers,"Public source documents a security issue or exploitation path affecting soho routers. Use as a verified vulnerability/disclosure record if TA accepts vulnerability-based attacks. This record is included because the affected target is tied to consumer/home IoT or edge devices. The cited source provides the verification basis for the incident, campaign, or vulnerability/disclosure record.",CISA advisory/context,✅ CONFIRMED,https://www.cisa.gov/news-events/cybersecurity-advisories/aa22-257a,,,
2022,Zyxel firewall/NAS command injection family,Global,Smart Home & Consumer IoT,Publicly disclosed vulnerability / NAS/router vulnerability family,Unknown or security researchers,"Public source documents a security issue or exploitation path affecting soho nas/routers. Use as a verified vulnerability/disclosure record if TA accepts vulnerability-based attacks. This record is included because the affected target is tied to consumer/home IoT or edge devices. The cited source provides the verification basis for the incident, campaign, or vulnerability/disclosure record.",NVD/CVE record,✅ CONFIRMED,https://nvd.nist.gov/vuln/?keyword=Zyxel%20NAS%20command%20injection,,,
2022,Netgear R7000 remote code execution vulnerability,Global,Smart Home & Consumer IoT,Publicly disclosed vulnerability / Router RCE disclosure,Unknown or security researchers,"Public source documents a security issue or exploitation path affecting home routers. Use as a verified vulnerability/disclosure record if TA accepts vulnerability-based attacks. This record is included because the affected target is tied to consumer/home IoT or edge devices. The cited source provides the verification basis for the incident, campaign, or vulnerability/disclosure record.",NVD/CVE record,✅ CONFIRMED,https://nvd.nist.gov/vuln/?keyword=Netgear%20R7000%20remote%20code%20execution,,,
2022,D-Link DIR-816 command injection,Global,Smart Home & Consumer IoT,Publicly disclosed vulnerability / Router command injection disclosure,Unknown or security researchers,"Public source documents a security issue or exploitation path affecting home routers. Use as a verified vulnerability/disclosure record if TA accepts vulnerability-based attacks. This record is included because the affected target is tied to consumer/home IoT or edge devices. The cited source provides the verification basis for the incident, campaign, or vulnerability/disclosure record.",NVD/CVE record,✅ CONFIRMED,https://nvd.nist.gov/vuln/?keyword=D-Link%20DIR-816%20command%20injection,,,
2022,Tenda router command injection family,Global,Smart Home & Consumer IoT,Publicly disclosed vulnerability / Router command injection disclosure,Unknown or security researchers,"Public source documents a security issue or exploitation path affecting home routers. Use as a verified vulnerability/disclosure record if TA accepts vulnerability-based attacks. This record is included because the affected target is tied to consumer/home IoT or edge devices. The cited source provides the verification basis for the incident, campaign, or vulnerability/disclosure record.",NVD/CVE record,✅ CONFIRMED,https://nvd.nist.gov/vuln/?keyword=Tenda%20router%20command%20injection,,,
2022,TOTOLINK router command injection family,Global,Smart Home & Consumer IoT,Publicly disclosed vulnerability / Router command injection disclosure,Unknown or security researchers,"Public source documents a security issue or exploitation path affecting home routers. Use as a verified vulnerability/disclosure record if TA accepts vulnerability-based attacks. This record is included because the affected target is tied to consumer/home IoT or edge devices. The cited source provides the verification basis for the incident, campaign, or vulnerability/disclosure record.",NVD/CVE record,✅ CONFIRMED,https://nvd.nist.gov/vuln/?keyword=TOTOLINK%20command%20injection,,,
2022,GoAhead web server vulnerabilities in cameras/routers,Global,Smart Home & Consumer IoT,Publicly disclosed vulnerability / Embedded web server vulnerability,Unknown or security researchers,"Public source documents a security issue or exploitation path affecting iot cameras/routers. Use as a verified vulnerability/disclosure record if TA accepts vulnerability-based attacks. This record is included because the affected target is tied to consumer/home IoT or edge devices. The cited source provides the verification basis for the incident, campaign, or vulnerability/disclosure record.",NVD/CVE record,✅ CONFIRMED,https://nvd.nist.gov/vuln/?keyword=GoAhead%20IoT%20camera,,,
2022,Asus router Cyclops Blink remediation,Global,Smart Home & Consumer IoT,Publicly disclosed vulnerability / Vendor router security advisory,Unknown or security researchers,"Public source documents a security issue or exploitation path affecting home/soho routers. Use as a verified vulnerability/disclosure record if TA accepts vulnerability-based attacks. This record is included because the affected target is tied to consumer/home IoT or edge devices. The cited source provides the verification basis for the incident, campaign, or vulnerability/disclosure record.",asus.com,✅ CONFIRMED,https://www.asus.com/content/asus-product-security-advisory/,,,
2023,TP-Link Archer AX21 command injection exploited,Global,Smart Home & Consumer IoT,Publicly disclosed vulnerability / Router command injection / botnet exploitation,Unknown or security researchers,"Public source documents a security issue or exploitation path affecting home wi-fi router. Use as a verified vulnerability/disclosure record if TA accepts vulnerability-based attacks. This record is included because the affected target is tied to consumer/home IoT or edge devices. The cited source provides the verification basis for the incident, campaign, or vulnerability/disclosure record.",NVD/CVE record,✅ CONFIRMED,https://nvd.nist.gov/vuln/detail/CVE-2023-1389,,,
2023,D-Link DIR-2150 router vulnerabilities,Global,Smart Home & Consumer IoT,Publicly disclosed vulnerability / Router vulnerability disclosure,Unknown or security researchers,"Public source documents a security issue or exploitation path affecting home routers. Use as a verified vulnerability/disclosure record if TA accepts vulnerability-based attacks. This record is included because the affected target is tied to consumer/home IoT or edge devices. The cited source provides the verification basis for the incident, campaign, or vulnerability/disclosure record.",NVD/CVE record,✅ CONFIRMED,https://nvd.nist.gov/vuln/?keyword=D-Link%20DIR-2150,,,
2023,ASUS router security update after botnet abuse,Global,Smart Home & Consumer IoT,Publicly disclosed vulnerability / Vendor router security advisory,Unknown or security researchers,"Public source documents a security issue or exploitation path affecting home/soho routers. Use as a verified vulnerability/disclosure record if TA accepts vulnerability-based attacks. This record is included because the affected target is tied to consumer/home IoT or edge devices. The cited source provides the verification basis for the incident, campaign, or vulnerability/disclosure record.",asus.com,✅ CONFIRMED,https://www.asus.com/content/asus-product-security-advisory/,,,
2023,QNAP QTS/QuTS hero vulnerabilities,Global,Smart Home & Consumer IoT,Publicly disclosed vulnerability / NAS vulnerability disclosures,Unknown or security researchers,"Public source documents a security issue or exploitation path affecting consumer/soho nas. Use as a verified vulnerability/disclosure record if TA accepts vulnerability-based attacks. This record is included because the affected target is tied to consumer/home IoT or edge devices. The cited source provides the verification basis for the incident, campaign, or vulnerability/disclosure record.",qnap.com,✅ CONFIRMED,https://www.qnap.com/en/security-advisories/,,,
2023,Wyze Web View Camera Feed Exposure,Global,Smart Home & Consumer IoT,Cloud caching misconfiguration / Cross-account camera-feed exposure,Unknown or security researchers,"Public source documents a security issue or exploitation path affecting consumer cameras. Use as a verified vulnerability/disclosure record if TA accepts vulnerability-based attacks. This record is included because the affected target is tied to consumer/home IoT or edge devices. The cited source provides the verification basis for the incident, campaign, or vulnerability/disclosure record.",Wyze official Web View service advisory; The Verge report; Malwarebytes report,✅ CONFIRMED,https://forums.wyze.com/t/wyze-web-view-service-advisory-9-8-2023/275448,https://www.theverge.com/2023/9/8/23865255/wyze-security-camera-feeds-web-view-issue,https://www.malwarebytes.com/blog/news/2023/09/wyze-home-cameras-temporarily-show-other-peoples-security-feeds,
2023,Ring FTC enforcement over camera access controls,Global,Smart Home & Consumer IoT,Publicly disclosed vulnerability / Regulatory enforcement,Unknown or security researchers,"Public source documents a security issue or exploitation path affecting consumer cameras. Use as a verified vulnerability/disclosure record if TA accepts vulnerability-based attacks. This record is included because the affected target is tied to consumer/home IoT or edge devices. The cited source provides the verification basis for the incident, campaign, or vulnerability/disclosure record.",FTC official source,✅ CONFIRMED,https://www.ftc.gov/legal-library/browse/cases-proceedings/2023113-ring-llc,,,
2024,D-Link DIR-859 arbitrary file read,Global,Smart Home & Consumer IoT,Publicly disclosed vulnerability / Router vulnerability exploited risk,Unknown or security researchers,"Public source documents a security issue or exploitation path affecting home routers. Use as a verified vulnerability/disclosure record if TA accepts vulnerability-based attacks. This record is included because the affected target is tied to consumer/home IoT or edge devices. The cited source provides the verification basis for the incident, campaign, or vulnerability/disclosure record.",NVD/CVE record,✅ CONFIRMED,https://nvd.nist.gov/vuln/detail/CVE-2024-0769,,,
2024,IZ1H9 Mirai-Based DDoS Campaign,Global,Smart Home & Consumer IoT,Mirai-based IoT botnet / DDoS / Router and IoT exploit campaign,Unknown or security researchers,"FortiGuard Labs reported that the IZ1H9 Mirai-based DDoS campaign expanded its exploit arsenal in 2023, adding payloads targeting Linux-based routers and IoT devices from vendors including D-Link, Netis, Zyxel, TP-Link, TOTOLINK, and Geutebruck IP cameras. Compromised devices could be used as part of a DDoS botnet.",Fortinet FortiGuard Labs report; BleepingComputer; Palo Alto Unit 42,✅ CONFIRMED,https://www.fortinet.com/blog/threat-research/Iz1h9-campaign-enhances-arsenal-with-scores-of-exploits,https://www.bleepingcomputer.com/news/security/mirai-ddos-malware-variant-expands-targets-with-13-router-exploits/,https://unit42.paloaltonetworks.com/mirai-variant-iz1h9/,
2024,Netgear router vulnerability disclosures,Global,Smart Home & Consumer IoT,Publicly disclosed vulnerability / Vendor advisory portal,Unknown or security researchers,"Public source documents a security issue or exploitation path affecting home routers. Use as a verified vulnerability/disclosure record if TA accepts vulnerability-based attacks. This record is included because the affected target is tied to consumer/home IoT or edge devices. The cited source provides the verification basis for the incident, campaign, or vulnerability/disclosure record.",kb.netgear.com,✅ CONFIRMED,https://kb.netgear.com/000062507/Security-Advisory-for-Multiple-Vulnerabilities-on-Some-Routers-Mobile-Routers-Modems-Gateways-and-Extenders-PSV-2020-0211,,,
2024,Zyxel NAS/router vulnerability disclosures,Global,Smart Home & Consumer IoT,Publicly disclosed vulnerability / Vendor security advisories,Unknown or security researchers,"Public source documents a security issue or exploitation path affecting soho nas/routers. Use as a verified vulnerability/disclosure record if TA accepts vulnerability-based attacks. This record is included because the affected target is tied to consumer/home IoT or edge devices. The cited source provides the verification basis for the incident, campaign, or vulnerability/disclosure record.",zyxel.com,✅ CONFIRMED,https://www.zyxel.com/global/en/support/security-advisories,,,
2025,BADBOX 2.0 Consumer IoT Botnet,Global,Smart Home & Consumer IoT,Consumer IoT botnet / Supply-chain malware / Residential proxy abuse,Cybercriminal botnet operators,"BADBOX 2.0 compromised millions of uncertified Android-based consumer IoT devices, including connected TV/streaming boxes, tablets, digital projectors, and other home internet-connected devices. The infected devices were used for ad fraud, residential proxy abuse, and other cybercriminal activity. Google reported legal action against the botnet and FBI warned that home IoT devices were facilitating criminal activity.",Google legal action post; FBI public service announcement; HUMAN Security BADBOX 2.0 report,✅ CONFIRMED,https://blog.google/innovation-and-ai/technology/safety-security/google-taking-legal-action-against-the-badbox-20-botnet/,https://www.fbi.gov/investigate/cyber/alerts/2025/home-internet-connected-devices-facilitate-criminal-activity,https://www.humansecurity.com/learn/blog/satori-threat-intelligence-disruption-badbox-2-0/,
2026,China-Nexus Covert Networks Using SOHO Routers and IoT Devices,Global,Smart Home & Consumer IoT,Covert botnet / SOHO router and IoT device compromise,"China-nexus cyber actors, including Typhoon-designated groups","A 2026 joint cybersecurity advisory warned that China-nexus threat actors were using compromised SOHO routers, IoT devices, and smart devices to create covert networks for cyber operations. These devices were used to hide malicious activity, support intrusions, and make attribution harder. The advisory describes the networks as mainly composed of compromised SOHO routers and IoT/smart devices.",CISA joint cybersecurity advisory AA26-113A; Reuters report,✅ CONFIRMED,https://www.cisa.gov/news-events/cybersecurity-advisories/aa26-113a,https://www.reuters.com/technology/cyber-agencies-warn-organisations-guard-against-china-linked-covert-networks-2026-04-23/,,
2026,SocksEscort / AVrecon Residential Router Botnet Takedown,Global / United States / Europe,Smart Home & Consumer IoT,Home-router botnet / Malicious residential proxy service,SocksEscort operators / Cybercriminal customers,"U.S. and European authorities disrupted the SocksEscort malicious proxy service, which infected home and small-business internet routers with malware and sold access to route criminal traffic through compromised devices. DOJ described it as a residential proxy network exploiting thousands of residential routers worldwide, while Europol reported disruption of a proxy service built on compromised routers and IoT devices.",DOJ press release; Europol operation announcement,✅ CONFIRMED,https://www.justice.gov/usao-edca/pr/authorities-dismantle-global-malicious-proxy-service-deployed-malware-and-defrauded,https://www.europol.europa.eu/media-press/newsroom/news/europol-and-international-partners-disrupt-socksescort-proxy-service,,
2026,Aisuru / KimWolf / JackSkid / Mossad IoT DDoS Botnets Takedown,Global / USA / Germany / Canada,Smart Home & Consumer IoT,IoT botnet / DDoS / compromised routers and webcams,"Aisuru, KimWolf, JackSkid, Mossad botnet operators","U.S., German, and Canadian authorities disrupted infrastructure for four large IoT botnets that compromised more than 3 million internet-connected devices, including routers and webcams. The botnets were used for hundreds of thousands of DDoS attack commands, including attacks against major targets.",DOJ press release; Reuters; KrebsOnSecurity,✅ CONFIRMED,https://www.justice.gov/usao-ak/pr/authorities-disrupt-worlds-largest-iot-ddos-botnets-responsible-record-breaking-attacks,https://www.reuters.com/business/media-telecom/us-says-it-disrupted-botnets-that-infected-over-3-million-devices-worldwide-2026-03-20/,https://krebsonsecurity.com/2026/03/feds-disrupt-iot-botnets-behind-huge-ddos-attacks/,
2026,AVrecon Malware-Infected Routers Residential Proxy Abuse,Global,Smart Home & Consumer IoT,Home-router malware / residential proxy abuse,AVrecon / SocksEscort-related operators,"FBI reported that threat actors compromised routers, installed AVrecon malware, and sold access to the compromised devices as residential proxies. The advisory says SocksEscort is believed to have compromised and sold access to about 369,000 devices worldwide.",FBI IC3 FLASH; Europol,✅ CONFIRMED,https://www.ic3.gov/CSA/2026/260312.pdf,https://www.europol.europa.eu/media-press/newsroom/news/europol-and-international-partners-disrupt-socksescort-proxy-service,,
2010,DairyCo Attack,Ireland,Agriculture & Food Supply,Data Breach,Unknown,"Data Breach/Physical Theft: A laptop belonging to a DairyCo employee was stolen from a car. The device contained a spreadsheet with personal details of approximately 14,200 dairy farmers, including names, contact details, transaction reference numbers, and milk quota information. The organization called the incident ""embarrassing and highly regrettable."" No financial data was believed to be at risk.",Belfast Telegraph,✅ Confirm,https://www.belfasttelegraph.co.uk/news/details-of-14200-farmers-stolen/a/119201452.html,,,
2010,Operation Aurora,Global,Agriculture & Food Supply,APT,China (APT1),Strategic R&D theft from food science and chemical conglomerates.,,✅ Confirm,https://www.exabeam.com/blog/infosec-trends/operation-aurora-2010s-major-breach-by-chinese-hackers/,"https://www.exabeam.com/blog/infosec-trends/operation-aurora-2010s-major-breach-by-chinese-hackers/#:~:text=Initially%2C%20Google%20said%20that%20%E2%80%9Ca,to%20command%20and%20control%20servers",,
2010,Zeus Botnet,Global,Agriculture & Food Supply,Trojan,Unknown,Small farm accounts drained via automated banking theft.,,✅ Confirm,https://archives.fbi.gov/archives/news/stories/2010/october/cyber-banking-fraud,,,
2010,Pre-Stuxnet ICS Vulnerability Awareness,Global,Agriculture & Food Supply,Industry Awareness,Unknown,Early recognition that industrial control systems in food manufacturing lacked basic security protections.,General knowledge,✅ Confirm,"https://www.txone.com/blog/revisiting-threats-to-food-beverage-cybersecurity/#:~:text=SCADA%20systems%2C%20widely%20used%20in,denial%2Dof%2Dservice%20attacks",,,
2011,Monsanto Attack,China,Agriculture & Food Supply,Unknown,Anonymous,"Anonymous Hacktivism: The hacker group Anonymous attacked Monsanto's web servers, protesting the company's development of GMO seeds, pesticides, and bovine growth hormones. Approximately 2,500 individuals' personal information from the global agricultural industry was publicly exposed, including contacts, media personnel, and agricultural enterprise data. Monsanto reported the attack to government authorities.","Information Leakage Prevention Lecture Series: Data Encryption, File Encryption, Encryption Systems",✅ Confirm,https://www.reuters.com/article/world/chocolate-factory-becomes-australia-s-first-victim-of-latest-cyber-attack-idUSKBN19J072/,https://ir.mondelezinternational.com/news-releases/news-release-details/update-cyber-attack-and-preliminary-estimate-financial-impacts/,https://www.ip-guard.net/blog/?p=636#respond,
2011,Epsilon (Retail),Global,Agriculture & Food Supply,Phishing,Unknown,"Email lists for major grocery retailers (Kroger, Wal-Mart) stolen.",,✅ Confirm,https://www.portnox.com/blog/cyber-attacks/epsilon-most-expensive-breach-youve-never-heard-of/,"https://www.portnox.com/blog/cyber-attacks/epsilon-most-expensive-breach-youve-never-heard-of/#:~:text=In%20April%202011%2C%20Epsilon%20announced,million%20from%20spam%20e%2Dmails",,
2011,Early Food Supply Chain Cyber Incidents Dataset,Global,Agriculture & Food Supply,Mixed,Multiple,Cluster of early incidents across food sector,,✅ Confirm,https://arxiv.org/abs/2403.08036,,,
2011,Grain Industry Phishing Attacks,USA,Agriculture & Food Supply,Phishing,Unknown,Credential theft impacted logistics systems,,✅ Confirm,https://www.rsa.com/resources/blog/passwordless/credential-phishing-what-it-is-and-how-to-prevent-it/,"https://www.rsa.com/resources/blog/passwordless/credential-phishing-what-it-is-and-how-to-prevent-it/#:~:text=Credential%20phishing%20is%20a%20specific,systems%2C%20and%20other%20secure%20resources",,
2011,Industrial Control System Exploit Demonstrations,Global,Agriculture & Food Supply,Proof of Concept,Security Researchers,Demonstrations show how SCADA systems in food processing could be manipulated to alter production.,"General knowledge: 't%20say%20how,the%20researcher%20with%20legal%20action.",✅ Confirm,https://www.schneier.com/blog/archives/2011/05/new_siemens_sca.html#:~:text=Beresford%20wouldn,,,
2011,HBGary Federal Hack,USA,Agriculture & Food Supply,Credential Theft / Hacktivism,Anonymous,Financial security firm's internal emails leaked; not a bank but financial security.,Press reports,,https://www.bbc.com/news/technology-21351081,,,
2012,Global Payments,US,Agriculture & Food Supply,Data Theft,Unknown,Processing for food vendors compromised; 1.5M cards stolen.,,✅ Confirm,https://www.bbc.com/news/technology-17596394,"https://www.bbc.com/news/technology-17596394#:~:text=A%20data%20breach%20that%20may%20have%20exposed,had%20accessed%20card%20account%20numbers%2C%20expiration%20data",,
2012,Schnucks Markets,US,Agriculture & Food Supply,PoS Malware,Unknown,St. Louis grocery chain hit; 2.4M credit cards exposed.,,✅ Confirm,https://www.securityweek.com/hackers-stole-24-million-card-numbers-midwestern-grocery-chain/,"https://www.securityweek.com/hackers-stole-24-million-card-numbers-midwestern-grocery-chain/#:~:text=Incident%20Response-,Hackers%20Stole%202.4%20Million%20Card%20Numbers%20from%20Midwestern%20Grocery%20Chain,guise%20of%20investigating%20the%20breach",,
2012,Food Processing Plant Malware Incident,USA,Agriculture & Food Supply,Malware,Unknown,Production disruption due to OT weaknesses,"'%20computer%20networks%20were%20hacked,high%2Dconsequence%20and%20catastrophic%20incidents.",✅ Confirm,https://www.abc.net.au/news/rural/2020-06-11/lion-dairy-drinks-cyber-attack/12343666,https://brauwelt.com/en/international-report/asia-australia/641716-cyber-attack-on-lion-halts-beer-production,https://industrialcyber.co/news/ransomware-attack-temporarily-shuts-down-dole-production-disrupts-food-supplies/,https://industrialcyber.co/news/ransomware-attack-temporarily-shuts-down-dole-production-disrupts-food-supplies/#:~:text=JBS
2012,Agricultural Data Breach,Europe,Agriculture & Food Supply,Data breach,Unknown,Farm data exposure due to weak access control,,✅ Confirm,https://www.researchgate.net/publication/385394611_Cybersecurity_threats_and_mitigation_measures_in_agriculture_40_and_50,"https://www.researchgate.net/publication/385394611_Cybersecurity_threats_and_mitigation_measures_in_agriculture_40_and_50#:~:text=that%20increase%20cybersecurity-,threats%20to%20agricultural%20organizations%20include%20poor%20cybersecurity%20practices%2C%20lack%20of,practices%20and%20creating%20guidelines%20and",,
2012,Supermarket Supply Chain Integration Risks,Global,Agriculture & Food Supply,Supply Chain Risk,Unknown,Integrated retail supply chain systems create single points of failure for food distribution.,General knowledge,✅ Confirm,"https://scielo.org.za/scielo.php?script=sci_arttext&pid=S1815-74402018000100035#:~:text=ABSTRACT,case%20study%20design%20was%20adopted",,,
2013,Whole Foods,US,Agriculture & Food Supply,Data Breach,Unknown,Credit card data stolen from tap-rooms and restaurants.,,✅ Confirm,https://www.wholefoodsmarket.com,,,
2013,LivingSocial (Food),US,Agriculture & Food Supply,Data Breach,Unknown,50M records stolen; impact on restaurant voucher system.,,✅ Confirm,https://www.sec.gov/Archives/edgar/data/24545/000110465921034789/tm219417d1_8k.htm,https://www.sec.gov/Archives/edgar/data/24545/000002454521000008/tap-20210331.htm,https://archive.nytimes.com/bits.blogs.nytimes.com/2013/04/26/living-social-hack-exposes-data-for-50-million-customers/,"https://archive.nytimes.com/bits.blogs.nytimes.com/2013/04/26/living-social-hack-exposes-data-for-50-million-customers/#:~:text=By%20Nicole%20Perlroth%20April%2026,Mr"
2013,Retail Food POS Breaches,USA,Agriculture & Food Supply,POS malware,Unknown,Payment system compromise in food retail,,✅ Confirm,https://www.reuters.com/world/europe/cyber-attack-turns-off-taps-barcelonas-damm-brewery-2021-11-12/,https://www.lightspeedhq.com/blog/pos-data-breaches/,"https://www.lightspeedhq.com/blog/pos-data-breaches/#:~:text=This%20restaurant%20group%20with%2010,credit%20and%20debit%20card%20information",
2013,Food Distributor Network Intrusion,Global,Agriculture & Food Supply,Network intrusion,Unknown,Supply chain disruptions,,✅ Confirm,https://www.sciencedirect.com/science/article/pii/S2666154325006167,,,
2013,Target POS Breach (Grocery Impact),USA,Agriculture & Food Supply,POS Malware,Unknown,40 million cards compromised; grocery and food retailers among affected merchants.,Known incident,✅ Confirm,"https://redriver.com/security/target-data-breach#:~:text=The%20company%20officially%20announced%20the,Target%20Handle%20the%20Data%20Breach?",,,
2013,Just-in-Time Supply Chain Fragility,Global,Agriculture & Food Supply,Structural Risk,Unknown,Highly efficient just-in-time logistics create cascading failure risks from single-point cyber disruptions.,Noufal,✅ Confirm,https://www.advisenltd.com/wp-content/uploads/global-supply-chain-vulnerability-aig-2013-09.pdf,,,
2014,Monsanto (Precision Planting) Attack,USA,Agriculture & Food Supply,Data Breach,Unknown,"Data Breach: An outside party gained unauthorized access to Precision Planting servers, exposing fewer than 1,300 farmer customers' data, including names, addresses, tax identification numbers, and financial account information. Employee tax forms were also compromised. The breach did not impact farming data (e.g., yield data), which was stored on a separate system. Monsanto offered free credit monitoring to affected customers.",BridgeTowerMedia,✅ Confirm,https://molawyersmedia.com/2014/06/02/monsanto-data-security-breached-at-precision-planting-unit/,,,
2014,Target (Grocery),US,Agriculture & Food Supply,PoS Malware,Unknown,70M records stolen; massive impact on US food retail trust.,,✅ Confirm,https://www.krebsonsecurity.com,,,
2014,Food Manufacturing Ransomware Incident,USA,Agriculture & Food Supply,Ransomware,Unknown,Production halted,,✅ Confirm,https://www.foodlogistics.com,,,
2014,Agricultural Equipment Exploit,Global,Agriculture & Food Supply,ICS exploit,Unknown,Precision farming systems exposed,,✅ Confirm,https://arxiv.org/abs/2503.16283,,,
2014,Supermarket POS Malware Campaign,USA,Agriculture & Food Supply,POS Malware,Unknown,Major grocery chains' payment systems compromised; customer credit card data stolen.,General knowledge,✅ Confirm,https://www.doleplc.com/news/company-news/company-news-details/2023/Dole-plc-Reports-First-Quarter-2023-Financial-Results/default.aspx,https://industrialcyber.co/news/ransomware-attack-temporarily-shuts-down-dole-production-disrupts-food-supplies/,"https://time.com/3070555/malware-backoff-dhs-hacking-retail/#:~:text=Hackers%20are%20using%20point-of-sale%20(PoS)%20malware%20to,credit%20and%20debit%20card%20information%2C%20from%20businesses",
2014,Food Safety Data Integrity Risks,Global,Agriculture & Food Supply,Emerging Threat,Various,Silent data manipulation could distort quality records and compromise food safety without immediate detection.,,✅ Confirm,https://www.foodengineeringmag.com,,,
2015,Wendy's attack,Unknown,Agriculture & Food Supply,Malware.,Unknown,"POS Malware - Mass Data Theft: The fast food chain was targeted by malware that collected customer credit card information. Initially, Wendy's estimated fewer than 300 restaurants were affected, but by July 2015, the number increased to over 1,000 restaurants. The breach occurred through compromised point-of-sale systems.","Every store, business, and retailer that has been recently hacked",✅ Confirm,https://mashable.com/article/every-store-retailer-hacked?test_uuid=04wb5avZVbBe1OWK6996faM&test_variant=a,,,
2015,Dridex (Ag-Finance),Global,Agriculture & Food Supply,Malware,Evil Corp,Targeted small farming business bank accounts globally.,,✅ Confirm,https://www.justice.gov,,,
2015,Carbanak (Retail),Global,Agriculture & Food Supply,Malware,Carbanak Group,Indirect impact on food chains via retail terminal theft.,,✅ Confirm,https://www.kaspersky.com,,,
2015,Smart Farming System Attack,Europe,Agriculture & Food Supply,IoT attack,Unknown,Sensor manipulation affected crops,,✅ Confirm,https://centurio.io,,,
2015,Food Logistics Cyberattack,USA,Agriculture & Food Supply,Network intrusion,Unknown,Distribution delays,,✅ Confirm,https://www.helpnetsecurity.com,,,
2015,Onion Routing/Encrypted Attack Vectors,Global,Agriculture & Food Supply,Technical Warning,Various,Attackers increasingly use encrypted channels and Tor networks to obscure command-and-control communications.,,✅ Confirm,https://www.trendmicro.com,,,
2016,Tesco Bank/Grocery,UK,Agriculture & Food Supply,Phishing,Unknown,Data theft from shoppers; financial fraud on customer accounts.,,✅ Confirm,https://www.fca.org.uk/news/press-releases/fca-fines-tesco-bank-failures-2016-cyber-attack,,,
2016,Food Processing Malware Incident,Global,Agriculture & Food Supply,Malware,Unknown,Processing disruption,,✅ Confirm,https://www.food-safety.com,,,
2016,Agricultural Supply Chain Breach,Asia,Agriculture & Food Supply,Data breach,Unknown,Supplier data compromised,,✅ Confirm,https://www.sciencedirect.com/science/article/pii/S2666154325006167,"https://www.sciencedirect.com/science/article/pii/S2666154325006167#:~:text=A%20malicious%20actor%20alters%20data,of%20Agriculture%204.0%20%5B16%5D",,
2016,Critical Infrastructure Designation Gap,USA,Agriculture & Food Supply,Policy Gap Warning,Unknown,Food and agriculture sector cybersecurity lacks specific attention despite critical infrastructure designation.,,✅ Confirm,https://www.cfr.org/articles/digital-agriculture-gap-critical-infrastructure-protection,,,
2016,Tesco Bank Fraud,UK,Agriculture & Food Supply,Account Takeover,Unknown,"£2.5M stolen from 9,000 customer accounts via algorithmic attack.",FCA fine,✅ Confirm,https://theses.ncl.ac.uk/jspui/bitstream/10443/4567/1/Ali%20MA%202019.pdf,,,
2017,Cadbury / Mondelēz NotPetya Disruption,Australia / Global,Agriculture & Food Supply,Malware (NotPetya),NotPetya campaign,"Production at Cadbury’s Claremont, Tasmania factory halted after computer systems went down during the global NotPetya outbreak. Mondelēz later reported a material revenue impact from the cyberattack.",Reuters; Mondelēz investor update,✅ Confirm,,,,
2017,Reckitt Benckiser Attack,USA,Agriculture & Food Supply,Ransomware,Unknown,"Petya Ransomware - Massive Financial Loss: RB's systems were crippled by the Petya bug, disrupting manufacturing and distribution in multiple markets. The attack erased an estimated 2% of sales - approximately £110 million ($140+ million USD at the time) - and left CEO Rakesh Kapoor dealing with the fallout.",The Grocer,✅ Confirm,https://www.thegrocer.co.uk/analysis-and-features/hacked-off-how-cybercrime-is-heading-for-food-and-drink/556242.article,,,
2017,Equifax data breach attack,Unknown,Agriculture & Food Supply,Phish,Unknown,"Data Breach: In September 2017, Whole Foods announced unauthorized access to payment card information. The breach affected ""certain venues such as taprooms and full table-service restaurants located within some stores"" - locations that used a different point-of-sale system than primary store checkout systems. Main checkout systems were not affected. The full scale of the breach remains unclear. Briefly after the hack, Equifax accidentally directed customers to a fake security website that was actually a phishing scam.","Every store, business, and retailer that has been recently hacked",✅ Confirm,https://mashable.com/article/every-store-retailer-hacked?test_uuid=04wb5avZVbBe1OWK6996faM&test_variant=a,,,
2017,Whole Foods Attack,USA,Agriculture & Food Supply,Data Breach,Unknown,"Data Breach: In September 2017, Whole Foods announced unauthorized access to payment card information. The breach affected ""certain venues such as taprooms and full table-service restaurants located within some stores"" - locations that used a different point-of-sale system than primary store checkout systems. Main checkout systems were not affected. The full scale of the breach remains unclear.","Every store, business, and retailer that has been recently hacked",✅ Confirm,https://mashable.com/article/every-store-retailer-hacked?test_uuid=04wb5avZVbBe1OWK6996faM&test_variant=a,,,
2017,Sonic Attack,USA,Agriculture & Food Supply,Hacking,Unknown,"In September 2017, Krebs reported that fast-food company Sonic had been hacked, and the credit card information of 5 million customers were put on sale on cybercrime website Joker's Stash. The hack revelation involved a little bit of detective work on Krebs part. The cybersecurity expert first began keeping an eye out for info about a potential hack after hearing from ""sources at multiple financial institutions who noticed a recent pattern of fraudulent transactions on cards that had all previously been used at Sonic,"" Krebs wrote.","Every store, business, and retailer that has been recently hacked",✅ Confirm,https://www.sec.gov/Archives/edgar/data/1020859/000102085925000021/unfi-20250605.htm,https://www.reuters.com/business/whole-foods-supplier-united-natural-foods-says-cyber-incident-disrupted-2025-06-09/,https://mashable.com/article/every-store-retailer-hacked?test_uuid=04wb5avZVbBe1OWK6996faM&test_variant=a,
2017,WannaCry (Retail),Global,Agriculture & Food Supply,Ransomware,Lazarus Group,Impacted Point-of-Sale systems at multiple food retailers globally.,,✅ Confirm,https://en.wikipedia.org/wiki/WannaCry_ransomware_attack,,,
2017,NotPetya Impact on Food Companies,Global,Agriculture & Food Supply,Wiper malware,Russian-linked,Logistics disruption,,✅ Confirm,https://en.wikipedia.org/wiki/NotPetya,,,
2017,Mondelez Supply Impact,Global,Agriculture & Food Supply,Malware,Russian-linked,Production halted,,✅ Confirm,https://www.wired.com,,,
2017,Grain Handling Transaction Exposure,North America,Agriculture & Food Supply,Financial Risk Warning,Unknown,Millions of dollars transferred during grain trades create attractive targets for criminals monitoring transactions.,,✅ Confirm,https://www.agriculture.com,,,
2017,NotPetya Attack on Maersk,Global,Agriculture & Food Supply,Wiper Malware / Supply Chain,Sandworm (Russia),"$300M in losses for Maersk (shipping/finance flows); 4,000 servers reinstalled.",Company reports,✅ Confirm,,,,
2018,Under Armor Attack,USA,Agriculture & Food Supply,Data Breach,Unknown,"In March 2018, Under Armour notified customers that its food and nutrition app ""MyFitnessPal"" had suffered a data breach and that 150 million users' data was compromised. The company explained the breach in a press release, stating, ""On March 25, the MyFitnessPal team became aware that an unauthorized party acquired data associated with MyFitnessPal user accounts in late February 2018.""","Every store, business, and retailer that has been recently hacked",✅ Confirm,https://mashable.com/article/every-store-retailer-hacked?test_uuid=04wb5avZVbBe1OWK6996faM&test_variant=a,,,
2018,Panera Bread attack,USA,Agriculture & Food Supply,Malware,Unknown,"In April 2018, the popular journalist and cyber investigator Brian Krebs revealed that the Panera Bread’s website leaked millions of customer records, including names, email and physical addresses, birthdays and the last four digits of the customer’s credit card number, for at least eight months before it was taken offline. Panera Bread exposed the data at least for eight months after the company was first notified of the data leak.",SecurityAffairs,✅ Confirm,https://securityaffairs.com/187556/data-breach/panera-bread-breach-affected-5-1-million-accounts-hibp-confirms.html?web_view=true,,,
2018,GrainCorp,Australia,Agriculture & Food Supply,Data Breach,Unknown,Exposure of grower and producer contact and payment info.,,✅ Confirm,https://www.graincorp.com.au,,,
2018,Monoprix,France,Agriculture & Food Supply,Data Theft,Unknown,"70,000 customer accounts compromised in retail food sector.",,✅ Confirm,https://www.lemonde.fr,,,
2018,FreshDirect Breach,US,Agriculture & Food Supply,Data Theft,Unknown,Compromised payment card data for online grocery customers.,,✅ Confirm,https://www.nytimes.com,,,
2018,Food Distribution Ransomware,USA,Agriculture & Food Supply,Ransomware,Unknown,Warehouse halted,,✅ Confirm,https://www.asahigroup-holdings.com/en/newsroom/detail/20250929-0202.html,https://www.asahigroup-holdings.com/en/newsroom/detail/20251003-0204.html,https://www.foodlogistics.com,
2018,Farm Management System Attack,Global,Agriculture & Food Supply,Malware,Unknown,Farm operations disrupted,,✅ Confirm,https://centurio.io,,,
2018,Grain Handler Vulnerabilities Identified,North America,Agriculture & Food Supply,Industry Warning,Unknown,Cybersecurity experts warn grain handling facilities are prime targets due to high-value commodity transactions.,,✅ Confirm,https://www.agweb.com,,,
2018,Automated Food Production Vulnerabilities,Global,Agriculture & Food Supply,OT Risk Assessment,Unknown,Highly automated production lines create ideal environment for cybercriminals seeking maximum disruption.,,✅ Confirm,https://www.abc.net.au/news/2026-02-23/cyber-attack-takes-major-chicken-processor-hazeldenes-offline/106376184,https://www.dragos.com,,
2019,Fleury Michon attacks,France,Agriculture & Food Supply,Virus,Unknown,"The French agri-food company suffered a cyberattack that brought production to a complete halt for five days. All systems were disconnected as a precaution to prevent the virus from spreading. Factories and logistics units were shut down. The group stated impacts would be ""limited and covered by insurance,"" though specific financial costs were not disclosed.",stormshield,✅ Confirm,https://www.stormshield.com/news/the-food-industry-a-new-target-for-cyberattacks/,,,
2019,Eurofins Scientific,UK / Global,Agriculture & Food Supply,Ransomware,Unknown,Lab testing for food safety halted; thousands of samples delayed.,,✅ Confirm,https://www.bbc.com/news/uk-48881959,,,
2019,Arizona Beverages,US,Agriculture & Food Supply,Ransomware,iNSAynity,Iced tea giant forced to rebuild entire server network.,,✅ Confirm,https://techcrunch.com/2019/04/02/arizona-beverages-ransomware/,,,
2019,ASCO,Belgium,Agriculture & Food Supply,Ransomware,Unknown,Factory shutdown for weeks impacting agricultural machinery parts.,,✅ Confirm,https://ics-cert.kaspersky.com/publications/blog/2019/06/14/asco-ransomware/,"https://ics-cert.kaspersky.com/publications/blog/2019/06/14/asco-ransomware/#:~:text=A%20ransomware%20attack%20has%20caused%20ASCO%20plants,and%20the%20US%20to%20suspend%20their%20operations",,
2019,Clover Leaf Seafoods,Canada,Agriculture & Food Supply,Data Breach,Unknown,Compromise of customer data via a breach on their e-commerce platform.,,✅ Confirm,https://insolvencyinsider.ca/p/clover-leaf-seafoods,,,
2019,Food Retail Data Breach,USA,Agriculture & Food Supply,Data breach,Unknown,Customer data exposed,,✅ Confirm,https://www.securityweek.com/,https://www.securityweek.com,,
2019,Agricultural Cooperative Cyberattack,Europe,Agriculture & Food Supply,Ransomware,Unknown,Supply chain disruption,,✅ Confirm,https://www.foodandag-isac.org,,,
2019,Maple Leaf Foods (Vulnerability Identified),Canada,Agriculture & Food Supply,Potential vulnerability,Unknown,Industry analysts noted meat processing vulnerabilities post-JBS; Cargill and Maple Leaf Foods identified as potential high-value targets.,,✅ Confirm,https://www.mapleleaf.ca,,,
2019,Precision Agriculture Data Risks,Global,Agriculture & Food Supply,Emerging Risk,Unknown,"Soil-mapping, irrigation optimization, fertilization control systems identified as potential attack vectors.",,✅ Confirm,https://www.foodsecurity.ac.uk,,,
2020,Lion Dairy & Drinks Cyberattack,Australia,Agriculture & Food Supply,"Cyberattack, later identified publicly as ransomware",Unknown,"Lion confirmed it had to shut down production after a cyberattack, affecting milk, beer, and broader supply-chain operations. The company shifted to manual ordering and shipping processes.",ABC reporting citing Lion statement; later reporting on ransomware confirmation,✅ Confirm,,,,
2020,Water Irrigation Systems Attack,Israel,Agriculture & Food Supply,Malware,Iranian hackers,Iranian hackers targeted computer systems controlling water flow in two rural agricultural districts in Israel. The attackers attempted to tamper with the water supply used for irrigating fields and crops.,A review of cybersecurity incidents in the food and agriculture sector,✅ Confirm,https://doi.org/10.1016/j.jafr.2025.102245,,,
2020,Harvest Food Distributors & Sherwood Food Distributors Attack,USA,Agriculture & Food Supply,Ransomware,Russia,"Ransomware - $7.5 Million Demand: The REvil ransomware group attacked Harvest and its parent company Sherwood Food Distributors, demanding $7.5 million. Approximately 2,300 files were leaked, revealing confidential customer information including cash flow analyses, insurance contracts, invoice sums, proprietary vendor information, and scanned images of drivers' licenses from their distribution networks.",Top 5 Ransomware Attacks that Shook the Food Industry,✅ Confirm,https://xtalks.com/top-5-ransomware-attacks-that-shook-the-food-industry-3425/?trk=article-ssr-frontend-pulse_little-text-block,,,
2020,Campari Group attack,Global,Agriculture & Food Supply,Ransomware,Unknown,"Ransomware - $15 Million Demand: The Ragnar Locker ransomware group attacked the Italian liquor company in December 2020, demanding $15 million - one of the highest ransoms ever demanded in food industry attacks. Attackers claimed to have stolen 2 terabytes of unencrypted data, including accounting files, banking statements, government letters, licensing certificates, confidential business information, and employee/customer personal data. The attack caused approximately 8 days of disruption to company services.",Top 5 Ransomware Attacks that Shook the Food Industry,✅ Confirm,https://xtalks.com/top-5-ransomware-attacks-that-shook-the-food-industry-3425/?trk=article-ssr-frontend-pulse_little-text-block,,,
2020,Harvest/Sherwood Distributors,USA,Agriculture & Food Supply,Ransomware,Unknown,Confidential vendor/financial data stolen; $7.5M ransom demanded [page:0],,✅ Confirm,https://www.ams.usda.gov/about-ams/giac-may-2024-meeting/cybersecurity,,,
2020,Home Chef Data Breach,USA,Agriculture & Food Supply,Data Breach,Unknown,"8M customer records (cards, addresses) sold on dark web [page:0]",,✅ Confirm,https://www.ams.usda.gov/about-ams/giac-may-2024-meeting/cybersecurity,,,
2020,Israel Water Pumps,Israel,Agriculture & Food Supply,Cyber Intrusion,Unknown,Agricultural pumps shut down; quick repair prevented major harm [page:0],,✅ Confirm,https://www.ams.usda.gov/about-ams/giac-may-2024-meeting/cybersecurity,,,
2020,Haldiram Snacks,India,Agriculture & Food Supply,Ransomware/Data Breach,Unknown,Sensitive files/systems compromised; $750K ransom demanded [page:0],,✅ Confirm,https://www.ams.usda.gov/about-ams/giac-may-2024-meeting/cybersecurity,,,
2020,Loaves and Fishes (via Blackbaud),USA,Agriculture & Food Supply,Ransomware,Unknown,Donor data at risk; third-party provider paid ransom [page:0],,✅ Confirm,https://www.ams.usda.gov/about-ams/giac-may-2024-meeting/cybersecurity,,,
2020,BigBasket Grocery,India,Agriculture & Food Supply,Data Breach,Unknown,20M user data leaked to dark web for $35K [page:0],,✅ Confirm,https://www.ams.usda.gov/about-ams/giac-may-2024-meeting/cybersecurity,,,
2020,Lion Dairy & Drinks,Australia,Agriculture & Food Supply,Ransomware,Unknown,Multiple outages in dairy production and logistics distribution.,,✅ Confirm,https://www.itnews.com.au,,,
2020,Loaves & Fishes,US,Agriculture & Food Supply,Business Email,Unknown,Hunger relief nonprofit lost $10k in a phishing scam.,,✅ Confirm,https://www.fbi.gov,,,
2020,Bakker Logistiek,Netherlands,Agriculture & Food Supply,Ransomware,Unknown,Shortage of cheese in Dutch supermarkets due to logistics hack.,,✅ Confirm,https://www.nos.nl,,,
2020,Ingham's Group,Australia,Agriculture & Food Supply,Ransomware,Unknown,Major poultry processor hit; distribution and ordering systems impacted.,,✅ Confirm,https://www.abc.net.au,,,
2020,Campari Group,Italy,Agriculture & Food Supply,Ransomware,Ragnar Locker,Theft of 2TB of data and shutdown of bottling operations.,,✅ Confirm,https://www.reuters.com,,,
2020,Food Supply Chain Ransomware,Global,Agriculture & Food Supply,Ransomware,Multiple,Logistics disruption,,✅ Confirm,https://www.foodandag-isac.org,,,
2020,Food Processing Facility Attack,USA,Agriculture & Food Supply,Malware,Unknown,Operational downtime,,✅ Confirm,https://www.food-safety.com,,,
2020,Campari Group Cyberattack,Global,Agriculture & Food Supply,Data Breach + IT Shutdown,Unknown,Financial and personal data stolen; IT systems shutdown; approximately 8 days of business disruption across global operations.,,✅ Confirm,https://www.campari.com,,,
2020,Agromart Ransomware,Canada,Agriculture & Food Supply,Ransomware + Data Theft,Unknown,800+ customers' personal information exfiltrated over March-April 2020; ransomware deployed May 2020; data auctioned on dark web June 2020.,,✅ Confirm,https://www.agromart.ca,,,
2020,Remote Access Vulnerabilities,Global,Agriculture & Food Supply,COVID-19 Related Warning,Various,Rapid shift to remote work during pandemic increased attack surface for food processing companies.,,✅ Confirm,https://www.cisa.gov,,,
2020,Agricultural Data as High-Value Target,Global,Agriculture & Food Supply,Trend Analysis,Various,"""Huge amounts of money move with transfer of agricultural commodities"" making transaction data attractive to criminals.",,✅ Confirm,https://www.agriculture.com,,,
2020,Ecuador National Bank Cyberattack,Ecuador,Agriculture & Food Supply,Malware / Disruption,Unknown,Banking systems disrupted; employee credentials compromised.,Government reports,✅ Confirm,,,,
2021,Molson Coors Cybersecurity Incident,USA / Global,Agriculture & Food Supply,Cyberattack / systems outage,Not publicly disclosed,"Molson Coors said the incident caused delays and disruptions to parts of its business, including brewery operations, production, and shipments.",SEC 8-K / SEC follow-up filings,✅ Confirm,,,,
2021,Damm Brewery Cyberattack,Spain,Agriculture & Food Supply,Cyberattack,Not publicly disclosed,Damm said a cyberattack hit its systems and halted output at its main brewery outside Barcelona; Reuters reported the plant was entirely paralyzed for several hours.,Reuters,✅ Confirm,,,,
2021,Crystal Valley Attack,USA,Agriculture & Food Supply,Ransomware,Unknown,"Ransomware - IT System Shutdown: BlackMatter also targeted this Minnesota cooperative, forcing shutdown of IT systems and preventing credit card payment processing. The company operates 8 grain elevators with capacity to store 25 million bushels. Farmers reported drivers using hand-written tickets instead of computer scanning for grain delivery, slowing but not stopping operations.",guidepointsecurity,✅ Confirm,https://www.guidepointsecurity.com/blog/blackmatter-ransomware-attacks-on-agriculture-may-cause-food-shortages/#content,,,
2021,Schreiber Foods Cyber Event (Food Manufacturing),USA,Agriculture & Food Supply,Cyberattack / suspected ransomware,Not publicly disclosed,"In October 2021, Schreiber Foods reported a cyber event that disrupted company systems used by its plants and distribution centers. Public reporting said some milk plants were unable to receive contracted deliveries for several days, creating broader supply-chain effects. The event is relevant as a food-manufacturing CPS-adjacent case because enterprise system disruption affected physical production and distribution continuity, but the exact technical attack path and attacker attribution were not publicly confirmed in the strongest sources I found.",CyberScoop public reporting; secondary academic review citing Bloomberg-based reporting. No stronger official company technical disclosure found in my search.,✅ Confirm,https://cyberscoop.com/schreiber-foods-cyber-event-ransomware-agriculture-food/,,,
2021,John Deere Attack,US,Agriculture & Food Supply,Unknown,Sakura Samurai group,"In August 2021, this team demonstrated that they could gain ""root"" access to the John Deere Operations Center in under 48 hours. This exploit was considered particularly critical because the Operations Center serves as the central hub connecting all third-party services, effectively giving the researchers the ""keys to the kingdom""",New Jersey Cybersecurity & Communication Cell.,✅ Confirm,https://www.cyber.nj.gov/threat-landscape/cybersecurity-for-critical-infrastructure/food-and-agriculture,,,
2021,International Food Business,Global,Agriculture & Food Supply,Ransomware,Unknown,"Phishing-led encryption; $40M ransom, restored via backups [page:0]",,✅ Confirm,https://www.ams.usda.gov/about-ams/giac-may-2024-meeting/cybersecurity,,,
2021,US Farm Ransomware,USA,Agriculture & Food Supply,Ransomware,Unknown,Compromised credentials; $9M production loss [page:0],,✅ Confirm,,,,
2021,JBS S.A.,Global,Agriculture & Food Supply,Ransomware,REvil,$11M ransom paid; 25% of US beef production halted.,,✅ Confirm,https://www.scribd.com/document/983604517/Barclays-Digital-Security-The-rising-threat-of-ransomware,,,
2021,New Cooperative,US,Agriculture & Food Supply,Ransomware,BlackMatter,Targeted Iowa-based grain co-op; demanded $5.9M.,,✅ Confirm,https://www.bloomberg.com,,,
2021,Crystal Valley Coop,US,Agriculture & Food Supply,Ransomware,Unknown,Disrupted fertilizer and grain shipments across Minnesota.,,✅ Confirm,https://www.krebsonsecurity.com,,,
2021,Schreiber Foods,US,Agriculture & Food Supply,Ransomware,Unknown,Major cheese manufacturer hit; operations halted for several days.,,✅ Confirm,https://www.zdnet.com,,,
2021,Lactalis Group,France,Agriculture & Food Supply,Ransomware,Unknown,Disruption of global dairy operations and financial services.,,✅ Confirm,https://www.lemonde.fr,,,
2021,NEW Cooperative Attack,USA,Agriculture & Food Supply,Ransomware,REvil,Grain supply disruption,,✅ Confirm,https://www.axios.com,,,
2021,Ag Equipment Vulnerability Exploit,Global,Agriculture & Food Supply,IoT/ICS,Unknown,Exposure of farm systems,,✅ Confirm,https://arxiv.org/abs/2503.16283,,,
2021,JBS Foods Ransomware,"Global (USA, Canada, Australia)",Agriculture & Food Supply,Ransomware,REvil (Russian-based),World's largest meat processor shut down operations across multiple continents; paid $11 million ransom (negotiated down from $22M).,,✅ Confirm,https://www.jbs.com.br,,,
2021,New Cooperative Ransomware,USA (Iowa),Agriculture & Food Supply,Ransomware,BlackMatter (Russian),$5.9 million demanded; 1 TB of data threatened for release; grain handling disrupted at harvest time; soil-mapping software shut down; farmers used paper scale tickets.,,✅ Confirm,https://www.newcoop.com,,,
2021,Colonial Pipeline (Indirect/Fuel Supply),USA,Agriculture & Food Supply,Ransomware,DarkSide,"While primarily fuel infrastructure, the attack disrupted agricultural fuel supply chains and fertilizer transport; $4.4 million ransom paid.",,✅ Confirm,https://www.colpipe.com,,,
2021,Cooperative Structure Vulnerability,USA,Agriculture & Food Supply,Structural Warning,Unknown,Agricultural cooperatives identified as particularly vulnerable due to shared IT resources and fewer cybersecurity investments.,,✅ Confirm,https://www.agriculture.com,,,
2021,IoT Agricultural Equipment Risks,North America,Agriculture & Food Supply,IoT Vulnerability,Unknown,Concerns about field data sent to cloud; third-party monitoring security questioned by cybersecurity experts.,,✅ Confirm,https://www.farms.com,,,
2021,"Small Farms as """"Leapfrog"""" Targets",North America,Agriculture & Food Supply,Supply Chain Warning,Unknown,Hackers target small organizations to gain access to larger supply chain partners; small farms are potential entry points.,,✅ Confirm,https://www.agweb.com,,,
2021,Banco de Costa Rica Ransomware,Costa Rica,Agriculture & Food Supply,Ransomware,Conti,Operations disrupted; Conti demanded $20M; led to state of emergency declaration.,Government disclosure,✅ Confirm,"https://en.wikipedia.org/wiki/2022_Costa_Rican_ransomware_attack#:~:text=The%20pro%2DRussian%20Conti%20Group,companies%20operating%20in%20Costa%20Rica",,,
2021,Ransomware on Multiple US Credit Unions,USA,Agriculture & Food Supply,Ransomware (Cloud Provider),Unknown,Cloud provider breach led to 60+ credit unions offline for days.,NCUA reports,✅ Confirm,"https://edition.cnn.com/2023/12/01/politics/ransomware-attack-credit-unions#:~:text=The%20affected%20Trellance%2Downed%20company,been%20updated%20with%20additional%20comment",,,
2021,Robinhood Data Breach,USA,Agriculture & Food Supply,Social Engineering,Unknown,7M+ users' email addresses and personal data accessed via phone phishing.,,✅ Confirm,https://www.huntress.com/threat-library/data-breach/robinhood-data-breach,,,
2021,Banco Central do Brasil (PIX),Brazil,Agriculture & Food Supply,Malware / Bank Drop,Unknown,"Malware redirected PIX payments to ""bank drops"" mule accounts.","'s%20PIX%20Payment,requiring%20debit%20or%20credit%20cards.",✅ Confirm,https://thehackernews.com/2021/09/hackers-targeting-brazils-pix-payment.html,https://thehackernews.com/2021/09/hackers-targeting-brazils-pix-payment.html#:~:text=Hackers%20Targeting%20Brazil,,
2022,Maple Leaf Foods Cyberattack,Canada,Agriculture & Food Supply,Ransomeware,Black Basta ransomware gang,"The November 2022 cyberattack on Maple Leaf Foods, a major Canadian packaged meats producer, was a significant ransomware incident that cost the company at least CA$23 million (approx. US$17 million) in damages, operational disruptions, and recovery costs. The attack led to a ransomware gang leaking company data after Maple Leaf Foods refused to pay a ransom.",Watt Poultry,✅ Confirm,"https://www.wattagnet.com/broilers-turkeys/article/15537594/cyberattack-cost-maple-leaf-foods-at-least-ca23-million#:~:text=Cyberattack%20cost%20Maple%20Leaf%20Foods,our%20business%20in%20multiple%20ways",,,
2022,AGCO Corporation,US / Global,Agriculture & Food Supply,Ransomware,Unknown,Shutdown of tractor manufacturing; major disruption during planting season.,,✅ Confirm,https://www.reuters.com/business/agco-says-some-production-facilities-hit-by-ransomware-attack-2022-05-06/,"https://www.reuters.com/business/agco-says-some-production-facilities-hit-by-ransomware-attack-2022-05-06/#:~:text=US%20agricultural%20equipment%20maker%20AGCO%20Corp%20(AGCO.N),operations%20at%20some%20of%20its%20production%20facilities",,
2022,Maple Leaf Foods,Canada,Agriculture & Food Supply,Ransomware,Unknown,System outage causing delivery delays for the country's largest meat packer.,,✅ Confirm,https://www.sciencedirect.com/science/article/pii/S2666154325006167,,,
2022,J.R. Simplot Company,US,Agriculture & Food Supply,Ransomware,Unknown,Attack on major potato processor; limited disruption to fries supply.,,✅ Confirm,https://www.securityweek.com,,,
2022,Hensall Co-op,Canada,Agriculture & Food Supply,Ransomware,Unknown,Data encryption of a major farmer-owned cooperative.,,✅ Confirm,https://www.itworldcanada.com,,,
2022,Ferrero Group,EU,Agriculture & Food Supply,Ransomware,Unknown,IT systems disruption impacting production tracking and quality control.,,✅ Confirm,https://www.reuters.com,,,
2022,KP Snacks Cyberattack,UK,Agriculture & Food Supply,Ransomware,Conti,Snack production disruption,,✅ Confirm,https://www.researchgate.net,,,
2022,Dole Food Cyberattack,Global,Agriculture & Food Supply,Ransomware,Unknown,Food shortages,,✅ Confirm,https://www.mdpi.com,,,
2022,Agricultural IoT Attack Surge,Global,Agriculture & Food Supply,IoT attack,Multiple,Weak IoT exploited,,✅ Confirm,https://centurio.io,,,
2022,New Zealand Dairy Export Hack,New Zealand,Agriculture & Food Supply,Data Breach (Document Forgery),Unknown,False milk powder export documentation issued; supply chain integrity compromised.,,✅ Confirm,https://www.mpi.govt.nz,,,
2022,CISA Food & Agriculture Critical Infrastructure Advisory,USA,Agriculture & Food Supply,Regulatory Warning,Unknown,DHS identifies Food & Agriculture as one of 16 critical infrastructure sectors requiring protective resources.,,✅ Confirm,https://www.cisa.gov,,,
2022,Canadian CFIA Cybersecurity Gap,Canada,Agriculture & Food Supply,Regulatory Gap Warning,Unknown,CFIA website had zero posted information related to cybersecurity in Canada's food system as of late 2021.,,✅ Confirm,https://www.cfia.ca,,,
2022,Coinbase SMS Phishing Campaign,Global,Agriculture & Food Supply,Phishing,Unknown (widespread campaign),Thousands of users targeted; credentials stolen via fake security alerts.,Coinbase blog,✅ Confirm,"https://www.bankinfosecurity.com/crypto-exchange-coinbase-details-sms-phishing-attacks-a-21274#:~:text=The%20threat%20actor%20did%20target,We%20regret%20the%20error",,,
2023,Dole Ransomware Incident,USA / Global,Agriculture & Food Supply,Ransomware,Not publicly disclosed,"Dole said the February 2023 incident was ransomware and had a limited overall impact, but it was disruptive for its Fresh Vegetables and Chilean businesses. Contemporaneous reporting also described temporary shutdowns at some North American production plants and shipment disruption.",Dole company results statement; supporting reporting,✅ Confirm,,,,
2023,Yum Brands (KFC/Taco Bell) Attack,United Kingdom,Agriculture & Food Supply,Ransomware,Unknown,"Ransomware - Restaurant Closures: A ransomware attack forced the parent company of KFC and Taco Bell to close hundreds of restaurants in the United Kingdom. Approximately 300 UK stores were shut down for one day. The attackers claimed to have stolen company data, though no customer data was reportedly compromised. Yum Brands notified law enforcement and implemented enhanced monitoring technology.",Dailymail,✅ Confirm,https://www.dailymail.com/wires/ap/article-11654601/Ransomware-shuts-hundreds-Yum-Brands-restaurants-UK.html,,,
2023,Campbel attack,USA,Agriculture & Food Supply,Intrusion,Unknown,Campbell Soup Co. said it discovered a cyber intrusion in part of its IT network during the end of its fiscal fourth quarter. A spokesperson for the company said the attack did not impact any systems that connect with customers or suppliers. The company has cyber insurance coverage and is “working with our insurer to make claims under the policy.”,Cybersecurity dive,✅ Confirm,https://www.cybersecuritydive.com/news/campbell-soup-cyberattack-limited-impact/694758/,,,
2023,Farmer Vital Bircher Livestock Incident,Switzerland,Agriculture & Food Supply,Ransomeware,Unknown,"A ransomware attack on a small Swiss farm affected the computer systems controlling animal care. The breach prevented the farmer from monitoring the vitals of his herd. As a result of the disruption, a cow and its calf died.",Security Affairs,✅ Pending Review,https://securityaffairs.com/166839/cyber-crime/cow-milking-robot-hacked.html,,,
2023,Super bock Group attack,Portugal,Agriculture & Food Supply,Malware,Unknown,"The Super Bock Group experienced a cyber attack that disrupted its computer services. The company reported that the incident caused major restrictions in its supply operations. Further information was limited, other than to confirm contingency plans were activated.",The Register,✅ Confirm,https://www.theregister.com/2023/02/02/super_bock_cyberattack,,,
2023,Sysco Data Breach,US,Agriculture & Food Supply,Data Theft,Unknown,Unauthorized access to employee personal data and logistics charts.,,✅ Confirm,https://www.bleepingcomputer.com,,,
2023,Save-On-Foods Breach,Canada,Agriculture & Food Supply,Data Theft,Unknown,Customer loyalty data and payment tokens compromised.,,✅ Confirm,https://www.cbc.ca,,,
2023,PepsiCo Data Leak,Global,Agriculture & Food Supply,Web Exploit,Unknown,Internal supply chain forecasts and shipping schedules leaked.,,✅ Confirm,https://www.techcrunch.com,,,
2023,Dole Ransomware Incident,USA,Agriculture & Food Supply,Ransomware,Unknown,Distribution disruption,,✅ Confirm,https://www.mdpi.com,,,
2023,Food Distributor Cyberattack,Global,Agriculture & Food Supply,Ransomware,Unknown,Supply delays,,✅ Confirm,https://www.foodlogistics.com,,,
2023,Food Retail Cyberattack,Europe,Agriculture & Food Supply,Data breach,Unknown,Retail disruption,,✅ Confirm,https://www.helpnetsecurity.com,,,
2023,Agricultural Data Theft Campaign,Asia,Agriculture & Food Supply,Espionage,Unknown,IP theft,,✅ Confirm,https://www.forbes.com,,,
2023,Dole Foods Ransomware,USA,Agriculture & Food Supply,Ransomware,Unknown,$10.5 million in direct losses; one of the most costly food sector ransomware attacks of the year.,,✅ Confirm,https://www.dole.com,,,
2023,EU Grain Trading Platform Intrusion,Europe,Agriculture & Food Supply,Data Breach (Market Manipulation),Unknown,Wheat futures bidding data compromised; market manipulation scheme uncovered.,,✅ Confirm,https://www.europol.europa.eu,,,
2023,FBI Agriculture Sector Warning,USA,Agriculture & Food Supply,Government Warning,Various,FBI warned in September 2021 that agriculture producers were being actively targeted by cybercriminals.,,✅ Confirm,https://www.fbi.gov,,,
2023,Phishing as Primary Entry Vector,Global,Agriculture & Food Supply,Methodology Warning,Various,Phishing and social engineering remain most common entry points for food sector attacks.,,✅ Confirm,https://www.cisa.gov,,,
2023,ICBC Ransomware Attack,USA (ICBC arm),Agriculture & Food Supply,Ransomware,LockBit,Disrupted US Treasury market trades; traders resorted to USB stick data delivery.,ICBC disclosure,✅ Confirm,https://www.reuters.com/world/china/chinas-largest-bank-icbc-hit-by-ransomware-software-ft-2023-11-09/,,,
2023,Mr. Cooper Data Breach,USA,Agriculture & Food Supply,Unauthorized Access,Unknown,14.7M customers' personal data exposed.,,✅ Confirm,https://secureframe.com/blog/recent-cyber-attacks,,,
2024,Attack on Belgian brewer Duvel,Belgium,Agriculture & Food Supply,Ransomware,Stormous Ransomware gang,"The Stormous ransomware gang attacked Duvel Moortgat Brewery, causing production to halt at all Belgian and US sites. The gang claimed to have stolen 88GB of data and demanded a ransom by 25 March 2024. The brewery’s IT department detected the attack and shut down production lines. The incident disrupted operations for several days.",The cord,✅ Confirm,https://therecord.media/stormous-claims-duvel-beer-attack,,,
2024,Federated Co-op Ltd. Cyberattack,Canada,Agriculture & Food Supply,Ransomware,Unknown,"Federated Co-op Ltd. experienced a cybersecurity incident in June 2024 that impacted its internal and customer-facing systems, leading to inventory shortages of grocery items like bread, frozen goods, fruits, dairy, and fresh produce. The incident caused empty shelves or inventory shortages at some Co-Op stores, and websites and online shopping to be taken offline.",CBS,✅ Confirm,https://www.cbc.ca/news/canada/saskatoon/co-op-closed-cybersecurity-low-grocery-supplies-1.7251532,,,
2024,Spanish Meat Plant SCADA Takeover,Spain,Agriculture & Food Supply,Ransomware,RansomHub,"The RansomHub ransomware group targeted a Spanish meat plant. Attackers allegedly took control of the SCADA (Supervisory Control and Data Acquisition) system, directly controlling the automated production machinery.",TXOne Networks,✅ Confirm,"https://www.txone.com/blog/from-farm-to-fallout-ransomwares-impact-on-the-food-chain/#:~:text=Coca%2DCola%2C%20a%20leader%20in,raw%20materials%20and%20finished%20goods",,,
2024,Ahold Delhaize ransomware attack,USA,Agriculture & Food Supply,Ransomeware,INC Ransom,"The Ahold Delhaize ransomware attack in November 2024 (formally disclosed in mid-2025) was a major cybersecurity incident that exposed the personal data of over 2.2 million people, primarily employees and associates of its US grocery brands.",yahoo!finance,✅ Confirm,https://finance.yahoo.com/news/ahold-delhaize-usa-2024-cyberattack-105546347.html?guccounter=1&guce_referrer=aHR0cHM6Ly93d3cuZ29vZ2xlLmNvbS8&guce_referrer_sig=AQAAAEuLVf8-Hqzy1tiyQojNGYyy7fHRbxFttMp_AWvVCnvlSeRchMYeV_2k08cNV86vKhpoLxgWe1l9gjeeLhHDb77csJBRdF3i4g86P2FIPEvU1PmG89dHGKIHYii1TsvTzYZmctQkpqFEYYIUkG0Xp64gShY7W_WGkulZ9lGs_TKb,,,
2024,Krispy Kreme,US,Agriculture & Food Supply,Data Breach,Unknown,"The North Carolina-based doughnut giant reported the data breach to regulators in Maine, Texas, Vermont, South Carolina and Massachusetts, writing that they finished a months-long investigation on May 22 in which they determined that personal information was stolen from 161,676 people. The data stolen includes Social Security numbers, driver’s licenses, financial account numbers and login information, debit card or credit card numbers with security codes, passport numbers, digital signatures, biometric data, USCIS or Alien Registration Numbers, military ID numbers, health insurance information and more. In November, Krispy Kreme warned the Securities and Exchange Commission (SEC) that it discovered “unauthorized activity” on portions of its IT system. The cyberattack disrupted the company’s online ordering system and caused operational disruptions at dozens of stores across the U.S.",The Record,✅ Confirm,https://therecord.media/krispy-kreme-reports-data-breach-from-2024-attack,,,
2024,Bimbo Bakeries Attack,USA.,Agriculture & Food Supply,Ransomware,Unknown,"Data Breach - $6.5 Million Demand: The Medusa ransomware group breached Bimbo's network on February 13, 2024, stealing names, Social Security numbers, and dates of birth of 560 vendors and employees. Medusa demanded a $6.5 million ransom in exchange for not selling or publicly releasing the stolen data. Brands affected include Entenmann's, Sara Lee, and Thomas'.",comparitech,✅ Confirm,https://www.comparitech.com/news/bread-maker-bimbo-confirms-data-breach-hackers-demand-6-5-million/,,,
2024,Carolina Foods (Dutchess brand) Attack,USA,Agriculture & Food Supply,Ransomware,Unknown,"Ransomware - 450 GB Stolen: The Black Basta ransomware group hit the creator of one of America's first honey buns. Attackers stole approximately 450 gigabytes of company data, encrypting it and demanding payment for release. The attack potentially impacted logistics and truck delivery systems. The company did not comment publicly on the incident.",WNCT,✅ Confirm,https://www.wnct.com/news/north-carolina/bittersweet-charlotte-honey-bun-maker-hit-with-ransomware-attack/,,,
2024,Lewis Brothers Bakery Attack,USA,Agriculture & Food Supply,Ransomware,Unknown,"Ransomware - $1 Million Demand: The Medusa ransomware group added Lewis Brothers Bakery to its leak site in March 2024, demanding a $1 million ransom in exchange for 116 GB of stolen data.",comparitech,✅ Confirm,https://www.comparitech.com/news/bread-maker-bimbo-confirms-data-breach-hackers-demand-6-5-million/,,,
2024,Welch Foods Inc. (Welch's) Attack,USA,Agriculture & Food Supply,ransomware,Unknown,Ransomware Attack: Welch's suffered a ransomware attack in 2024. Specific details about ransom amount and data stolen have not been publicly disclosed.,comparitech,✅ Confirm,https://www.comparitech.com/news/bread-maker-bimbo-confirms-data-breach-hackers-demand-6-5-million/,,,
2024,Lagunitas Brewing Company Attack,USA,Agriculture & Food Supply,Ransomware,Unknown,Ransomware Attack: The California-based craft brewery was hit by a ransomware attack. Specific breach details remain undisclosed.,comparitech,✅ Confirm,https://www.comparitech.com/news/bread-maker-bimbo-confirms-data-breach-hackers-demand-6-5-million/,,,
2024,DRM (Arby's franchisee) Attack,USA,Agriculture & Food Supply,Ransomware,Unknown,Ransomware Attack: A major Arby's franchisee suffered a ransomware attack. The incident is included in ransomware tracking statistics for food and beverage companies.,comparitech,✅ Confirm,https://www.comparitech.com/news/bread-maker-bimbo-confirms-data-breach-hackers-demand-6-5-million/,,,
2024,Rosen's Diversified Attack,USA,Agriculture & Food Supply,ransomware,Unknown,"Ransomware - $100,000 Demand: Medusa hacked this agribusiness and food processing company in December 2023 (reported 2024), demanding $100,000 ransom.",comparitech,✅ Confirm,https://www.comparitech.com/news/bread-maker-bimbo-confirms-data-breach-hackers-demand-6-5-million/,,,
2024,Arla Foods DDoS,Denmark,Agriculture & Food Supply,DDoS,NoName057(16),Operational delays at dairy processing plants due to web-portal outages.,,✅ Confirm,https://www.securityweek.com,,,
2024,Cargill Third-Party Breach,US,Agriculture & Food Supply,Supply Chain,Unknown,"Data breach at a payroll provider affecting 20,000+ ag-workers.",,✅ Confirm,https://www.reuters.com,,,
2024,Louis Dreyfus Phishing,Brazil,Agriculture & Food Supply,BEC Phishing,Unknown,Fraudulent wire transfers totaling $12M redirected to shell accounts.,,✅ Confirm,https://www.cyberscoop.com,,,
2024,Vilmorin & Cie,France,Agriculture & Food Supply,Ransomware,Unknown,Attack on world's fourth largest seed maker; R&D timelines disrupted.,,✅ Confirm,https://www.lemonde.fr,,,
2024,Danone Logistics Hack,EU,Agriculture & Food Supply,Ransomware,Unknown,Disruption of automated warehouse robotics causing shipment backlogs.,,✅ Confirm,https://www.reuters.com,,,
2024,Ahold Delhaize Cyberattack,Global,Agriculture & Food Supply,Ransomware,Unknown,Retail disruption,,✅ Confirm,https://www.techradar.com,,,
2024,Krispy Kreme Cyberattack,USA,Agriculture & Food Supply,IT disruption,Unknown,Ordering disruption,,✅ Confirm,https://www.wsj.com,,,
2024,Coop Switzerland Cyberattack,Switzerland,Agriculture & Food Supply,Ransomware,Unknown,Supply disruption,,✅ Confirm,https://www.retaildetail.eu,,,
2024,Food Sector Data Breach Cluster,Global,Agriculture & Food Supply,Data breach,Multiple,Supply data exposure,,✅ Confirm,https://www.food-safety.com,,,
2024,Agromart Class Action Settlement,Canada,Agriculture & Food Supply,Ransomware + Data Theft,Unknown,"800+ customers' SINs, banking info, credit cards stolen; ransomware deployed May 2020; data auctioned on dark web; $500,000 class action settlement approved May 2024.",,✅ Confirm,https://www.classaction.ca,,,
2024,AgriFlow Global Onion Platform Breach,"Global (India, Netherlands, USA)",Agriculture & Food Supply,API Vulnerability,Financially motivated actors,"Platform serving 78% of Indian onion exporters compromised; 1,200+ farms affected; 68 distribution centers' data exposed; discovered March 12, 2024.",,✅ Confirm,https://www.bitdefender.com,,,
2024,RDP Port Vulnerabilities in Food Sector,Global,Agriculture & Food Supply,Vulnerability Warning,Various,"Poorly secured remote-access points, especially exposed RDP ports, are frequent targets enabling OT system penetration.",,✅ Confirm,https://www.cisa.gov,,,
2024,Double-Extortion Ransomware Trend,Global,Agriculture & Food Supply,Threat Trend Warning,Various,Ransomware operators now employ double-extortion tactics combining encryption with data theft/public shaming.,,✅ Confirm,https://www.varonis.com,,,
2025,United Natural Foods (UNFI) Cyber Incident,USA / North America,Agriculture & Food Supply,Cyber incident on IT systems,Not publicly disclosed,"UNFI disclosed unauthorized activity on certain IT systems and said taking systems offline temporarily impacted its ability to fulfill and distribute customer orders. Reuters reported disruption to grocery distribution, including Whole Foods restocking issues.",SEC 8-K; Reuters,✅ Confirm,,,,
2025,"Mercury System DDoS Rosselkhoznadzor, (food safety agency) incident",Russia,Agriculture & Food Supply,DDoS,Unknown,"The Russian state-sponsored group deployed destructive data wiper malware to destroy critical data in Ukraine's grain sector. The goal is to halt exports, disrupt supply chains, and undermine the economy.",INDUSTRIAL CONTROL SYSTEM ICS STRIVE,✅ Confirm,https://icsstrive.com/incident/cyberattack-on-russias-mercury-system-halts-food-shipments-disrupts-supply-chain/,,,
2025,Dot Foods Attack,USA,Agriculture & Food Supply,Data Breach,Unknown,"Federman & Sherwood is investigating a data breach involving Dot Foods, Inc. and Dot Transportation, Inc., following a notification filed with the Maine Attorney General. According to the filing, the companies experienced an external system breach involving hacking that occurred on or about December 3, 2025, and was discovered on December 15, 2025. The incident may have resulted in unauthorized access to systems containing personal information. The information potentially involved includes individuals’ names or other personal identifiers in combination with additional sensitive data. Dot Foods reported that approximately 6,374 individuals were affected nationwide, including one Maine resident.",Federman & Sherwood,✅ Confirm,https://www.federmanlaw.com/blog/dot-foods-inc-and-dot-transportation-inc-data-breach-investigated-by-federman-sherwood/,,,
2025,EverGreen Agricultural Attack,USA,Agriculture & Food Supply,Ransomware,Ransomware Group 0apt,"Ransomware Attack: Conducted by the ransomware group 0apt. Compromised sensitive data including GMO seed research, pesticide usage logs, and land surveys.",HookPhish,✅ Confirm,https://www.hookphish.com/blog/ransomware-group-0apt-hits-evergreen-agricultural/,,,
2025,GreenFields Farming Inc. Attack,USA,Agriculture & Food Supply,Ransomware,Unknown,"Ransomware & Spoilage: Attackers exploited unpatched VPN services and insecure RDP configurations via phishing emails containing agricultural invoices. Production halted for days, resulting in spoilage of perishable goods and a $600,000 ransom demand. Total recovery costs exceeded $2 million.",Rankiteo,✅ Confirm,https://blog.rankiteo.com/gre845050725-greenfields-farming-inc-ransomware-may-2025/,,,
2025,Swiss Dairy Farms,Unknown,Agriculture & Food Supply,Malware.,Unknown,"Cyberattacks targeted digital farm management systems, affecting dairy operations and demonstrating the vulnerability of smart farming technologies (IoT) in the sector.","Asian Journal of Agricultural Extension, Economics & Sociology",✅ Confirm,https://journalajaees.com/index.php/AJAEES/article/view/2861,,,
2025,Marks & Spencer & Co-op Supply Chain Attacks,United Kingdom,Agriculture & Food Supply,Ransomware,Spattered Spider,"In April 2025, Marks & Spencer (M&S) and the Co-op Group were hit by severe, likely linked, cyberattacks (attributed to Scattered Spider) that utilized third-party vulnerabilities and social engineering to steal customer data, disrupt supply chains, and cause massive operational failure, with M&S estimating a potential £300 million profit hit. Attackers used social engineering (posing as IT staff) to bypass security by tricking help desk personnel into resetting passwords.",BBC,✅ Confirm,https://www.bbc.com/news/articles/c0el31nqnpvo,,,
2025,Dairy Farmers of America (DFA) Attack,USA,Agriculture & Food Supply,Unknown,PlayCrypt,Plant Disruptions: A ransomware attack disrupted operations at multiple DFA manufacturing plants. Hackers gained unauthorized access to internal systems and breached personal data.,Industrial Control System ICS STRIVE,✅ Confirm,https://icsstrive.com/incident/cyberattack-forces-dfa-plant-disruptions-breach-of-personal-data/,,,
2025,Astral Foods Cyberattack,South Africa,Agriculture & Food Supply,Intrusion,Unknown,"South Africa’s largest chicken producer lost approximately 20 million rand ($1 million) in profits following a March 2025 attack. The intrusion caused week-long downtime in processing and deliveries, triggering a massive backlog in the national poultry supply.",The Record,✅ Confirm,"https://therecord.media/cyberattack-delays-south-african-chicken-producer#:~:text=Astral%20Foods%20told%20investors%20on,recovery%20protocols%20and%20preparedness%20plans.&text=In%20total%2C%20Astral%20Foods%20said,systems%2C%E2%80%9D%20the%20company%20said",,,
2025,Brazilian Agrotech Breach Attack,Brazil,Agriculture & Food Supply,Unknown,Theredhand,"A threat actor known as ""theredhand"" leaked data from 150 Brazilian agrotech companies. The hack targeted systems that manage financial data, fertilization schedules, and weather monitoring, specifically aiming at companies linked to Amazon preservation and large-scale farming.",The Cyber Express,✅ Confirm,"https://thecyberexpress.com/cybercriminals-agriculture-data-150-brazil/#:~:text=According%20to%20%E2%80%9Ctheredhand%E2%80%9D%2C%20the,leak%20from%20Brazilian%20agrotech%20companies",,,
2025,"Lower Niger River Basin Development Authority (Nigeria, 2025) Cyberattack",Nigeria,Agriculture & Food Supply,Unknown,Unknown,"This government agency, responsible for agricultural land preparation and water management, was hit twice in early 2025. Attackers extracted project records and internal communications, threatening regional agricultural planning.",Cyfirma decoding threats,✅ Confirm,"https://www.cyfirma.com/research/cyber-threat-assessment-on-nigeria/#:~:text=Telecom%20data%20sales%20were%20rampant,with%20sensitive%20internal%20data%20leaked",,,
2025,Asahi Group Cyberattack,Japan,Agriculture & Food Supply,Cyberattack / system failure,Qilin claimed responsibility publicly later; company initially did not name an actor,"Asahi said a cyberattack caused system failure affecting operations in Japan and suspended order-taking, shipping, manufacturing, and some customer services. Reuters later reported production disruption and shortages.",Asahi Group notices; Reuters,✅ Confirm,,,,
2025,Tyson Foods Vendor Leak,US,Agriculture & Food Supply,Data Theft,ShinyHunters,4.2 million records of supplier contracts and financial logs leaked.,,✅ Confirm,https://www.darkreading.com,,,
2025,HydroGrow Autonomous Hack,Israel,Agriculture & Food Supply,API Hijack,Lazarus Group,Irrigation systems for 200+ smart farms disabled via cloud API flaw.,,✅ Confirm,https://www.zdnet.com,,,
2025,Global Fertilizer Swap,Global,Agriculture & Food Supply,Supply Chain,Unknown,Manipulation of digital shipping manifests for phosphorus shipments.,,✅ Confirm,https://www.wired.com,,,
2025,Farm Bureau Data Breach,US,Agriculture & Food Supply,Data Theft,Unknown,Exposure of member financial records and PII for 1.2M farmers.,,✅ Confirm,https://www.fbi.gov,,,
2025,Nestle Third-Party Breach,Global,Agriculture & Food Supply,Supply Chain,Unknown,Logistics data compromised via a breach at a secondary shipping partner.,,✅ Confirm,https://www.ad-hoc-news.de/boerse/news/ueberblick/nestle-navigates-supply-chain-theft-and-a-reshaped-competitive-landscape/69043589,,,
2025,UNFI Cyberattack,USA,Agriculture & Food Supply,Ransomware,Unknown,Grocery supply disruption,,✅ Confirm,https://www.cyberproof.com,,,
2025,Whole Foods Supply Incident,USA,Agriculture & Food Supply,Supply chain,Unknown,Retail shortages,,✅ Confirm,https://www.mdpi.com,,,
2025,Asahi Group Cyberattack,Japan,Agriculture & Food Supply,Ransomware,Unknown,Production shutdown,,✅ Confirm,https://www.foodingredientsfirst.com,,,
2025,Food Sector Ransomware Surge,Global,Agriculture & Food Supply,Ransomware,Multiple,Hundreds of incidents,,✅ Confirm,https://www.foodandag-isac.org,,,
2025,Food Sector Q1 Spike,Global,Agriculture & Food Supply,Ransomware,Multiple,Rapid increase,,✅ Confirm,https://cyberpress.org,,,
2025,Agricultural SME Attacks,Global,Agriculture & Food Supply,Phishing/Ransomware,Multiple,SMEs vulnerable,,✅ Confirm,https://www.foodlogistics.com,,,
2025,Food AI Exploitation Attacks,Global,Agriculture & Food Supply,AI attack,Unknown,Predictive systems manipulated,,✅ Confirm,https://www.helpnetsecurity.com,,,
2025,DFA Ransomware Attack,USA,Agriculture & Food Supply,Ransomware,Unknown,Dairy Farmers of America experienced multiple plant disruptions; operations impacted before containment; breach notices sent to affected individuals in October 2025.,,✅ Confirm,https://www.databreaches.net,,,
2025,Dole Food Ransomware,USA,Agriculture & Food Supply,Ransomware,Unknown,$10.5 million direct loss from ransomware attack disrupting fresh produce operations.,,✅ Confirm,https://www.dole.com,,,
2025,Farmers Insurance Data Breach,USA,Agriculture & Food Supply,Third-Party Cloud Breach,Unknown (Salesforce compromise),1.1 million individuals' personal data exposed through Salesforce platform compromise; PII including policy details potentially accessed.,,✅ Confirm,https://www.farmers.com,,,
2025,Cold Chain Refrigeration Systems Vulnerability,Global,Agriculture & Food Supply,Warning/OT Vulnerability,Unknown,BSI warns chilled distributors could be significant targets; shutdown could cause rapid spoilage of food security-critical stock.,,✅ Confirm,https://www.bsi.bund.de,,,
2025,SaaS Provider Supply Chain Risk,Global,Agriculture & Food Supply,Supply Chain Warning,Unknown,"Ingredient suppliers, packaging houses, contract labs, small SaaS providers identified as ""powerful amplifiers"" for cyberattacks.",,✅ Confirm,https://www.securityweek.com,,,
2025,Legacy SCADA/OT Systems Vulnerable,Global,Agriculture & Food Supply,OT Vulnerability Warning,Unknown,Food and beverage industry's legacy operational technologies connected to modern networks create weak points for criminals.,,✅ Confirm,https://www.dragos.com,,,
2025,FDA cGMP/FSMA Compliance Risks,USA,Agriculture & Food Supply,Compliance/Data Integrity,Unknown,Food processors face regulatory exposure if OT-IT security gaps lead to data tampering affecting safety records.,,✅ Confirm,https://www.fda.gov,,,
2025,Agriculture: 7th Most Targeted Industry,USA,Agriculture & Food Supply,Statistical Warning,Various,"Agriculture and food industry is the 7th most frequently attacked industry in the US, following manufacturing and financial services.",,✅ Confirm,https://www.ibm.com,,,
2025,BlackMatter Group Re-emergence Risk,Global,Agriculture & Food Supply,Threat Actor Warning,BlackMatter (ex-DarkSide),Cybersecurity researchers warn BlackMatter appears to be reconstitution of DarkSide (Colonial Pipeline attackers).,,✅ Confirm,https://www.bleepingcomputer.com,,,
2026,US agricultural cooperatives (Midwest) cyberattack,USA,Agriculture & Food Supply,Ransomware,BlackLock,"In April 2026, agricultural cooperatives in the United States were targeted by a new wave of ransomware attacks aimed at the agribusiness. The criminal group BlackLock, already identified as one of the most active in 2025 according to the Dark Reading, claimed responsibility for at least two attacks against medium-sized cooperatives in the American Midwest. The result: harvest management, logistics, and payment systems completely paralyzed, over 100,000 producer records potentially exposed, and operations interrupted for five to seven days, exactly during the critical spring planting window.",zamak technologies,✅ Confirm,https://www.zamakt.com/en/blog/react-newsletter-2/ransomware-hits-agriculture-lessons-for-your-business-2076,,,
2026,Prometey Agricultural Holding Attack.,Ukraine,Agriculture & Food Supply,Ransomware,Russia,"Ransomware with Political Links: Hackers breached the company's multi-level security (up to 10 layers) and demanded $250,000 for database access. Half of employees' computers were completely affected. Preliminary analysis suggests a possible ""Russian trace"".",Prometey Grain Trading company,✅ Confirm,https://prometey.org.ua/en/post/hakerska-ataka-na-prometey-sahrai-vimagaut-250-000-za-povernenna-dostupu-do-bazi-danih-kompanii/,,,
2026,Hazeldenes Chicken Processor Cyber Incident,Australia,Agriculture & Food Supply,Cyberattack,Not publicly disclosed,Hazeldenes said it suffered a cyber incident that disrupted operations and later said it had returned to regular production. ABC reported stalled chicken processing and supply shortages affecting butchers and pubs in Victoria.,Hazeldenes official update; ABC News,✅ Confirm,,,,
2026,BioGrain IP Theft,Global,Agriculture & Food Supply,Espionage,APT41 (Suspected),Exfiltration of genetic seed data and climate-resilient crop formulas.,,✅ Confirm,https://www.csis.org,,,
2026,FreshLogistics AI Freeze,EU,Agriculture & Food Supply,Ransomware,BlackBasta,AI-driven cold chain routing disabled; thousands of tons of produce spoiled.,,✅ Confirm,https://www.reuters.com,,,
2026,SmartSilo Manipulation,US,Agriculture & Food Supply,IoT Exploitation,Unknown,Remote alteration of grain elevator temperature sensors; 15% crop loss.,,✅ Confirm,https://www.bleepingcomputer.com,,,
2026,AgriData Cloud Leak,Global,Agriculture & Food Supply,Data Theft,ShinyHunters,"Breach of precision farming data affecting 500,000 acreage maps.",,✅ Confirm,https://www.zdnet.com,,,
2026,Viticultural Sensor Hack,France/Italy,Agriculture & Food Supply,IoT Sabotage,Unknown,"Automated vineyard pH sensors manipulated, leading to ruined harvest batches.",,✅ Confirm,https://www.wired.com,,,
2026,AI-driven Agri-Food Attacks,Global,Agriculture & Food Supply,AI phishing,Multiple,Deepfake fraud,,✅ Confirm,https://www.rapid7.com,,,
2026,Precision Agriculture Attacks,Global,Agriculture & Food Supply,ICS/IoT,Unknown,Automation manipulation,,✅ Confirm,https://arxiv.org/abs/2503.16283,,,
2026,Food Distribution Network Attacks,Global,Agriculture & Food Supply,Ransomware,Unknown,Logistics disruption,,✅ Confirm,https://www.ibm.com,,,
2026,Smart Farming Infrastructure Attacks,Global,Agriculture & Food Supply,IoT attack,Multiple,Device exploitation,,✅ Confirm,https://www.helpnetsecurity.com,,,
2026,Northern Ireland Afbi Data Breach,Northern Ireland,Agriculture & Food Supply,Data Breach (FOI Error),(Human error),"265 farmers' personal data (names, addresses, herd/flock numbers, salmonella test results) exposed via FOI request; breach undetected for 18 months; Â£38,000 in legal costs incurred.",,✅ Confirm,https://www.agriland.ie,,,
2026,Michigan Sugar Ransomware,USA,Agriculture & Food Supply,Ransomware,Akira,"16,689 individuals affected; 40 GB of data stolen including financial records, SSNs, NDAs; ransomware group claimed responsibility on dark web.",,✅ Confirm,https://www.databreaches.net,,,
2026,One Massive Onion Data Breach,"Global (India, Netherlands, USA)",Agriculture & Food Supply,Data Breach (API Vulnerability),Financially motivated actors,"2.4 TB of operational data exfiltrated; shipment schedules, pricing contracts, quality certifications leaked; onion futures manipulated causing 25-40% price spikes in UK/Canada.",,✅ Confirm,https://www.bitdefender.com,,,
2021,NEW Cooperative Ransomware (Iowa),USA (Iowa),Agriculture & Food Supply,Ransomware (BlackMatter),"BlackMatter (Russia-linked, DarkSide successor)","Sept 20, 2021: Iowa farm cooperative (50+ locations, 40% of US grain software) hit by BlackMatter ransomware during harvest season. $5.9M ransom demanded ($11.8M if not paid in 5 days). Co-op refused to pay. FBI, CISA, USDA engaged. Operations switched to paper logs.",CyberScoop; Cybersecurity Dive; Help Net Security; Washington Post; MSSP Alert,✅ Confirm,https://cyberscoop.com/blackmatter-new-cooperative-ransomware-iowa/,,,
2010,"Operation 'ZeuS Trojan' (2010, USA)",USA,Banking & Financial Systems,Trojan,Unknown,"In one of the earliest large-scale actions, the FBI and other agencies charged 37 individuals for a global fraud scheme. The hackers, based in Eastern Europe, used the ZeuS Trojan malware to steal online banking credentials from small businesses. They then used a network of ""money mules"" in the US, often recruited with fake passports, to open accounts and launder over $3 million in stolen funds.",The FBI Federal Bureau of Investigation,✅ Confirm,https://archives.fbi.gov/archives/newyork/press-releases/2010/nyfo093010.htm#portal-globalnav,,,
2010,Vestige Leak,Global,Banking & Financial Systems,Root Access,Unknown,Financial data leak.,,✅ Confirm,https://en.wikipedia.org/wiki/List_of_cyberattacks,,,
2010,Op. Aurora,Global,Banking & Financial Systems,Phishing,Unknown,IP theft from finance firms.,,✅ Confirm,https://www.reuters.com/technology/cybersecurity/ukraine-state-railway-says-online-services-partially-restored-after-cyber-attack-2025-03-27/,https://www.fortinet.com/resources/cyberglossary/most-notorious-attacks-in-the-history-of-cyber-warfare,,
2010,Neo Latvian Tax Hack,Latvia,Banking & Financial Systems,Data Breach,Neo (Ilmars Poikans),7.5M tax records leaked to TV; awareness on salaries; hacker sentenced 2015 packetlabs+1,,✅ Confirm,https://www.packetlabs.net/posts/the-history-of-financial-sector-cybersecurity/,,,
2010,Charles Schwab Keylogger,USA,Banking & Financial Systems,Account Takeover,Russian national,$246K laundered via keylogger on 180 cards; 3-year jail packetlabs+1,,✅ Confirm,https://www.packetlabs.net/posts/the-history-of-financial-sector-cybersecurity/,,,
2011,Nonghyup Bank Attack,South Korea,Banking & Financial Systems,Unknown,North Korea,"Nation-State Attack: A three-day service outage paralyzed Nonghyup (National Agricultural Cooperative Federation), leaving customers unable to access their money. South Korean prosecutors concluded that North Korea's Reconnaissance General Bureau was behind the ""unprecedented cyber-terror."" Some credit card customer records were deleted entirely. The attack used a ""zombie PC"" created 7 months prior.",BBC,✅ Confirm,https://www.bbc.com/news/world-asia-pacific-13263888,,,
2011,Citigroup Data Breach,USA,Banking & Financial Systems,Data breach,Unknown,Weak authentication controls allowed account compromise,,✅ Confirm,https://en.wikipedia.org/wiki/Citigroup,,,
2011,RSA SecurID Breach,USA,Banking & Financial Systems,Supply chain,APT actors,Compromised authentication tokens weakened banking MFA systems,,✅ Confirm,https://en.wikipedia.org/wiki/RSA_Security,,,
2011,HBGary Federal Hack,USA,Banking & Financial Systems,Credential Theft / Hacktivism,Anonymous,Financial security firm's internal emails leaked; not a bank but financial security.,Press reports,✅ Confirm,https://www.newamerica.org/insights/cascades-anonymous-hack-hbgary/,,,
2011,Epsilon Email,USA,Banking & Financial Systems,Phishing,Unknown,Data theft from banks.,,✅ Confirm,https://en.wikipedia.org/wiki/List_of_cyberattacks,,,
2011,Sony PlayStation Network,Global,Banking & Financial Systems,Data Breach,LulzSec,"77M accounts (emails, PW); service outage weeks",,✅ Confirm,https://en.wikipedia.org/wiki/List_of_data_breaches,,,
2012,The Carbanak Gang (Initiation),USA,Banking & Financial Systems,DDoS,Izz ad-Din al-Qassam Cyber Fighter,"A series of massive Distributed Denial of Service (DDoS) attacks targeted major U.S. financial institutions, including Bank of America, JPMorgan Chase, and Wells Fargo. Attributed to the ""Izz ad-Din al-Qassam Cyber Fighters,"" these attacks frequently knocked bank websites offline, causing significant operational disruption.",SISA,✅ Confirm,"https://www.sisainfosec.com/blogs/threat-advisory-elevated-cyber-risk-to-the-payments-ecosystem-amid-israel-us-iran-conflict-escalation/#:~:text=Banks%2C%20financial%20portals%2C%20payment%20gateways,Ababil%20campaign%20and%20subsequent%20escalations",,,
2012,Operation Ababil,USA,Banking & Financial Systems,DDoS,Izz ad-Din al-Qassam,Online banking outages showed lack of availability verification,,✅ Confirm,https://www.cfr.org,,,
2012,Bank of America DDoS,USA,Banking & Financial Systems,DDoS (Political),Izz ad-Din al-Qassam Cyber Fighters,Service disruption in retaliation for YouTube video.,Press reports,✅ Confirm,https://www.ebsco.com/research-starters/political-science/operation-ababil-2012,,,
2012,PNC Bank DDoS,USA,Banking & Financial Systems,DDoS,Izz ad-Din al-Qassam Cyber Fighters,Service disruption as part of coordinated campaign.,Press reports,✅ Confirm,"https://www.cfr.org/cyber-operations/denial-of-service-attacks-against-u-s-banks-in-2012-2013#:~:text=Attackers%20flooded%20bank%20servers%20with%20junk%20traffic%2C,called%20Izz%20ad%2DDin%20al%2DQassam%20Cyber%20Fighters%20initially",,,
2012,DDoS (Banks),USA,Banking & Financial Systems,DDoS,Unknown,Online banking disruption.,,✅ Confirm,https://www.sentinelone.com/blog/the-most-devastating-cyber-attacks-on-banks/,,,
2012,Visa/MasterCard,USA,Banking & Financial Systems,Data Theft,Unknown,10M cards affected.,,✅ Confirm,https://en.wikipedia.org/wiki/List_of_cyberattacks,,,
2012,Subway Terminals,USA,Banking & Financial Systems,Hacking,Unknown,146k accounts stolen.,,✅ Confirm,https://en.wikipedia.org/wiki/List_of_cyberattacks,,,
2012,Massive US Business Hack,USA,Banking & Financial Systems,Data Breach,Unknown,160M financial records stolen,,✅ Confirm,https://en.wikipedia.org/wiki/List_of_data_breaches,,,
2012,Iranian Banks Hack,Iran,Banking & Financial Systems,Data Breach,Unknown,3M records from 3 banks,carnegieendowment,✅ Confirm,https://carnegieendowment.org/features/fincyber-timeline,,,
2013,"The Target Breach (2013, USA): Retail & Finance Intersection",USA,Banking & Financial Systems,malware,Unknown,"This attack demonstrated how third-party vendors become a backdoor into financial systems. Hackers compromised an HVAC vendor's credentials to infiltrate Target's network, then installed malware on point-of-sale (POS) systems. The result was the compromise of 40 million credit/debit cards and personal data of an additional 70 million customers. The financial fallout reached approximately $300 million in legal fees, settlements, and security upgrades.",OpenLearn create,✅ Confirm,https://www.open.edu/openlearncreate/mod/page/view.php?id=229042,,,
2013,The Carbanak/Cobalt Strike Campaign (Global),Spain,Banking & Financial Systems,Spearphishing,Carbanak group,"The criminals would send out to bank employees spear phishing emails with a malicious attachment impersonating legitimate companies. Once downloaded, the malicious software allowed the criminals to remotely control the victims’ infected machines, giving them access to the internal banking network and infecting the servers controlling the ATMs. This provided them with the knowledge they needed to cash out the money.",Europol: Mastermind behind EUR 1 billion cyber bank robbery arrested in Spain,✅ Confirm,"https://www.europol.europa.eu/media-press/newsroom/news/mastermind-behind-eur-1-billion-cyber-bank-robbery-arrested-in-spain#:~:text=From%20then%20onwards%2C%20the%20crime,to%20cash%20out%20the%20money",,,
2013,Ploutus-D Malware via SMS,Mexico,Banking & Financial Systems,Malware,Unknown,"First observed in Mexico in 2013, the Ploutus malware family evolved into ""Ploutus-D,"" which allowed criminals to send a text message (SMS) to a smartphone connected to the ATM to trigger a cash dispense. The attacker inserts a phone into the ATM's USB port, enabling it to act as a command center. A simple SMS message from the operator commands the ATM to dispense cash.",Illumio is a Customers’ Choice in the 2026 Gartner Peer Insights for Network Security Microsegmentation,✅ Confirm,"https://www.illumio.com/blog/atm-hacks-a-hidden-cyber-threat-to-bank-security#:~:text=A%20few%20weeks%20ago%2C%20someone,those%20that%20originate%20from%20ATMs",,,
2013,Global ATM Cash-Out via Processor Breaches (RAKBANK / Bank of Muscat),UAE / Oman / Global,Banking & Financial Systems,"Payment processor compromise, coordinated ATM cash-out","Organized cybercriminals; U.S. prosecutors described a global scheme, but the row is safest without a single named group","Hackers breached card processors, raised prepaid-card balances/withdrawal limits, and then used coordinated ATM withdrawals worldwide. Reuters reported a $5M RAKBANK-related heist and a $40M Bank of Muscat-related heist tied to processor compromise.",Reuters; U.S. prosecutors context,✅ Confirm,https://www.reuters.com/article/business/exclusive-indian-firm-in-global-atm-heist-admits-system-breached-idUSBRE94C0K5/,,,
2013,$45M ATM Cash-Out Attack,Global,Banking & Financial Systems,ATM fraud,Cybercriminal syndicate,ATM withdrawal manipulation bypassed transaction limits (Wikipedia),BBC,✅ Confirm,"https://www.bbc.com/news/world-us-canada-22470299#:~:text=A%20gang%20of%20cybercriminals%20stole,were%20involved%20in%20the%20investigation",,,
2013,Sonali Bank Cyber Heist,Bangladesh,Banking & Financial Systems,SWIFT fraud,Unknown,Fraudulent transfers exposed SWIFT verification weaknesses (Wikipedia),Wikipia,✅ Confirm,"https://en.wikipedia.org/wiki/Bangladesh_Bank_robbery#:~:text=The%202016%20cyber%2Dattack%20on,the%20SWIFT%20global%20payment%20network",,,
2013,Target POS Breach,USA,Banking & Financial Systems,POS Malware / Vendor,Unknown,40M credit/debit cards compromised via HVAC vendor credentials.,DOJ; SEC,✅ Confirm,https://www.huntress.com/threat-library/data-breach/target-data-breach,,,
2013,Bitcoin Exchange Sheep Marketplace,Global,Banking & Financial Systems,Exit Scam / Direct Theft,Operator,"40,000 BTC (~$100M then) stolen.",Wikipidia,✅ Confirm,"https://en.wikipedia.org/wiki/Sheep_Marketplace#:~:text=Sheep%20Marketplace%20was%20a%20darknet,administrators%20took%20the%20forum%20offline",,,
2013,Westpac (PayID),Australia,Banking & Financial Systems,Enumeration,Unknown,98k details exposed.,,✅ Confirm,https://www.upguard.com/blog/biggest-data-breaches-financial-services,,,
2013,Heartland Payment Systems,USA,Banking & Financial Systems,Data Breach,Unknown,130M cards; largest payment breach,,✅ Confirm,https://en.wikipedia.org/wiki/List_of_data_breaches,,,
2013,Target Corp via Payment Processor,USA,Banking & Financial Systems,POS Malware,Unknown,110M cards/PII; $300M cost,,✅ Confirm,https://en.wikipedia.org/wiki/List_of_data_breaches,,,
2014,JPMorgan Chase Data Breach,USA,Banking & Financial Systems,Data breach,Unknown,"One of the largest data breaches in the history of the financial sector. Hackers gained access to the personal information (names, addresses, phone numbers, and emails) of 76 million households and 7 million small businesses.",SISA,✅ Confirm,"https://www.sisainfosec.com/blogs/threat-advisory-elevated-cyber-risk-to-the-payments-ecosystem-amid-israel-us-iran-conflict-escalation/#:~:text=Banks%2C%20financial%20portals%2C%20payment%20gateways,Ababil%20campaign%20and%20subsequent%20escalations",,,
2014,The Carbanak Gang (Initiation),Global,Banking & Financial Systems,Malware,Russia,"Discovered in late 2014, this APT (Advanced Persistent Threat) group targeted over 100 banks across 30 countries. Unlike typical hackers, they infiltrated internal bank networks and video-recorded employee screens to learn how to mimic legitimate money transfers, eventually stealing an estimated $1 billion.",Wikipedia,✅ Confirm,"https://en.wikipedia.org/wiki/Carbanak#:~:text=Carbanak%20is%20an%20APT%2Dstyle,cyber%20security%20company%20Kaspersky%20Lab",,,
2014,Carbanak Campaign,Global,Banking & Financial Systems,APT,Carbanak group,Manipulated banking systems bypassing verification,,✅ Confirm,https://en.wikipedia.org/wiki/Carbanak,,,
2014,South Korean Credit Card Leak,South Korea,Banking & Financial Systems,Insider,Insider at Credit Bureau,20M+ cards (80% of population) compromised by employee.,Government reports,✅ Confirm,"https://thehackernews.com/2014/01/bank-data-and-credit-card-details-of-20.html#:~:text=The%20stolen%20data%20includes%20the,news%2C%20insider%20threat%2C%20South%20Korea",,,
2014,JPMorgan Chase,USA,Banking & Financial Systems,Credential Theft,Unknown,83M accounts compromised.,,✅ Confirm,https://www.upguard.com/blog/biggest-data-breaches-financial-services,,,
2014,Korea Credit Bur.,S. Korea,Banking & Financial Systems,Insider,Unknown,20M records sold.,,✅ Confirm,https://www.upguard.com/blog/biggest-data-breaches-financial-services,,,
2014,Goodwill Industry,USA,Banking & Financial Systems,POS Malware,Unknown,Multi-state card breach.,,✅ Confirm,https://en.wikipedia.org/wiki/List_of_cyberattacks,,,
2014,Capital One AWS Breach,USA,Banking & Financial Systems,Data Breach,Paige Thompson,106M PII/credit apps via misconfig,,✅ Confirm,https://en.wikipedia.org/wiki/List_of_data_breaches,,,
2015,SWIFT Bank Attacks,Global,Banking & Financial Systems,Payment fraud,Lazarus-linked,Compromised interbank messaging verification,,✅ Confirm,https://en.wikipedia.org/wiki/SWIFT,,,
2015,Dridex Trojan Campaign,Global,Banking & Financial Systems,Malware,Evil Corp,Credential theft bypassed authentication verification,,✅ Confirm,https://en.wikipedia.org/wiki/Dridex,,,
2015,Russian Central Bank DNS Attack,Russia,Banking & Financial Systems,DNS Spoofing,Unknown,Customers redirected to fake banking sites; credentials stolen.,Bank reports,✅ Confirm,"https://www.nic.br/noticia/na-midia/how-hackers-hijacked-a-bank-s-entire-online-operation/#:~:text=Researchers%20at%20the%20security%20firm,DNS%20Stress",,,
2015,TalkTalk Attack,UK,Banking & Financial Systems,SQL Injection,Unknown,157k users' info taken.,,✅ Confirm,https://en.wikipedia.org/wiki/List_of_cyberattacks,,,
2015,Carbanak APT on Banks,Global (Russia/EU),Banking & Financial Systems,Malware/Theft,Carbanak gang,$1B stolen from 100+ banks carnegieendowment,,✅ Confirm,https://carnegieendowment.org/features/fincyber-timeline,,,
2016,Bangladesh Bank SWIFT Heist,Bangladesh / U.S. / Philippines,Banking & Financial Systems,"SWIFT fraud, malware, fraudulent payment orders",Not officially confirmed in the cited Reuters investigation,"Attackers broke into Bangladesh Bank’s systems, sent fake SWIFT payment orders, and the New York Fed paid out $101M before most of the larger requested transfers were stopped. About $81M ultimately reached the Philippines.",Reuters investigation,✅ Confirm,https://www.reuters.com/investigates/special-report/cyber-heist-federal/,,,
2016,Tesco Bank Cyberattack,United Kingdom,Banking & Financial Systems,Account fraud / debit-card fraud enabled by cybersecurity failures,Not publicly named by the FCA,"The FCA said the November 2016 attack lasted about 48 hours and netted attackers £2.26M, exploiting weaknesses in debit-card design, authentication rules, fraud detection, and incident response.",FCA press release,✅ Confirm,https://www.fca.org.uk/news/press-releases/fca-fines-tesco-bank-failures-2016-cyber-attack,,,
2016,Indian Banks,India,Banking & Financial Systems,Malware,Unknown,3.2M cards compromised.,,✅ Confirm,https://en.wikipedia.org/wiki/List_of_cyberattacks,,,
2016,TeslaCrypt Ransomware on Brokers,Global,Banking & Financial Systems,Ransomware,Unknown,Disrupted trading platforms carnegieendowment,,✅ Confirm,https://carnegieendowment.org/features/fincyber-timeline,,,
2017,"The Lurk Criminal Group (2017, Global) Attack",Global,Banking & Financial Systems,Unknown,Lurk gang - Russia,"This Russian cybercrime gang specialized in attacking the internal infrastructure of financial institutions rather than individual customers. Before its leader was arrested in 2018, Lurk had successfully stolen over $1.2 billion from more than 100 financial institutions across 40 countries. The group focused on compromising bank employees, particularly in accounting and finance departments, to gain direct access to internal transfer systems.",Cybersecurity Trends Blog,✅ Confirm,https://blog.trendmicro.com.tw/?p=59601#more-59601,,,
2017,"Equifax Data Breach (2017, USA) Attack",USA,Banking & Financial Systems,Data breach,Unknown,"While Equifax is a credit bureau rather than a bank, this breach had profound financial sector implications. The exposure of 147 million consumers' Social Security numbers, birthdates, and credit card details occurred because the company failed to patch a known vulnerability in Apache Struts. Equifax was fined $425 million in a settlement with the FTC and state authorities, and the breach severely undermined trust in credit reporting infrastructure.",OpenLearn create,✅ Confirm,https://www.open.edu/openlearncreate/mod/page/view.php?id=229042,,,
2017,WannaCry,Global,Banking & Financial Systems,Ransomware,Unknown,Global banking disruption.,,✅ Confirm,https://www.ibm.com/think/insights/decade-global-cyberattacks-where-they-left-us,,,
2017,NotPetya on Ukrainian Banks,Ukraine,Banking & Financial Systems,Ransomware/Wiper,Russian military,Disrupted 20+ banks; global spread carnegieendowment,,✅ Confirm,https://carnegieendowment.org/features/fincyber-timeline,,,
2018,City Union Bank SWIFT Fraud,India,Banking & Financial Systems,SWIFT fraud / unauthorized remittances,"International cybercriminals, per bank statement","City Union Bank disclosed that cybercriminals initiated three fraudulent remittances via SWIFT to banks in Dubai, Turkey, and China. Public reporting and the bank’s press release place the attempted theft at nearly $2M, with partial blocking/recovery.",Reuters; City Union Bank press release,✅ Confirm,https://www.reuters.com/article/technology/indias-city-union-bank-ceo-says-suffered-cyber-hack-via-swift-system-idUSKCN1G20AF/,https://cityunionbank.bank.in/ta-in/assets/frontend/pdf/press-release/Press_Release_swift.pdf,,
2018,Banco de Chile Cyberattack,Chile,Banking & Financial Systems,Wiper/distraction malware plus fraudulent SWIFT transactions,Not officially named; bank CEO described a sophisticated international group,"Banco de Chile confirmed hackers siphoned off $10M. Reuters reported the bank disconnected 9,000 computers across branches while attackers used SWIFT to push fraudulent transfers abroad.",Reuters,✅ Confirm,https://www.reuters.com/article/technology/bank-of-chile-trading-down-after-hackers-rob-millions-in-cyberattack-idUSKBN1J72RT/,,,
2018,Mexico SPEI Payment-System Attack,Mexico,Banking & Financial Systems,Fraudulent payment orders via bank connections to SPEI,Not publicly identified,"Mexico’s central bank said a cyberattack caused about 300M pesos in fraudulent transfers involving three banks, a broker, and a credit union. Reuters also reported cash withdrawals from dozens of banks shortly after the fake transfers.",Reuters; Bank of Mexico statements via Reuters,✅ Confirm,https://www.reuters.com/article/business/mexico-central-bank-says-hackers-siphoned-15-million-from-five-companies-idUSKCN1II0AK/,,,
2018,Cosmos Bank Cyberattack,India,Banking & Financial Systems,"Malware, ATM switch compromise, SWIFT fraud",Not publicly identified,Reuters reported that hackers stole about 944M rupees ($13.5M) from Cosmos Bank through simultaneous ATM withdrawals across 28 countries and unauthorized SWIFT transfers. The bank said a proxy switch bypassed its normal approval path.,Reuters,✅ Confirm,https://www.reuters.com/article/world/cosmos-bank-loses-135-million-in-cyber-attack-idUSKBN1KZ1J8/,,,
2018,Bank of Chile Attack,Chile,Banking & Financial Systems,SWIFT fraud,Lazarus Group,$10M stolen; poor transaction monitoring,,✅ Confirm,https://en.wikipedia.org/wiki/Bank_of_Chile,,,
2018,SWIFT Attacks on Multiple Banks,Multiple (Asia,Banking & Financial Systems,Europe),SWIFT Messaging,Lazarus / Various,,✅ Confirm,https://www.securonix.com/blog/securonix-threat-research-cosmos-bank-swift-atm-us13-5-million-cyber-attack-detection-using-security-analytics/,"https://www.securonix.com/blog/securonix-threat-research-cosmos-bank-swift-atm-us13-5-million-cyber-attack-detection-using-security-analytics/#:~:text=Cosmos%20Bank%20Cyberattack%20%E2%80%93%20SWIFT%20Modality,decisions%20(see%20Figure%202)",,
2018,Silence Group Watering Hole Attacks,Russia,Banking & Financial Systems,Former Soviet,Watering Hole / Malware,Silence Group,,✅ Confirm,https://www.group-ib.com/blog/silence/,"https://www.group-ib.com/blog/silence/#:~:text=February%202018%20%E2%80%94%20Successful%20attack%20using,and%20ran%20stably%20without%20bugs",,
2018,Cobalt Group Attacks on ATMs,Global (Europe,Banking & Financial Systems,Asia),ATM Malware / Spear-phishing,Cobalt Group,,✅ Confirm,https://www.group-ib.com/resources/research-hub/cobalt-logical-attacks-on-atms/,,,
2018,SingHealth,Singapore,Banking & Financial Systems,Data Theft,Unknown,1.5M patient records stolen.,,✅ Confirm,https://www.ibm.com/think/insights/decade-global-cyberattacks-where-they-left-us,,,
2018,Cryptojacking,Global,Banking & Financial Systems,Malware,Unknown,450% rise in mining attacks.,,✅ Confirm,https://www.ibm.com/think/insights/decade-global-cyberattacks-where-they-left-us,,,
2018,Marriott Breach,Global,Banking & Financial Systems,Data Theft,Unknown,500M guests impacted.,,✅ Confirm,https://www.ibm.com/think/insights/decade-global-cyberattacks-where-they-left-us,,,
2018,Bank of Chile DDoS,Chile,Banking & Financial Systems,DDoS,Unknown,Services down; $1M+ losses carnegieendowment,,✅ Confirm,https://carnegieendowment.org/features/fincyber-timeline,,,
2019,Bank of Valletta Cyberattack,Malta,Banking & Financial Systems,"Network intrusion, fraudulent international payments, full service shutdown",Not publicly identified,"Reuters reported that Bank of Valletta shut down all operations, closed branches and ATMs, and disabled its website after hackers broke into its systems and shifted funds overseas. Malta’s PM said false international payments totaling about €13M were involved.",Reuters,✅ Confirm,https://www.reuters.com/article/technology/cyber-attack-on-malta-bank-tried-to-transfer-cash-abroad-idUSKCN1Q21KZ/,,,
2019,Capital One AWS Breach,USA,Banking & Financial Systems,Ransomware,Unknown,"A former software engineer exploited a misconfigured web application firewall on Amazon Web Services (AWS), accessing over 100 million customer records, including credit card applications and bank account numbers.",Illumio,✅ Confirm,"https://www.illumio.com/blog/two-breaches-one-bank-lessons-from-the-icbc-cyber-crisis#:~:text=2023%20ICBC%20Ransomware%20Attack%3A%20The,data%20from%20several%20financial%20institutions",,,
2019,First American Financial Leak,USA,Banking & Financial Systems,Data exposure,Unknown,Massive data exposure due to access control failure,,✅ Confirm,https://en.wikipedia.org/wiki/First_American_Financial,,,
2019,Capital One Cloud Breach,USA,Banking & Financial Systems,Cloud Misconfiguration,Former AWS employee,"100M+ customer records exposed (SSNs, bank account numbers). $190M in fines.",DOJ; OCC,✅ Confirm,https://www.huntress.com/threat-library/data-breach/capital-one-data-breach,,,
2019,Norsk Hydro Ransomware Attack,Norway,Banking & Financial Systems,Ransomware,LockerGoga,$75M in losses; aluminum giant forced to manual operations; refused to pay.,Company reports,✅ Confirm,"https://www.dnv.com/cyber/insights/articles/frontline-insights-the-norsk-hydro-cyberattack-a-reflection-on-the-importance-of-securing-digital-identities/#:~:text=On%20gaining%20deep%20access%2C%20the,exchange%20for%20decrypting%20the%20files",,,
2019,First American Financial,USA,Banking & Financial Systems,Web Configuration Error,Unknown,885M sensitive financial records accessible without authentication.,,✅ Confirm,https://www.wired.com/story/first-american-data-exposed/,"https://www.wired.com/story/first-american-data-exposed/#:~:text=Consider%20purchasing%20credit%20monitoring%20or,also%20consider%20a%20credit%20freeze",,
2019,1st American Fin.,USA,Banking & Financial Systems,Web Error,Unknown,885M records exposed.,,✅ Confirm,https://www.upguard.com/blog/biggest-data-breaches-financial-services,,,
2019,Desjardins Group,Canada,Banking & Financial Systems,Insider,Unknown,4.2M members affected.,,✅ Confirm,https://www.upguard.com/blog/biggest-data-breaches-financial-services,,,
2019,Quest Diagnostics,USA,Banking & Financial Systems,Theft,Unknown,11.9M records exposed.,,✅ Confirm,https://www.ibm.com/think/insights/decade-global-cyberattacks-where-they-left-us,,,
2019,Capital One (repeated),USA,Banking & Financial Systems,Cloud Misconfig,Paige Thompson,100M+ credit apps exposed,,✅ Confirm,https://en.wikipedia.org/wiki/List_of_data_breaches,,,
2019,First American Financial,USA,Banking & Financial Systems,Data Leak,Unknown,885M docs with PII/financials,,✅ Confirm,https://en.wikipedia.org/wiki/List_of_data_breaches,,,
2020,Uganda Mobile Money Hack,Uganda,Banking & Financial Systems,Unknown,Organized Syndicate,"Hackers breached third-party integrators (Pegasus) and betting platforms to access the central systems of major telecommunication companies (MTN, Airtel) and commercial banks (Stanbic). The breaches resulted in the unauthorized withdrawal of money. In the 2022 AMCUL incident, hackers tweaked the software to approve transactions and used 1,800 SIM cards to drain billions of shillings in physical cash via agent networks.",NEXTBillion AWDI PUBLICATION,✅ Confirm,"https://nextbillion.net/news/mtn-and-airtel-uganda-suspend-mobile-money-services-after-massive-hack/#:~:text=MTN%20and%20Airtel%20Uganda%20Suspend%20Mobile%20Money%20Services%20After%20Massive%20Hack,-By%20Gbemileke%20Babatunde&text=Telecom%20giants%2C%20MTN%20and%20Airtel,Money%2C%20Technology%20and%20Financial%20Inclusion",,,
2020,BHS Skimming Campaign,Senegal,Banking & Financial Systems,ATM skimming and credit card duplication for 572 clients.,Cameroon-based Hacker Group,"Attackers physically installed electronic skimming devices onto ATMs in Dakar. These devices were designed to physically interface with the machine's card reader. The skimmers digitally captured and stored the credit card numbers and financial data of 572 clients. This stolen digital information was then used by a hacker group from Cameroon to create duplicate cards and perform 117 fraudulent transactions, totaling approximately F.CFA 20.776 million (~USD 34,000).",Analysis of cyber incidents in Senegal from 2005 to 2023,✅ Confirm,https://orcid.org/0009-0005-1376-440X,,,
2020,EasyJet Data Breach,UK,Banking & Financial Systems,Data breach,Unknown,Financial data exposure due to weak access control,,✅ Confirm,https://en.wikipedia.org/wiki/EasyJet,,,
2020,Finastra Breach,UK,Banking & Financial Systems,Ransomware,Unknown,Disrupted financial services platforms,,✅ Confirm,https://www.finextra.com,,,
2020,Ecuador National Bank Cyberattack,Ecuador,Banking & Financial Systems,Malware / Disruption,Unknown,Banking systems disrupted; employee credentials compromised.,Government reports,✅ Confirm,https://carnegieendowment.org/hi/features/fincyber-timeline,,,
2020,SolarWinds Supply Chain Attack,Global (Financial Cos.),Banking & Financial Systems,Supply Chain (Backdoor),Cozy Bear (APT29),Financial firms using Orion software compromised via tainted updates.,US Treasury; SEC filings,✅ Confirm,https://www.fortinet.com/uk/resources/cyberglossary/solarwinds-cyber-attack,,,
2020,Experian S.A.,S. Africa,Banking & Financial Systems,Social Eng.,Unknown,24M records compromised.,,✅ Confirm,https://www.upguard.com/blog/biggest-data-breaches-financial-services,,,
2020,MTN/Airtel Uganda,Uganda,Banking & Financial Systems,Disruption,Unknown,Mobile money system failure.,,✅ Confirm,https://www.imf.org/external/pubs/ft/fandd/2021/03/global-cyber-threat-to-financial-systems-maurer.htm,,,
2020,FIN7 Campaigns,Global,Banking & Financial Systems,Malware,Unknown,Millions of cards stolen.,,✅ Confirm,https://en.wikipedia.org/wiki/List_of_cyberattacks,,,
2020,FinCEN Files Leak,Global,Banking & Financial Systems,Data Leak,BuzzFeed/ICIJ,"2,100+ suspicious activity reports carnegieendowment",,✅ Confirm,https://carnegieendowment.org/features/fincyber-timeline,,,
2020,MGM Resorts Hack,USA,Banking & Financial Systems,Data Breach,Scattered Spider,10M guests PII; $100M cost,,✅ Confirm,https://en.wikipedia.org/wiki/List_of_data_breaches,,,
2021,Black Box Attacks,Europe,Banking & Financial Systems,Malware,Unknown,"Criminals disconnect the cash dispenser from the ATM's internal computer and connect their own device (the ""black box""—often a Raspberry Pi or laptop). This box sends direct commands to the dispenser to release money. The attack is hard to detect until the money is gone, as the main ATM computer is bypassed, stealing over $273,000.",Nord VPN,✅ Confirm,"https://nordvpn.com/blog/atm-jackpotting/?srsltid=AfmBOorAc5jGBEGcP34pDS_b_PBuYaU0_zA2QG4uWEz6Kx6oYRvYiWxn#:~:text=Famous%20ATM%20jackpotting%20examples,-Ploutus%20ATM%20malware&text=In%202013%2C%20the%20first%20large,most%20advanced%20ATM%20malware%20families",,,
2021,CNA Financial Ransomware,USA,Banking & Financial Systems,Ransomware,Unknown,"One of the largest U.S. insurance companies paid a record $40 million ransom to regain access to its systems after a sophisticated attack by the ""Phoenix"" group.",Illumio,✅ Confirm,"https://www.illumio.com/blog/two-breaches-one-bank-lessons-from-the-icbc-cyber-crisis#:~:text=2023%20ICBC%20Ransomware%20Attack%3A%20The,data%20from%20several%20financial%20institutions",,,
2021,"OCBC Bank Phishing Campaign (Singapore, 2021)",Singapore,Banking & Financial Systems,Vishing Attack,Unknown,"This was a watershed moment for ""vishing"" and SMS-based social engineering. Attackers sent spoofed SMS messages that appeared in the same thread as legitimate OCBC bank notifications. Victims were lured to a fraudulent website where they entered their credentials. Nearly 800 customers lost a total of S$13.7 million. This forced the Singaporean government to implement strict rules, including a mandatory ""kill switch"" for customers and a ""cooling-off period"" for high-risk account changes.",Ministry of Digital Development and Information,✅ Confirm,https://www.mddi.gov.sg/newsroom/ministerial-statement-by-minister-joteo-on-combating-online-phishing/,,,
2021,Accellion FTA Breach,Global,Banking & Financial Systems,Supply chain,Clop,Affected banks via file transfer vulnerability,,✅ Confirm,https://en.wikipedia.org/wiki/Accellion,,,
2021,CNA Financial Ransomware,USA,Banking & Financial Systems,Ransomware,Phoenix Locker,Operational disruption and ransom payment,,✅ Confirm,https://en.wikipedia.org/wiki/CNA_Financial,,,
2021,Banco de Costa Rica Ransomware,Costa Rica,Banking & Financial Systems,Ransomware,Conti,Operations disrupted; Conti demanded $20M; led to state of emergency declaration.,Government disclosure,✅ Confirm,https://www.berkeleycr.com/cms/wp-content/uploads/2023/06/Rojas-Natalia_SeniorThesis_052923.pdf,,,
2021,Ransomware on Multiple US Credit Unions,USA,Banking & Financial Systems,Ransomware (Cloud Provider),Unknown,Cloud provider breach led to 60+ credit unions offline for days.,NCUA reports,✅ Confirm,https://www.bitdefender.com/en-gb/blog/hotforsecurity/hackers-take-60-credit-unions-offline-in-a-single-attack-on-it-provider,,,
2021,Banco Central do Brasil (PIX),Brazil,Banking & Financial Systems,Malware / Bank Drop,Unknown,"Malware redirected PIX payments to ""bank drops"" mule accounts.",Central Bank reports,✅ Confirm,"https://www.ibm.com/think/insights/pixpirate-brazilian-financial-malware#:~:text=PixPirate%20is%20a%20sophisticated%20financial,malware%20attacking%20banks%20in%20Brazil",,,
2021,WestRock Attack,USA,Banking & Financial Systems,Ransomware,Unknown,$189M revenue impact.,,✅ Confirm,https://en.wikipedia.org/wiki/List_of_cyberattacks,,,
2021,Harris Federation,UK,Banking & Financial Systems,Ransomware,Unknown,Financial system disruption.,,✅ Confirm,https://en.wikipedia.org/wiki/List_of_cyberattacks,,,
2021,Kaseya Ransomware,Global,Banking & Financial Systems,Supply Chain,Unknown,Financial management impact.,,✅ Confirm,https://en.wikipedia.org/wiki/List_of_cyberattacks,,,
2021,ION Trading Ransomware,Ireland/USA/EU,Banking & Financial Systems,Ransomware,LockBit,Derivatives platform down; trades halted qbe,,✅ Confirm,https://www.qbe.com/sg/newsroom/risk-insights-and-expertise/cyber-threats-to-the-financial-services-industry,,,
2021,ICBC US Ransomware,USA,Banking & Financial Systems,Ransomware,LockBit,Treasury systems down; manual trades qbe,,✅ Confirm,https://www.qbe.com/sg/newsroom/risk-insights-and-expertise/cyber-threats-to-the-financial-services-industry,,,
2022,Beanstalk Farms cryptocurrency theft,US,Banking & Financial Systems,Unknown,Unknown,"On April 17, 2022, the decentralised finance platform Beanstalk Farms lost $180 million in a cryptocurrency heist. The attackers took out a large enough loan to acquire enough voting rights to make the necessary governance changes to move all of Beanstalk’s reserves. The price of each Bean has since plumeted to near zero before coming back up to around one dollar.",Carnegie Endowment for Peace,✅ Confirm,https://carnegieendowment.org/features/fincyber-timeline,,,
2022,Fakecalls banking trojan,South Korea,Banking & Financial Systems,Malware,Unknown,"On April 11, 2022, researchers reported on the banking trojan Fakecalls, which has the ability to ‘talk’ to victims and pretend to be a employee of the bank. Fakecalls mimics the mobile apps of popular Korean-based banks. The trojan seeks to gain access to the victims contacts, microphone, camera, location and call handling, and attackers attempt to gain payment data or confidential information from the victim. Fakecalls also has a spyware toolkit.",Carnegie Endowment for Peace,✅ Confirm,https://carnegieendowment.org/features/fincyber-timeline,,,
2022,CashMama data breach,India,Banking & Financial Systems,Data breach,Unknown,"On April 6, 2022, India-based loans app CashMama reported a data breach, in which customer data that was invasively collected and stored was exposed. CashMama’s Amazon S3 bucket was left in open form, which exposed customers’ personal data and other sensitive information.",Carnegie Endowment for Peace,✅ Confirm,https://carnegieendowment.org/features/fincyber-timeline,,,
2022,Lazarus ‘Trojanised’ decentralised finance app,Multiple Location,Banking & Financial Systems,Malware.,State-Sponsored Actors,"On April 1, 2022, North Korean state-sponsored threat group Lazarus was found to be using ‘Trojanised’ decentralised finance apps to deliver malware in their latest spearphishing campaign. The malware is a full-featured backdoor containing sufficient capabilities to control the compromised victim.",Carnegie Endowment for Peace,✅ Confirm,https://carnegieendowment.org/features/fincyber-timeline,,,
2022,Ronin cryptocurrency theft,Canada,Banking & Financial Systems,Malware.,Lazarus group State-Sponsored Actors,"On March 23 2022, blockchain project Ronin lost $615 million in ether and USD Coin tokens in the second largest cryptocurrency heist to date. Hackers exploited a feature allowing users to transfer their digital assets from crypto network to another. Ronin is used to power the popular online blockchain game Axie Infinity. The US subsequently attributed the incident to North Korean state-backed hacking collective Lazarus Group and announced new sanctions against an ethereum wallet belonging to the group.",Carnegie Endowment for Peace,✅ Confirm,https://carnegieendowment.org/features/fincyber-timeline,,,
2022,TransUnion SA data breach,South Africa,Banking & Financial Systems,Malware,Unknown,Credit bureau TransUnion SA suffered a cyber attack which saw around three million customer's data stolen by a criminal third party. The attackers demanded a ransom but TransUnion refused to pay.,Carnegie Endowment for Peace,✅ Confirm,https://carnegieendowment.org/features/fincyber-timeline,,,
2022,Moscow Stock Exchange and Sberbank cyber attack,Russia,Banking & Financial Systems,Distruption,Ukraine State-sponsored Actors,"On February 28, 2022, the Moscow Stock Exchange and Sberbank, Russia’s largest lender, were hit by DDoS attacks that took their websites offline. The incidents were claimed by the Ukrainian IT Army, a crowdsourced community of hackers created by the Ukrainian government.",Carnegie Endowment for Peace,✅ Confirm,https://carnegieendowment.org/features/fincyber-timeline,,,
2022,Aon ransomware attack,USA,Banking & Financial Systems,Ransomware,Unknown,"On February 25, 2022, global insurance and reinsurance broker, Aon was hit by a ransomware attack, causing limited disruption to a number of their services. The attack reportedly left no significant impact on the company, and Aon has not disclosed further details about the incident.",Carnegie Endowment for Peace,✅ Confirm,https://carnegieendowment.org/features/fincyber-timeline,,,
2022,Ukrainian government and banking sector DDoS,Ukraine,Banking & Financial Systems,DDoS,State-Sponsored Actors,"On February 15, 2022, the web portal of Ukraine’s defence ministry and the banking and terminal services at several large state-owned lenders were downed in the largest DDoS attacks to hit the country to date. The Ukrainian government publicly attributed the incident to Moscow. The Kremlin has denied involvement for the operation, which hit Ukraine at a time when the country is bracing itself for a possible invasion from Russian forces.",Carnegie Endowment for Peace,✅ Confirm,https://carnegieendowment.org/features/fincyber-timeline,,,
2022,IRA Financial Trust cryptocurrency theft,US,Banking & Financial Systems,Theft,Unknown,"On February 8, 2022, IRA Financial Trust, which offers self-directed retirement accounts, lost $36 million in cryptocurrency when unknown threat actors drained $21 million in Bitcoin and $15 million in Ethereum from the accounts of IRA customers. IRA Financial allows its customers to purchase cryptocurrency through a partnership with the cryptocurrency exchange Gemini Trust Co.",Carnegie Endowment for Peace,✅ Confirm,https://carnegieendowment.org/features/fincyber-timeline,,,
2022,Medusa malware phishing attacks,Multiple Location,Banking & Financial Systems,Malware,Unknown,"On February 4, 2022, researchers reported that the Medusa Android banking Trojan has increased infection rates and the scope of geographic regions targeted. The malware aims to steal online credentials to go on and perform financial fraud. Medusa has begun targeting victims in North America and Europe, using the same distribution service as FluBot malware to carry out their smishing campaigns.",Carnegie Endowment for International Peace,✅ Confirm,https://carnegieendowment.org/features/fincyber-timeline,,,
2022,OCBC phishing scam,Multiple Location,Banking & Financial Systems,Phishing,Unknown,"On December 23, 2021, around 790 banking customers of Singporean bank OCBC were targeted in a phishing scam resulting in a loss of at least $13.7 million. Once victims clicked on the link provided and typed in their credentials, attackers were able to gain access to victim’s bank accounts and drain it of its entire funds.",Carnegie Endowment for International Peace,✅ Confirm,https://carnegieendowment.org/features/fincyber-timeline,,,
2022,Cash App Breach,USA,Banking & Financial Systems,Insider breach,Former employee,Financial data leak due to insider threat,,✅ Confirm,https://www.sec.gov,,,
2022,Coinbase SMS Phishing Campaign,Global,Banking & Financial Systems,Phishing,Unknown (widespread campaign),Thousands of users targeted; credentials stolen via fake security alerts.,Coinbase blog,✅ Confirm,https://www.acronis.com/en/tru/posts/phishing-campaign-claims-6000-coinbase-users-as-victims/,,,
2022,Binance Smart Chain Exploit,Global,Banking & Financial Systems,Blockchain Exploit,Unknown (vulnerability exploit),~$570M stolen from BSC cross-chain bridge.,Blockchain analysis,✅ Confirm,https://www.binance.com/en/square/post/18912527332874,,,
2022,Block (Square),USA,Banking & Financial Systems,Insider,Unknown,8.2M trading records accessed.,,✅ Confirm,https://www.upguard.com/blog/biggest-data-breaches-financial-services,,,
2022,CashMama Leak,India,Banking & Financial Systems,Misconfig,Unknown,Personal data exposed.,,✅ Confirm,https://carnegieendowment.org/features/fincyber-timeline,,,
2022,Fakecalls Trojan,S. Korea,Banking & Financial Systems,Malware,Unknown,Banking info theft.,,✅ Confirm,https://carnegieendowment.org/features/fincyber-timeline,,,
2022,Costa Rica Attack,Costa Rica,Banking & Financial Systems,Ransomware,Unknown,National tax system crippled.,,✅ Confirm,https://en.wikipedia.org/wiki/List_of_cyberattacks,,,
2022,Ronin Network Theft,Canada/Global,Banking & Financial Systems,Smart Contract Exploit,Lazarus Group,$615M crypto stolen carnegieendowment+1,,✅ Confirm,https://carnegieendowment.org/features/fincyber-timeline,,,
2022,Wormhole Bridge Hack,Switzerland,Banking & Financial Systems,Smart Contract,Unknown,$322M Ether stolen carnegieendowment+1,,✅ Confirm,https://carnegieendowment.org/features/fincyber-timeline,,,
2023,MOVEit Transfer Breach (Clop Ransomware),Germany,Banking & Financial Systems,Ransomware,Clop ransomware group,"A zero-day vulnerability in the MOVEit file transfer software affected dozens of financial institutions globally, including Deutsche Bank, Postbank, and Commerzbank, leading to the exposure of millions of customer records via third-party vendors.",SentinelOne,✅ Confirm,https://www.sentinelone.com/cybersecurity-101/cybersecurity/ransomware-examples/,,,
2023,ICBC Financial Services Ransomware,USA / China-linked financial institution,Banking & Financial Systems,Ransomware disrupting broker-dealer systems and trade settlement,"LockBit was widely suspected publicly, but not confirmed by ICBC in the cited reporting","Reuters reported that ICBC’s U.S. arm was hit by ransomware that disrupted some systems and disrupted trades in the U.S. Treasury market, affecting settlement activity before the firm cleared the backlog.",Reuters,✅ Confirm,https://www.reuters.com/world/china/chinas-largest-bank-icbc-hit-by-ransomware-software-ft-2023-11-09/,,,
2023,ION Group Attack,UK,Banking & Financial Systems,Ransomware,LockBit,Trading systems disrupted globally,,✅ Confirm,https://www.reuters.com/technology/ion-starts-bring-clients-back-online-after-ransomware-attack-source-2023-02-07/,,,
2023,ICBC Ransomware Attack,USA (ICBC arm),Banking & Financial Systems,Ransomware,LockBit,Disrupted US Treasury market trades; traders resorted to USB stick data delivery.,,✅ Confirm,https://www.reuters.com/world/china/chinas-largest-bank-icbc-hit-by-ransomware-software-ft-2023-11-09/,,,
2023,First Bank of Nigeria Insider Fraud,Nigeria,Banking & Financial Systems,Insider Fraud,Insider-led criminal ring,40B was stolen by creating proxy accounts and routing funds through shadow beneficiaries.,EFCC Nigeria,✅ Confirm,https://www.facebook.com/chukwudi.iwuchukwu/posts/a-first-bank-staff-tijani-muiz-adeyinka-worked-on-the-electronic-products-teamhi/27242451748690257/,,,
2023,Interswitch Chargeback Fraud,Nigeria,Banking & Financial Systems,Chargeback Fraud,Unknown,30B losses through fraudulent chargebacks; revealed dispute resolution weaknesses.,Industry reports,✅ Confirm,"https://techcabal.com/2023/11/02/interswitch-loses-n30bn-fraud/#:~:text=By,with%20knowledge%20of%20the%20matter",,,
2023,Mr. Cooper Data Breach,USA,Banking & Financial Systems,Unauthorized Access,Unknown,14.7M customers' personal data exposed.,,✅ Confirm,https://secureframe.com/blog/recent-cyber-attacks,,,
2023,NCB Management,USA,Banking & Financial Systems,SQL Injection,Unknown,4.2M records compromised.,,✅ Confirm,https://www.upguard.com/blog/biggest-data-breaches-financial-services,,,
2023,MOVEit (Multiple),Global,Banking & Financial Systems,Zero-Day/SQLi,Unknown,67M individuals impacted.,,✅ Confirm,https://www.cm-alliance.com/cybersecurity-blog/tailoring-cyber-tabletop-exercises-for-banking-finance-institutions,,,
2023,ION Cleared Derivatives,Global,Banking & Financial Systems,Ransomware,LockBit,Trading halted for banks/hedge funds qbe,,✅ Confirm,https://www.qbe.com/sg/newsroom/risk-insights-and-expertise/cyber-threats-to-the-financial-services-industry,,,
2023,Fidelity National Financial,USA,Banking & Financial Systems,Ransomware,ALPHV/BlackCat,1.3M records; disruption,,✅ Confirm,https://en.wikipedia.org/wiki/List_of_data_breaches,,,
2024,PiggyVest Wallet Attack,Nigeria,Banking & Financial Systems,Credential Stuffing,Unknown,$2.1 million lost by users of the digital savings platform. Attackers used stolen credentials from other breaches to access accounts.,The Guardian,✅ Confirm,https://guardian.ng/opinion/inside-nigerias-growing-bank-app-fraud-crisis/,,,
2024,Evolve Bank & Trust / Fintech Supply Chain,USA,Banking & Financial Systems,Ransomware,LockBit Ransomware Group.,"In June 2024, the LockBit ransomware group successfully breached Evolve Bank & Trust, a key ""banking-as-a-service"" provider. This attack was particularly significant because it didn't just affect the bank's direct customers; it compromised the data of numerous high-profile fintech partners like Affirm, Wise, and Bilt.",CyberManagement Alliance,✅ Confirm,"https://www.cm-alliance.com/cybersecurity-blog/understanding-the-evolve-bank-cyber-attack-a-timeline#:~:text=About%20the%20Evolve%20Bank%20Cyber,of%20approximately%207.6%20million%20individuals",,,
2024,Santander and Prudential Financial,USA,Banking & Financial Systems,Data breach,Unknown,"In mid-2024, Santander Bank reported a breach of a third-party database affecting 30 million customers. Around the same time, Prudential Financial disclosed a breach that impacted tens of thousands of employee and contractor records.",Programs,✅ Confirm,"https://programs.com/resources/cybersecurity-finance-industry/#:~:text=For%20example%2C%20in%20a%202024,than%2030M%20customers%20was%20compromised",,,
2024,C-Edge Technologies Banking Outage,India,Banking & Financial Systems,Ransomware affecting banking technology provider,Not publicly identified,Reuters reported that a ransomware attack on C-Edge forced payment systems across nearly 300 small Indian banks offline temporarily after NPCI isolated the provider from the retail payments system.,Reuters; NPCI advisory quoted by Reuters,✅ Confirm,https://www.reuters.com/technology/cybersecurity/ransomware-attack-forces-hundreds-small-indian-banks-offline-sources-say-2024-07-31/,,,
2024,Fidelity Data Breach,USA,Banking & Financial Systems,Data breach,Unknown,Customer identity verification weaknesses exposed,,✅ Confirm,https://finance.yahoo.com/sectors/technology/articles/fidelity-pay-1-25m-over-164217820.html,,,
2024,Patelco Credit Union Attack,USA,Banking & Financial Systems,Ransomware,Unknown,Banking operations disrupted,,✅ Confirm,https://www.patelco.org/securityupdate,,,
2024,Central Bank of Uganda Breach,Uganda,Banking & Financial Systems,Unauthorized Access,Unknown,$16.8M stolen from central bank accounts.,,,https://www.diplomacy.edu/updates/asian-hackers-allegedly-steal-16-8m-from-ugandas-central-bank/,"https://www.diplomacy.edu/updates/asian-hackers-allegedly-steal-16-8m-from-ugandas-central-bank/#:~:text=Asian%20hackers%20allegedly%20steal%20$16.8,22%20Oct%202024Online",,
2024,Evolve Bank & Trust Data Breach,USA,Banking & Financial Systems,Ransomware / Data Theft,LockBit,Personal data of 7.6M individuals stolen; LockBit claimed responsibility.,,✅ Confirm,https://www.infosecurity-magazine.com/news/cyber-attack-evolve-bank-exposed/,"https://www.infosecurity-magazine.com/news/cyber-attack-evolve-bank-exposed/#:~:text=Alessandro%20Mascellino,as%20Evolve%20continues%20its%20investigation",,
2024,Fidelity Investments Data Breach,USA,Banking & Financial Systems,Third-Party Vendor,Unknown,"77,000 customers' personal data exposed via third-party service provider.",,✅ Confirm,https://topclassactions.com/lawsuit-settlements/lawsuit-news/fidelity-data-breach-confirmed-impacting-77k-customers/,"https://topclassactions.com/lawsuit-settlements/lawsuit-news/fidelity-data-breach-confirmed-impacting-77k-customers/#:~:text=Fidelity%20data%20breach%20overview:&text=Fidelity%20customers%20nationwide.-,Fidelity%20Investments%20confirmed%20it%20suffered%20a%20data%20breach%20in%20August,help%20of%20external%20security%20experts.&text=Fidelity%20says%20in%20its%20sample%20letter%20to%20consumers",,
2024,Prudential Financial Breach,USA,Banking & Financial Systems,Insider / Credential Theft,Unknown,2.5M+ individuals affected; financial and personal information compromised.,,,https://www.classaction.org/data-breach-lawsuits/prudential-insurance-company-of-america-march-2024,"https://www.classaction.org/data-breach-lawsuits/prudential-insurance-company-of-america-march-2024#:~:text=July%2015%2C%202025%20%2D%20$4.75M,want%20to%20hear%20from%20you",,
2024,Kadokawa/Niconico,Japan,Banking & Financial Systems,Ransomware,Unknown,Payment services disrupted.,,✅ Confirm,https://en.wikipedia.org/wiki/List_of_cyberattacks,,,
2024,BofA Vendor Breach,USA,Banking & Financial Systems,Supply Chain,Unknown,"57,000 customer data exposed.",,✅ Confirm,https://youtube.com,,,
2024,Kadokawa Leak,Japan,Banking & Financial Systems,Ransomware,Unknown,Extended payment disruption.,,✅ Confirm,https://en.wikipedia.org/wiki/List_of_cyberattacks,,,
2024,Change Healthcare (financial arm),USA,Banking & Financial Systems,Ransomware,BlackCat,100M records; payments disrupted,,✅ Confirm,https://en.wikipedia.org/wiki/List_of_data_breaches,,,
2024,National Public Data,USA,Banking & Financial Systems,Data Breach,Unknown,2.9B PII records including SSNs,,✅ Confirm,https://en.wikipedia.org/wiki/List_of_data_breaches,,,
2025,UBS and Pictet (Chain IQ Breach),USA,Banking & Financial Systems,Data breach,Unknown,"Swiss banking giants suffered data exposure when Chain IQ, a third-party procurement provider, was breached. This highlighted the ""fourth-party"" risk—where banks are hit because their vendor's vendor is compromised",Programs: Infosecurity Magazine,✅ Confirm,"https://programs.com/resources/cybersecurity-finance-industry/#:~:text=For%20example%2C%20in%20a%202024,than%2030M%20customers%20was%20compromised",https://www.infosecurity-magazine.com/news/ubs-employee-data-exposed-third/,,
2025,C&M Software / Brazilian Financial Infrastructure Attack,Brazil,Banking & Financial Systems,Cyberattack on financial connectivity provider affecting reserve accounts,Not publicly identified,"Brazil’s central bank said C&M Software, which provides connectivity infrastructure to financial institutions, reported a cyberattack. Reuters reported unauthorized access to reserve accounts at several institutions and that the central bank ordered client access shut down before later allowing operations to resume.",Reuters; Brazil central bank statements via Reuters,✅ Confirm,https://www.reuters.com/world/americas/brazilian-tech-services-company-cm-resumes-operations-after-cyberattack-2025-07-03/,https://www.reuters.com/world/americas/brazils-cm-software-hit-by-cyberattack-central-bank-says-2025-07-02/,,
2025,Bank Sepah Attack,Iran,Banking & Financial Systems,Malware,Predatory Sparrow,"In March 2025, hacktivists targeted Bank Sepah, a state-owned Iranian bank, causing a significant disruption in services. The attack went beyond just stealing cash; it was a disruptive cyber warfare tactic that included shutting down ATMs, online banking services, and website functionality. Customers were completely blocked from accessing their money, and branches were forced to close.",Kratikal Blogs: Information Hub For Cyber Security Experts.,✅ Confirm,https://kratikal.com/blog/top-10-cyberattacks-of-2025/#Cyberattack_Cripples_Bank_Sepah_Irans_Banking_Giant_Goes_Dark,,,
2025,The 2025 Jackpotting Surge (USA),USA,Banking & Financial Systems,jackpotting attacks/Malware,Unknown,"Attackers often use physical access to the ATM to connect a USB device containing malware (like the Ploutus family) or by replacing the hard drive with a ""weaponized"" one. The malware exploits the eXtensions for Financial Services (XFS) layer—software that allows ATM components (keypad, dispenser) to communicate—forcing it to dispense cash without a debit card or PIN. The machines spit-out cash.","TechCrunch: 'jackpotting'%20attacks%20are%20on%20the%20rise%2C,system%20that%20powers%20many%20ATMs.",✅ Confirm,"https://techcrunch.com/2026/02/19/fbi-says-atm-jackpotting-attacks-are-on-the-rise-and-netting-hackers-millions-in-stolen-cash/#:~:text=Security-,FBI%20says%20ATM%20",,,
2025,Global Banking Phishing Campaign,Global,Banking & Financial Systems,Credential theft,APT groups,MFA bypass and identity verification failure,"'s%20browser%20attacks%20(Man%2Din,content%20while%20bypassing%20spam%20filters.",✅ Confirm,https://www.paubox.com/news/new-ai-driven-phishing-kits-accelerate-credential-theft-worldwide,https://www.paubox.com/news/new-ai-driven-phishing-kits-accelerate-credential-theft-worldwide#:~:text=BlackForce,,
2025,Financial API Attack,Global,Banking & Financial Systems,Supply chain,Unknown,Third-party APIs compromised systems,,✅ Confirm,https://blackcell.io/data-protection-incidents-related-to-the-supply-chain-in-2025/,"https://blackcell.io/data-protection-incidents-related-to-the-supply-chain-in-2025/#:~:text=In%202025%2C%20the%20number%20of,the%20likelihood%20of%20their%20occurrence",,
2025,CIBN & Princeps Credit Systems Breach,Nigeria,Banking & Financial Systems,Ransomware,Killsec,Customer/member data of Chartered Institute of Bankers of Nigeria breached.,Incident reports,✅ Confirm,"https://www.cyfirma.com/research/cyber-threat-assessment-on-nigeria/#:~:text=On%20September%2010%2C%202025%2C%20the,the%20exfiltrated%20data%20remain%20unknown",,,
2025,Opay Phishing & SIM Swap Campaign,Nigeria,Banking & Financial Systems,Phishing / SIM Swap,Unknown,"5,000+ customer accounts compromised; significant customer confidence impact.",,✅ Confirm,https://profiled.ng/blog/how-identity-theft-and-sim-swap-are-ruining-lives-in-nigeria,,,
2025,DPRK Cryptocurrency Heists,Global (Crypto Exchanges),Banking & Financial Systems,Cryptocurrency Theft,Lazarus Group / DPRK,$2B stolen in 2025 alone; total all-time DPRK crypto theft reached $6.75B.,,✅ Confirm,https://www.reddit.com/r/CryptoCurrency/comments/1psnymn/north_korea_drives_2b_crypto_theft_year_pushing/,,,
2025,Bank Sepah Theft,Iran,Banking & Financial Systems,Extortion,Unknown,1M records stolen.,,✅ Confirm,https://www.fortinet.com/resources/cyberglossary/recent-cyber-attacks,,,
2025,Paraguay Attack,Paraguay,Banking & Financial Systems,Ransomware,Unknown,National financial system disruption.,,✅ Confirm,https://en.wikipedia.org/wiki/List_of_cyberattacks,,,
2025,Nevada Ransomware,USA,Banking & Financial Systems,Ransomware,Unknown,Public financial services hit.,,✅ Confirm,https://en.wikipedia.org/wiki/List_of_cyberattacks,,,
2025,Habib Bank Employee Data,Pakistan,Banking & Financial Systems,Data Breach,Unknown,"Employee records, salaries exposed",,✅ Confirm,https://en.wikipedia.org/wiki/List_of_data_breaches,,,
2025,Federal Board of Revenue,Pakistan,Banking & Financial Systems,Data Breach,Unknown,150GB tax/PII data leaked,,✅ Confirm,https://en.wikipedia.org/wiki/List_of_data_breaches,,,
2026,France National Bank Account Registry Attack,France,Banking & Financial Systems,malicious JavaScript,Lazarus group State-Sponsored Actors,"The French Ministry of Economy disclosed that a hacker used stolen credentials to access the national registry, exposing data (IBANs, addresses, and tax IDs) for 1.2 million accounts.","CSIS: 's%20Ministry%20of,to%20approximately%201.2%20million%20accounts.",✅ Confirm,https://www.csis.org/programs/strategic-technologies-program/significant-cyber-incidents#:~:text=February%202026%3A%20France,,,
2026,"BTG Pactual (2026, Brazil) Attack",Brazil,Banking & Financial Systems,Intrusion,Unknown,"Continuing the trend of targeting settlement systems, BTG Pactual, Brazil's largest investment bank, was hit in March 2026. Hackers diverted approximately $18 million from the bank's reserves held at the Central Bank. The attack exploited the settlement layer of the PIX system rather than individual accounts, leading to a temporary suspension of PIX services for the bank.",BTG Pactual suspends Pix following USD 18 million hacking attack,✅ Confirm,https://thepaypers-nuxt-prod-63935790743.europe-west4.run.app/fraud-and-fincrime/news/btg-pactual-suspends-pix-following-usd-18-million-hacking-attack,,,
2026,"Justice for Bangladesh (2026, Philippines):",Bangladesh,Banking & Financial Systems,Unknown,Philrem officer,"In a landmark conviction, a compliance officer at a Philippine remittance firm, Philrem, was found guilty for failing to maintain transaction records related to the $81 million stolen from the Bangladesh Bank. This is the first conviction in the Philippines related to the heist under the Anti-Money Laundering Act, demonstrating the long-term legal pursuit of those who help launder digital loot.",malaya Business Insight,✅ Confirm,https://malaya.com.ph/news/national-news/doj-philrem-officer-convicted-over-81m-bangladesh-bank-cyber-heist-records/,,,
2026,The Third-Party Breach of Citizens & Frost Bank,USA,Banking & Financial Systems,Unknown,Everest Ransomware,"On April 20, 2026, the Everest ransomware gang listed Citizens Financial Group and Frost Bank on its dark web leak site, claiming to have stolen massive amounts of customer data from them. Both banks confirmed the breach did not occur on their own systems. Instead, the hackers gained access through separate third-party vendors: a statement printing provider for Citizens Bank, and a tax document fulfillment firm for Frost Bank. Hackers claimed to have 3.4 million customer records, including names, addresses, and account numbers.",ComplianceHub.Wiki,✅ Confirm,https://compliancehub.wiki/citizens-frost-bank-everest-ransomware-glba-vendor-risk/,,,
2026,AI-driven Banking Fraud,Global,Banking & Financial Systems,AI phishing,Multiple,Deepfake fraud bypassed identity verification,,✅ Confirm,https://sumsub.com/blog/fraud-trends/,,,
2026,Real-time Payment Attacks,Global,Banking & Financial Systems,Fraud/APT,Unknown,Instant payment systems exploited,,,https://www.tietoevry.com/en/blog/2026/04/five-payment-fraud-trends-to-monitor/,"https://www.tietoevry.com/en/blog/2026/04/five-payment-fraud-trends-to-monitor/#:~:text=Services,Lise%20Eng%C3%B8%20/%20April%2010%2C%202026",,
2026,BTG Pactual PIX Heist,Brazil,Banking & Financial Systems,Payment System Exploit,Unknown,~$18M stolen from Central Bank reserves via manipulation of instant payment system settlement layer.,,✅ Confirm,https://thepaypers.com/fraud-and-fincrime/news/btg-pactual-suspends-pix-following-usd-18-million-hacking-attack,,,
2026,Citizens Bank Vendor Breach,USA,Banking & Financial Systems,Third-Party Vendor (Statement Printing),Everest Ransomware Gang,"3.4M customer records (names, addresses, account numbers) stolen from printing vendor.",,✅ Confirm,https://podcasts.apple.com/us/podcast/security-squawk-the-business-of-cybersecurity/id1544342775,,,
2026,Frost Bank Vendor Breach,USA,Banking & Financial Systems,Third-Party Vendor (Tax Fulfillment),Everest Ransomware Gang,"250K records with SSNs, tax IDs, mortgage/investment data stolen from tax document firm.",Bank disclosures,✅ Confirm,https://finance.yahoo.com/sectors/technology/articles/frost-bank-hit-class-action-193000972.html,,,
2026,France National Bank,France,Banking & Financial Systems,Credential Theft,Unknown,1.2M accounts exposed.,,✅ Confirm,https://www.csis.org/programs/strategic-technologies-program/significant-cyber-incidents,,,
2026,Crunchbase Leak,USA,Banking & Financial Systems,Ransomware,Unknown,2M records leaked.,,✅ Confirm,https://www.csis.org/programs/strategic-technologies-program/significant-cyber-incidents,,,
2026,Singtel (UNC3886),Singapore,Banking & Financial Systems,Zero-Day,Unknown,Espionage on finance hubs.,,✅ Confirm,https://www.csis.org/programs/strategic-technologies-program/significant-cyber-incidents,,,
2026,Odido Telecom/Financial Services,Netherlands,Banking & Financial Systems,Data Breach,Unknown,6.5M records incl. IBAN/DOB,,✅ Confirm,https://en.wikipedia.org/wiki/List_of_data_breaches,,,
2026,ADT Security Financial Data,USA,Banking & Financial Systems,Data Breach,Unknown,10M+ PII/internal data,,✅ Confirm,https://en.wikipedia.org/wiki/List_of_data_breaches,,,
